ID_LISTKU,ZDROJOVY_SOUBOR,TURNE,DATUM,INFO_TEXT,CONTRIBUTOR_TEXT,SOUBOR_SKEN,CENA,MENA,SEKTOR_RADA_SEDADLO,SUPPORTING_ACT,SETLIST,POCET_SKLADEB,SETLIST_URL,SOUBOR_SKEN_1,KATEGORIE
TICKET_0001,konzert-joe-jackson-2010.html,Tour 2010,1st October 2010,"1st October 2010 - Groningen, Netherlands - De Oosterpoort, Grote Zaal","Bert Bos, Netherlands",kk-joe-jackson-2010-10-01.jpg,35.00,EUR,není k dispozici,není k dispozici,"It's Different for Girls, Tomorrow's World, Citizen Sane, Stranger Than Fiction, Fools in Love, Still Alive, King Pleasure Time, Sunday Papers, Real Men, Girl, The Best I Can Do, A Place in the Rain, Scary Monsters (and Super Creeps), Take It Like a Man, Got the Time, Oh Well, Is She Really Going Out With Him?, Steppin' Out, Home Town",19,https://www.setlist.fm/setlist/joe-jackson/2010/de-oosterpoort-groningen-netherlands-63dd6a2f.html,kk-joe-jackson-2010-10-01.jpg,tickets
TICKET_0002,konzert-joe-jackson-2010.html,Tour 2010,1st October 2010,"1st October 2010 - Groningen, Netherlands - De Oosterpoort, Grote Zaal Computer Ticket","Steve Whitbread, U.K.",kk-joe-jackson-2010-10-01-computer.jpg,8.30,EUR,není k dispozici,JEFFREY GAINES,"It's Different for Girls, Tomorrow's World, Citizen Sane, Stranger Than Fiction, Fools in Love, Still Alive, King Pleasure Time, Sunday Papers, Real Men, Girl, The Best I Can Do, A Place in the Rain, Scary Monsters (and Super Creeps), Take It Like a Man, Got the Time, Oh Well, Is She Really Going Out With Him?, Steppin' Out, Home Town",19,https://www.setlist.fm/setlist/joe-jackson/2010/de-oosterpoort-groningen-netherlands-63dd6a2f.html,kk-joe-jackson-2010-10-01-computer.jpg,tickets
TICKET_0003,konzert-joe-jackson-2010.html,Tour 2010,3rd October 2010,"3rd October 2010 - Eindhoven, Netherlands - Airport Zaal","Johan Manders, Netherlands",kk-joe-jackson-2010-10-03.jpg,35,EUR,není k dispozici,není k dispozici,"It's Different for Girls, Tomorrow's World, Too Tough, Fools in Love, The Uptown Train, Chinatown, Another World, Obvious Song, Eleanor Rigby, Be My Number Two, Invisible Man, Dirty Martini, Oh Well, Good Bad Boy, Is She Really Going Out With Him?, Got the Time, Don't Get Around Much Anymore, Steppin' Out, Home Town",19,https://www.setlist.fm/setlist/joe-jackson/2010/grote-zaal-eindhoven-netherlands-7bdcaee0.html,kk-joe-jackson-2010-10-03.jpg,tickets
TICKET_0004,konzert-joe-jackson-2010.html,Tour 2010,3rd October 2010,"3rd October 2010 - Eindhoven, Netherlands - Airport Zaal","Johan Manders, Netherlands",kk-joe-jackson-2010-10-03-one-more-time.jpg,35,EUR,není k dispozici,není k dispozici,"It's Different for Girls, Tomorrow's World, Too Tough, Fools in Love, The Uptown Train, Chinatown, Another World, Obvious Song, Eleanor Rigby, Be My Number Two, Invisible Man, Dirty Martini, Oh Well, Good Bad Boy, Is She Really Going Out With Him?, Got the Time, Don't Get Around Much Anymore, Steppin' Out, Home Town",19,https://www.setlist.fm/setlist/joe-jackson/2010/grote-zaal-eindhoven-netherlands-7bdcaee0.html,kk-joe-jackson-2010-10-03-one-more-time.jpg,tickets
TICKET_0005,konzert-joe-jackson-2010.html,Tour 2010,3rd October 2010,"3rd October 2010 - Eindhoven, Netherlands - Airport Zaal Computer Ticket","Steve Whitbread, U.K.",kk-joe-jackson-2010-10-03-computer.jpg,35,EUR,není k dispozici,JEFFREY GAINES,"It's Different for Girls, Tomorrow's World, Too Tough, Fools in Love, The Uptown Train, Chinatown, Another World, Obvious Song, Eleanor Rigby, Be My Number Two, Invisible Man, Dirty Martini, Oh Well, Good Bad Boy, Is She Really Going Out With Him?, Got the Time, Don't Get Around Much Anymore, Steppin' Out, Home Town",19,https://www.setlist.fm/setlist/joe-jackson/2010/grote-zaal-eindhoven-netherlands-7bdcaee0.html,kk-joe-jackson-2010-10-03-computer.jpg,tickets
TICKET_0006,konzert-joe-jackson-2010.html,Tour 2010,4th October 2010,"4th October 2010 - Rotterdam, Netherlands - De Doelen","brievb, Netherlands",kk-joe-jackson-2010-10-04-original.jpg,0.00,EUR,16 / 9,JEFFREY GAINES,"It's Different for Girls, Tomorrow's World, Too Tough, Citizen Sane, Still Alive, Chinatown, The Uptown Train, Awkward Age, Sunday Papers, Life on Mars?, Real Men, Anyone Who Had a Heart, Stranger Than Fiction, King Pleasure Time, Is She Really Going Out With Him?, Got the Time, Another World, Steppin' Out, Home Town",19,https://www.setlist.fm/setlist/joe-jackson/2010/de-doelen-rotterdam-netherlands-63dd6a2b.html,kk-joe-jackson-2010-10-04-original.jpg,tickets
TICKET_0007,konzert-joe-jackson-2010.html,Tour 2010,4th October 2010,"4th October 2010 - Rotterdam, Netherlands - De Doelen","Steve Whitbread, U.K.",kk-joe-jackson-2010-10-04-computer.jpg,není k dispozici,není k dispozici,není k dispozici,JEFFREY GAINES,"It's Different for Girls, Tomorrow's World, Too Tough, Citizen Sane, Still Alive, Chinatown, The Uptown Train, Awkward Age, Sunday Papers, Life on Mars?, Real Men, Anyone Who Had a Heart, Stranger Than Fiction, King Pleasure Time, Is She Really Going Out With Him?, Got the Time, Another World, Steppin' Out, Home Town",19,https://www.setlist.fm/setlist/joe-jackson/2010/de-doelen-rotterdam-netherlands-63dd6a2b.html,kk-joe-jackson-2010-10-04-computer.jpg,tickets
TICKET_0008,konzert-joe-jackson-2010.html,Tour 2010,4th October 2010,"4th October 2010 - Rotterdam, Netherlands - De Doelen","Marielle de Bruijn, Netherlands",kk-joe-jackson-2010-10-04.jpg,20.15,není k dispozici,není k dispozici,JEFFREY GAINES,"It's Different for Girls, Tomorrow's World, Too Tough, Citizen Sane, Still Alive, Chinatown, The Uptown Train, Awkward Age, Sunday Papers, Life on Mars?, Real Men, Anyone Who Had a Heart, Stranger Than Fiction, King Pleasure Time, Is She Really Going Out With Him?, Got the Time, Another World, Steppin' Out, Home Town",19,https://www.setlist.fm/setlist/joe-jackson/2010/de-doelen-rotterdam-netherlands-63dd6a2b.html,kk-joe-jackson-2010-10-04.jpg,tickets
TICKET_0009,konzert-joe-jackson-2010.html,Tour 2010,6th October 2010,"6th October 2010 - Cleon, France - La Traverse","Gert Schaumlöffel, Germany",kk-joe-jackson-2010-10-06.jpg,35,EUR,není k dispozici,není k dispozici,"It's Different for Girls, Tomorrow's World, Too Tough, Fools in Love, The Uptown Train, Chinatown, Scary Monsters (and Super Creeps), Sunday Papers, Be My Number Two, The Best I Can Do, Rush Across the Road, Inbetweenies, Good Bad Boy, Is She Really Going Out With Him?, You Can't Get What You Want (Till You Know What You Want), One More Time, Another World, Steppin' Out, A Slow Song",19,https://www.setlist.fm/setlist/joe-jackson/2010/la-traverse-cleon-france-438efb9f.html,kk-joe-jackson-2010-10-06.jpg,tickets
TICKET_0010_a,konzert-joe-jackson-2010.html,Tour 2010,8th October 2010,"8th October 2010 - Paris, France - La Cigale - Gert Schaumlöffel, Germany","Olivier Popincourt, France",kk-joe-jackson-2010-10-08.jpg,45.50,EUR,není k dispozici,není k dispozici,"It's Different for Girls, Tomorrow's World, Too Tough, Fools in Love, Chinatown, Another World, King Pleasure Time, Sunday Papers, For No One, Be My Number Two, The Best I Can Do, Invisible Man, Take It Like a Man, Is She Really Going Out With Him?, Got the Time, Music to Watch Girls By, Steppin' Out, Home Town",18,https://www.setlist.fm/setlist/joe-jackson/2010/la-cigale-paris-france-5b8efb90.html,kk-joe-jackson-2010-10-08.jpg,tickets
TICKET_0010_b,konzert-joe-jackson-2010.html,Tour 2010,8th October 2010,"8th October 2010 - Paris, France - La Cigale - Gert Schaumlöffel, Germany","Olivier Popincourt, France",kk-joe-jackson-2010-10-08-op.jpg,45.50,EUR,není k dispozici,není k dispozici,"It's Different for Girls, Tomorrow's World, Too Tough, Fools in Love, Chinatown, Another World, King Pleasure Time, Sunday Papers, For No One, Be My Number Two, The Best I Can Do, Invisible Man, Take It Like a Man, Is She Really Going Out With Him?, Got the Time, Music to Watch Girls By, Steppin' Out, Home Town",18,https://www.setlist.fm/setlist/joe-jackson/2010/la-cigale-paris-france-5b8efb90.html,kk-joe-jackson-2010-10-08-op.jpg,tickets
TICKET_0011,konzert-joe-jackson-2010.html,Tour 2010,10th October 2010,"10th October 2010, Brussels, Belgium - Ancienne Belgique","Els Pannecoucque, Belgium",kk-joe-jackson-2010-10-10.jpg,20.00,není k dispozici,není k dispozici,není k dispozici,"It's Different for Girls, Tomorrow's World, Citizen Sane, Fools in Love, The Uptown Train, Obvious Song, Chinatown, Sunday Papers, You Can't Be Too Strong, Real Men, Can We Still Be Friends, Goin' Downtown, Another World, Good Bad Boy, Is She Really Going Out With Him?, Got the Time, Music to Watch Girls By, Steppin' Out, Home Town",19,https://www.setlist.fm/setlist/joe-jackson/2010/ancienne-belgique-brussels-belgium-7bdd6a2c.html,kk-joe-jackson-2010-10-10.jpg,tickets
TICKET_0012,konzert-joe-jackson-2010.html,Tour 2010,22nd October 2010,"22nd October 2010 - Alençon, France - La Luciole","Fredunzel Joffe, France",kk-joe-jackson-2010-10-22.jpg,26.95,EUR,není k dispozici,není k dispozici,"It's Different for Girls, Tomorrow's World, Citizen Sane, Real Men, Cancer, Dirty Martini, King Pleasure Time, Sunday Papers, Girl, Be My Number Two, I Feel Possessed, Invisible Man, Another World, Take It Like a Man, Got the Time, Is She Really Going Out With Him?, Steppin' Out, A Slow Song",18,https://www.setlist.fm/setlist/joe-jackson/2010/la-luciole-alencon-france-738efa61.html,kk-joe-jackson-2010-10-22.jpg,tickets
TICKET_0013,konzert-joe-jackson-2010.html,Tour 2010,25th October 2010,"25th October 2010 - Terville, France - Le 112","Gert Schaumlöffel, Germany",kk-joe-jackson-2010-10-25.jpg,31.70,EUR,není k dispozici,není k dispozici,"It's Different for Girls, Tomorrow's World, Too Tough, Fools in Love, Citizen Sane, Knowing Me, Knowing You, Cancer, Chinatown, Sunday Papers, Real Men, The Uptown Train, Another World, Good Bad Boy, Is She Really Going Out With Him?, Got the Time, Music to Watch Girls By, Steppin' Out, A Slow Song",18,https://www.setlist.fm/setlist/joe-jackson/2010/le-112-terville-france-13fcf9cd.html,kk-joe-jackson-2010-10-25.jpg,tickets
TICKET_0014,konzert-joe-jackson-2010.html,Tour 2010,30th October 2010,"30th October 2010 - Maastricht, Netherlands - MECC Jazz Maastricht","Gert Schaumlöffel, Germany",kk-joe-jackson-2010-10-30.jpg,18.00,není k dispozici,není k dispozici,není k dispozici,"It's Different for Girls, Tomorrow's World, Citizen Sane, Fools in Love, Invisible Man, Chinatown, Another World, Sunday Papers, Girl, Be My Number Two, Too Tough, The Uptown Train, Good Bad Boy, Is She Really Going Out With Him?, Got the Time, Steppin' Out, A Slow Song",17,https://www.setlist.fm/setlist/joe-jackson/2010/mecc-maastricht-netherlands-738efa45.html,kk-joe-jackson-2010-10-30.jpg,tickets
TICKET_0015,konzert-joe-jackson-2010.html,Tour 2010,31th October 2010,"31th October 2010 - Basel, Switzerland  - Messe Basel, Festsaal","Andreas Wostrack, Germany",kk-joe-jackson-2010-10-31.jpg,110.00,CHF,Platz: 114,není k dispozici,"It's Different for Girls, Tomorrow's World, Too Tough, Fools in Love, The Uptown Train, Chinatown, Sunday Papers, Girl, Be My Number Two, Invisible Man, Another World, Good Bad Boy, Is She Really Going Out With Him?, Got the Time, Music to Watch Girls By, Steppin' Out, A Slow Song",17,https://www.setlist.fm/setlist/joe-jackson/2010/festsaal-messe-basel-switzerland-73f44e19.html,kk-joe-jackson-2010-10-31.jpg,tickets
TICKET_0016,konzert-joe-jackson-2010.html,Tour 2010,2nd November 2010,"2nd November 2010 - Mainz, Germany - Phönix-Halle","Barnie Rupprecht, Germany",kk-joe-jackson-2010-11-02.jpg,36.88,EUR,Reihe: Platz,není k dispozici,"It's Different for Girls, Too Tough, Citizen Sane, Not Here, Not Now, Fools in Love, Invisible Man, Chinatown, Another World, Sunday Papers, Girl, The Best I Can Do, Tomorrow's World, The Uptown Train, Scary Monsters (and Super Creeps), Is She Really Going Out With Him?, Got the Time, Oh Well, Steppin' Out, A Slow Song",19,https://www.setlist.fm/setlist/joe-jackson/2010/phonix-halle-mainz-germany-63edb207.html,kk-joe-jackson-2010-11-02.jpg,tickets
TICKET_0017,konzert-joe-jackson-2010.html,Tour 2010,3rd November 2010,"3rd November 2010 - Amsterdam, Netherlands - Paradiso, Grote Zaal","Yvonne Bot, Netherlands",kk-joe-jackson-2010-11-03.jpg,19.80,není k dispozici,není k dispozici,není k dispozici,"It's Different for Girls, Too Tough, Citizen Sane, Fools in Love, Goin' Downtown, Chinatown, King Pleasure Time, Sunday Papers, Real Men, The Best I Can Do, Tomorrow's World, Inbetweenies, Good Bad Boy, Is She Really Going Out With Him?, Got the Time, Oh Well, Steppin' Out, Home Town",18,https://www.setlist.fm/setlist/joe-jackson/2010/grote-zaal-amsterdam-netherlands-bd5654e.html,kk-joe-jackson-2010-11-03.jpg,tickets
TICKET_0018,konzert-joe-jackson-2010.html,Tour 2010,7th November 2010,"7th November 2010 - Amsterdam, Netherlands - Paradiso, Grote Zaal","Bert Bos, Netherlands",kk-joe-jackson-2010-11-07.jpg,19.30,není k dispozici,není k dispozici,není k dispozici,"It's Different for Girls, Tomorrow's World, Too Tough, Fools in Love, The Uptown Train, Anyone Who Had a Heart, Chinatown, Another World, Sunday Papers, Girl, Be My Number Two, Can We Still Be Friends, Invisible Man, Inbetweenies, Take It Like a Man, Is She Really Going Out With Him?, Got the Time, Music to Watch Girls By, Steppin' Out, Home Town",20,https://www.setlist.fm/setlist/joe-jackson/2010/grote-zaal-amsterdam-netherlands-2bd55c52.html,kk-joe-jackson-2010-11-07.jpg,tickets
TICKET_0019,konzert-joe-jackson-2010.html,Tour 2010,8th November 2010,"8th November 2010 - Köln (Cologne), Germany - Gloria-Theater","Gert Schaumlöffel, Germany",kk-joe-jackson-2010-11-08.jpg,35.75,EUR,není k dispozici,není k dispozici,"It's Different for Girls, Tomorrow's World, Citizen Sane, Fools in Love, Invisible Man, Anyone Who Had a Heart, Cancer, Chinatown, Another World, Sunday Papers, Girl, Real Men, Rush Across the Road, Inbetweenies, Good Bad Boy, Is She Really Going Out With Him?, Got the Time, Oh Well, Steppin' Out, A Slow Song",20,https://www.setlist.fm/setlist/joe-jackson/2010/gloria-theater-cologne-germany-5bcebfcc.html,kk-joe-jackson-2010-11-08.jpg,tickets
TICKET_0020,konzert-joe-jackson-2010.html,Tour 2010,10th November 2010,"10th November 2010 - Hamburg, Germany - Fabrik","Rolf Thalmann, Germany",kk-joe-jackson-2010.jpg,není k dispozici,není k dispozici,není k dispozici,není k dispozici,"It's Different for Girls, Tomorrow's World, Too Tough, Citizen Sane, Fools in Love, The Uptown Train, Chinatown, Another World, Sunday Papers, Girl, Be My Number Two, Rush Across the Road, Inbetweenies, Good Bad Boy, Is She Really Going Out With Him?, Got the Time, Don't Get Around Much Anymore, Steppin' Out, A Slow Song",19,https://www.setlist.fm/setlist/joe-jackson/2010/fabrik-hamburg-germany-53fce395.html,kk-joe-jackson-2010.jpg,tickets
TICKET_0021,konzert-joe-jackson-2010.html,Tour 2010,10th November 2010,"10th November 2010 - Hamburg, Germany - Fabrik","Oliver Bittner, Germany",kk-joe-jackson-2010-11-10-variante.jpg,10.11,není k dispozici,není k dispozici,není k dispozici,"It's Different for Girls, Tomorrow's World, Too Tough, Citizen Sane, Fools in Love, The Uptown Train, Chinatown, Another World, Sunday Papers, Girl, Be My Number Two, Rush Across the Road, Inbetweenies, Good Bad Boy, Is She Really Going Out With Him?, Got the Time, Don't Get Around Much Anymore, Steppin' Out, A Slow Song",19,https://www.setlist.fm/setlist/joe-jackson/2010/fabrik-hamburg-germany-53fce395.html,kk-joe-jackson-2010-11-10-variante.jpg,tickets
TICKET_0022,konzert-joe-jackson-2010.html,Tour 2010,11th November 2010,"11th November 2010 - Berlin, Germany - Fritzclub im Postbahnhof","Gert Schaumlöffel, Germany",kk-joe-jackson-2010-11-11.jpg,35.75,EUR,není k dispozici,není k dispozici,"It's Different for Girls, Tomorrow's World, Too Tough, Fools in Love, Dirty Martini, Anyone Who Had a Heart, The Uptown Train, Chinatown, Another World, Sunday Papers, Girl, The Best I Can Do, Invisible Man, Inbetweenies, Good Bad Boy, Is She Really Going Out With Him?, Got the Time, Music to Watch Girls By, Steppin' Out, Home Town",20,https://www.setlist.fm/setlist/joe-jackson/2010/fritzclub-im-postbahnhof-berlin-germany-73edb229.html,kk-joe-jackson-2010-11-11.jpg,tickets
TICKET_0023,konzert-joe-jackson-2010.html,Tour 2010,14th November 2010,"14th November 2010 - München (= Munich), Germany - Muffathalle","Andreas Wostrack, Germany",kk-joe-jackson-2010-11-14.jpg,35.75,EUR,není k dispozici,není k dispozici,"It's Different for Girls, Tomorrow's World, Too Tough, Citizen Sane, Fools in Love, Still Alive, I Feel Possessed, Chinatown, Another World, Sunday Papers, Girl, Be My Number Two, Invisible Man, Oh Well, Good Bad Boy, Is She Really Going Out With Him?, Got the Time, Music to Watch Girls By, Steppin' Out, A Slow Song",20,https://www.setlist.fm/setlist/joe-jackson/2010/muffathalle-munich-germany-738efa39.html,kk-joe-jackson-2010-11-14.jpg,tickets
TICKET_0024_a,konzert-joe-jackson-2010.html,Tour 2010,2010,2010 - Tourpass,"Gert Schaumlöffel, Germany",kk-joe-jackson-2010-pass.jpg,není k dispozici,není k dispozici,není k dispozici,není k dispozici,není k dispozici,0,není k dispozici,kk-joe-jackson-2010-pass.jpg,passes
TICKET_0024_b,konzert-joe-jackson-2010.html,Tour 2010,11th November 2010,2010 - Tourpass,"Gert Schaumlöffel, Germany",kk-joe-jackson-2010-11-11-pass.jpg,není k dispozici,není k dispozici,není k dispozici,není k dispozici,není k dispozici,0,není k dispozici,kk-joe-jackson-2010-11-11-pass.jpg,passes
TICKET_0025,konzert-joe-jackson-2006.html,JOE JACKSON TRIO Tour,13th June 2006,"13th June 2006 - Glenside, U.S.A. - Keswick Theatre","John Nyman, U.S.A.",kk-joe-jackson-2006-06-13.jpg,339.50,není k dispozici,není k dispozici,není k dispozici,"Home Town, Steppin' Out, It's Different for Girls, Too Tough, Citizen Sane, Another World, On Your Radio, Invisible Man, Goin' Downtown, Take It Like a Man, Love at First Light, Drunk Song, Dirty Martini, You Can't Get What You Want (Till You Know What You Want), One More Time, Sunday Papers, Don't Get Around Much Anymore, Is She Really Going Out With Him?",18,https://www.setlist.fm/setlist/joe-jackson/2006/keswick-theatre-glenside-pa-2b87382a.html,kk-joe-jackson-2006-06-13.jpg,tickets
TICKET_0026,konzert-joe-jackson-2006.html,JOE JACKSON TRIO Tour,15th June 2006,"15th June 2006 - Chicago, IL, U.S.A. Vic Theatre","Erica Eisner Kosova, U.S.A.",kk-joe-jackson-2006-06-15.jpg,45.00,není k dispozici,není k dispozici,není k dispozici,"Home Town, Steppin' Out, It's Different for Girls, Invisible Man, Rush Across the Road, Another World, Citizen Sane, On Your Radio, Cancer, Love at First Light, Drunk Song, Sunglasses in the Rain, Dirty Martini, Take It Like a Man, Dirty Love, You Can't Get What You Want (Till You Know What You Want), One More Time, Don't Get Around Much Anymore, Is She Really Going Out With Him?, A Slow Song",20,https://www.setlist.fm/setlist/joe-jackson/2006/vic-theatre-chicago-il-63f5f673.html,kk-joe-jackson-2006-06-15.jpg,tickets
TICKET_0027,konzert-joe-jackson-2006.html,JOE JACKSON TRIO Tour,28th June 2006,"28th June 2006 - Somerville, U.S.A. - Somerville Theatre","Tom Robinson, U.S.A.",kk-joe-jackson-2006-06-28.jpg,23.26,není k dispozici,není k dispozici,není k dispozici,"Home Town, Steppin' Out, It's Different for Girls",3,https://www.setlist.fm/setlist/joe-jackson/2006/somerville-theatre-somerville-ma-23da18bb.html,kk-joe-jackson-2006-06-28.jpg,tickets
TICKET_0028_a,konzert-joe-jackson-2006.html,JOE JACKSON TRIO Tour,29th June 2006,"29th June 2006 - New York, U.S.A. - Town Hall - Steve Whitbread, U.K.","Gert Schaumlöffel, Germany",kk-joe-jackson-2006-06-29.jpg,není k dispozici,není k dispozici,není k dispozici,není k dispozici,"Home Town, Steppin' Out, It's Different for Girls, Too Tough, Citizen Sane, Another World, Cancer, Sunglasses in the Rain, On Your Radio, Love at First Light, Drunk Song, Invisible Man, Awkward Age, Take It Like a Man, You Can't Get What You Want (Till You Know What You Want), One More Time, Inbetweenies, Is She Really Going Out With Him?, A Slow Song",19,https://www.setlist.fm/setlist/joe-jackson/2006/the-town-hall-new-york-ny-33da9865.html,kk-joe-jackson-2006-06-29.jpg,tickets
TICKET_0028_b,konzert-joe-jackson-2006.html,JOE JACKSON TRIO Tour,29th June 2006,"29th June 2006 - New York, U.S.A. - Town Hall - Steve Whitbread, U.K.","Gert Schaumlöffel, Germany",kk-joe-jackson-2006-06-29-2.jpg,není k dispozici,není k dispozici,není k dispozici,není k dispozici,"Home Town, Steppin' Out, It's Different for Girls, Too Tough, Citizen Sane, Another World, Cancer, Sunglasses in the Rain, On Your Radio, Love at First Light, Drunk Song, Invisible Man, Awkward Age, Take It Like a Man, You Can't Get What You Want (Till You Know What You Want), One More Time, Inbetweenies, Is She Really Going Out With Him?, A Slow Song",19,https://www.setlist.fm/setlist/joe-jackson/2006/the-town-hall-new-york-ny-33da9865.html,kk-joe-jackson-2006-06-29-2.jpg,tickets
TICKET_0029,konzert-joe-jackson-2006.html,JOE JACKSON TRIO Tour,30th June 2006,"30th June 2006 - New York, U.S.A. - Town Hall","John Nyman, U.S.A.",kk-joe-jackson-2006-06-30.jpg,není k dispozici,není k dispozici,není k dispozici,není k dispozici,"Home Town, Steppin' Out, It's Different for Girls, Too Tough, Citizen Sane, Another World, Goin' Downtown, Rush Across the Road, On Your Radio, Real Men, Love at First Light, Invisible Man, Dirty Martini, Take It Like a Man, You Can't Get What You Want (Till You Know What You Want), One More Time, Dirty Love, Is She Really Going Out With Him?, A Slow Song",19,https://www.setlist.fm/setlist/joe-jackson/2006/the-town-hall-new-york-ny-3bce9804.html,kk-joe-jackson-2006-06-30.jpg,tickets
TICKET_0030,konzert-joe-jackson-2006.html,JOE JACKSON TRIO Tour,6th July 2006,"6th July 2006 - London, U.K. - Shepherds Bush Empire","Mike Baggaley, U.K.",kk-joe-jackson-2006-07-06.jpg,22.00,není k dispozici,není k dispozici,není k dispozici,"Home Town, Steppin' Out, It's Different for Girls, Too Tough, Sunglasses in the Rain, Another World, Goin' Downtown, Rush Across the Road, Citizen Sane, On Your Radio, Inbetweenies, Drunk Song, Invisible Man, Dirty Martini, Take It Like a Man, You Can't Get What You Want (Till You Know What You Want), One More Time, Dirty Love, Is She Really Going Out With Him?, A Slow Song",20,https://www.setlist.fm/setlist/joe-jackson/2006/shepherds-bush-empire-london-U.K.-73f37a6d.html,kk-joe-jackson-2006-07-06.jpg,tickets
TICKET_0031_a,konzert-joe-jackson-2006.html,JOE JACKSON TRIO Tour,7th July 2006,"7th July 2006 - Paris, France - Le Bataclan - 7th July 2006 - Paris, France - Le Bataclan - with support - Hervé Lenoach, France","Steve Whitbread, U.K.",kk-hl-joe-jackson-2006-07-07.jpg,28.50,EUR,není k dispozici,není k dispozici,"Home Town, Steppin' Out, It's Different for Girls, Too Tough, Citizen Sane, Another World, Cancer, On Your Radio, Sunglasses in the Rain, Drunk Song, Invisible Man, Inbetweenies, Awkward Age, Take It Like a Man, You Can't Get What You Want (Till You Know What You Want), One More Time, Don't Get Around Much Anymore, Is She Really Going Out With Him?, A Slow Song",19,https://www.setlist.fm/setlist/joe-jackson/2006/le-bataclan-paris-france-33cdd031.html,kk-hl-joe-jackson-2006-07-07.jpg,tickets
TICKET_0031_b,konzert-joe-jackson-2006.html,JOE JACKSON TRIO Tour,7th July 2006,"7th July 2006 - Paris, France - Le Bataclan - 7th July 2006 - Paris, France - Le Bataclan - with support - Hervé Lenoach, France","Steve Whitbread, U.K.",kk-joe-jackson-2006-07-07-support.jpg,28.50,EUR,není k dispozici,není k dispozici,"Home Town, Steppin' Out, It's Different for Girls, Too Tough, Citizen Sane, Another World, Cancer, On Your Radio, Sunglasses in the Rain, Drunk Song, Invisible Man, Inbetweenies, Awkward Age, Take It Like a Man, You Can't Get What You Want (Till You Know What You Want), One More Time, Don't Get Around Much Anymore, Is She Really Going Out With Him?, A Slow Song",19,https://www.setlist.fm/setlist/joe-jackson/2006/le-bataclan-paris-france-33cdd031.html,kk-joe-jackson-2006-07-07-support.jpg,tickets
TICKET_0032,konzert-joe-jackson-2006.html,JOE JACKSON TRIO Tour,9th July 2006,"9th July 2006 - Weert, Netherlands - Sportpark Boshoven Ticket for three days","Mike Philippens, Netherlands",kk-joe-jackson-2006-07-09.jpg,125.00,EUR,není k dispozici,není k dispozici,"Home Town, Steppin' Out, It's Different for Girls, Citizen Sane, Another World, On Your Radio, Invisible Man, Take It Like a Man, Dirty Martini, You Can't Get What You Want (Till You Know What You Want), One More Time, Is She Really Going Out With Him?, A Slow Song",13,https://www.setlist.fm/setlist/joe-jackson/2006/sportpark-boshoven-weert-netherlands-2bdc2042.html,kk-joe-jackson-2006-07-09.jpg,tickets
TICKET_0033,konzert-joe-jackson-2006.html,JOE JACKSON TRIO Tour,9th July 2006,"9th July 2006 - Weert, Netherlands - Sportpark Boshoven Ticket for sunday","Steve Whitbread, U.K.",kk-joe-jackson-2006-07-09-sunday.jpg,není k dispozici,není k dispozici,není k dispozici,není k dispozici,"Home Town, Steppin' Out, It's Different for Girls, Citizen Sane, Another World, On Your Radio, Invisible Man, Take It Like a Man, Dirty Martini, You Can't Get What You Want (Till You Know What You Want), One More Time, Is She Really Going Out With Him?, A Slow Song",13,https://www.setlist.fm/setlist/joe-jackson/2006/sportpark-boshoven-weert-netherlands-2bdc2042.html,kk-joe-jackson-2006-07-09-sunday.jpg,tickets
TICKET_0034,konzert-joe-jackson-2006.html,JOE JACKSON TRIO Tour,10th July 2006,"10th July 2006 - Antwerp, Belgium - Rivierenhof","John Jaspers, Netherlands",kk-joe-jackson-2006-07-10.jpg,není k dispozici,není k dispozici,není k dispozici,není k dispozici,"Home Town, Steppin' Out, It's Different for Girls, Too Tough, Citizen Sane, Another World, Awkward Age, Sunglasses in the Rain, On Your Radio, Cancer, Drunk Song, Invisible Man, Obvious Song, Take It Like a Man, You Can't Get What You Want (Till You Know What You Want), One More Time, Don't Get Around Much Anymore, Is She Really Going Out With Him?, A Slow Song",19,https://www.setlist.fm/setlist/joe-jackson/2006/openluchttheater-rivierenhof-deurne-belgium-33de70a5.html,kk-joe-jackson-2006-07-10.jpg,tickets
TICKET_0035_a,konzert-joe-jackson-2006.html,JOE JACKSON TRIO Tour,12th July 2006,"12th July 2006 - Hamburg, Germany - Fabrik - Rolf Thalmann, Germany - 12th July 2006 - Hamburg, Germany - Fabrik","Oliver Bittner, Germany",kk-joe-jackson-the-man-is-back-in-town.jpg,34.60,EUR,není k dispozici,Graham Maby and Dave Houghton,"Home Town, Steppin' Out, It's Different for Girls, Too Tough, Citizen Sane, Another World, Goin' Downtown, Rush Across the Road, On Your Radio, Real Men, Drunk Song, Invisible Man, Dirty Martini, Take It Like a Man, You Can't Get What You Want (Till You Know What You Want), One More Time, Inbetweenies, Is She Really Going Out With Him?, A Slow Song",19,https://www.setlist.fm/setlist/joe-jackson/2006/fabrik-hamburg-germany-1bedad3c.html,kk-joe-jackson-the-man-is-back-in-town.jpg,tickets
TICKET_0035_b,konzert-joe-jackson-2006.html,JOE JACKSON TRIO Tour,12th July 2006,"12th July 2006 - Hamburg, Germany - Fabrik - Rolf Thalmann, Germany - 12th July 2006 - Hamburg, Germany - Fabrik","Oliver Bittner, Germany",kk-joe-jackson-2006-07-12.jpg,34.60,EUR,není k dispozici,Graham Maby and Dave Houghton,"Home Town, Steppin' Out, It's Different for Girls, Too Tough, Citizen Sane, Another World, Goin' Downtown, Rush Across the Road, On Your Radio, Real Men, Drunk Song, Invisible Man, Dirty Martini, Take It Like a Man, You Can't Get What You Want (Till You Know What You Want), One More Time, Inbetweenies, Is She Really Going Out With Him?, A Slow Song",19,https://www.setlist.fm/setlist/joe-jackson/2006/fabrik-hamburg-germany-1bedad3c.html,kk-joe-jackson-2006-07-12.jpg,tickets
TICKET_0036,konzert-joe-jackson-2006.html,JOE JACKSON TRIO Tour,14th July 2006,"14th July 2006 - Leipzig, Germany - Parkbühne (Clara Zetkin Park)","Steve Whitbread, U.K.",kk-joe-jackson-2006-07-14.jpg,32.05,EUR,není k dispozici,není k dispozici,"Home Town, Steppin' Out, It's Different for Girls, Too Tough, Citizen Sane, Another World, Obvious Song, Rush Across the Road, On Your Radio, Love at First Light, Invisible Man, Dirty Martini, Take It Like a Man, You Can't Get What You Want (Till You Know What You Want), One More Time, Don't Get Around Much Anymore, Is She Really Going Out With Him?, A Slow Song",18,https://www.setlist.fm/setlist/joe-jackson/2006/parkbuhne-im-clara-zetkin-park-leipzig-germany-1bedad30.html,kk-joe-jackson-2006-07-14.jpg,tickets
TICKET_0037,konzert-joe-jackson-2006.html,JOE JACKSON TRIO Tour,15th July 2006,"15th July 2006 - Mainz, Germany - Frankfurter Hof","Steve Whitbread, U.K.",kk-joe-jackson-2006-07-15.jpg,31.20,EUR,není k dispozici,Graham Maby and Dave Houghton,"Home Town, Steppin' Out, It's Different for Girls, Too Tough, Citizen Sane, Another World, Goin' Downtown, Invisible Man, On Your Radio, Real Men, Drunk Song, Sunglasses in the Rain, Rose Darling, Take It Like a Man, You Can't Get What You Want (Till You Know What You Want), One More Time, Inbetweenies, Is She Really Going Out With Him?, A Slow Song",19,https://www.setlist.fm/setlist/joe-jackson/2006/frankfurter-hof-mainz-germany-1bedad34.html,kk-joe-jackson-2006-07-15.jpg,tickets
TICKET_0038,konzert-joe-jackson-2006.html,JOE JACKSON TRIO Tour,15th July 2006,"15th July 2006 - Mainz, Germany - Frankfurter Hof - Signed by Graham Maby & Dave Houghton","Marco Emmel, Germany",kk-joe-jackson-2006-07-15-2.jpg,není k dispozici,není k dispozici,není k dispozici,není k dispozici,"Home Town, Steppin' Out, It's Different for Girls, Too Tough, Citizen Sane, Another World, Goin' Downtown, Invisible Man, On Your Radio, Real Men, Drunk Song, Sunglasses in the Rain, Rose Darling, Take It Like a Man, You Can't Get What You Want (Till You Know What You Want), One More Time, Inbetweenies, Is She Really Going Out With Him?, A Slow Song",19,https://www.setlist.fm/setlist/joe-jackson/2006/frankfurter-hof-mainz-germany-1bedad34.html,kk-joe-jackson-2006-07-15-2.jpg,tickets
TICKET_0039_a,konzert-joe-jackson-2006.html,JOE JACKSON TRIO Tour,17th July 2006,"17th July 2006 - Köln ( = Cologne ), Germany - Live Music Hall - Steve Whitbread, U.K. - 17th July 2006 - Köln ( = Cologne ), Germany - Live Music Hall","Gert Schaumlöffel, Germany",kk-joe-jackson-2006-07-17.jpg,32.20,EUR,není k dispozici,Graham Maby and Dave Houghton,"Home Town, Steppin' Out, It's Different for Girls, Too Tough, Citizen Sane, Another World, Obvious Song, Rush Across the Road, On Your Radio, Cancer, Drunk Song, Invisible Man, Dirty Martini, Take It Like a Man, You Can't Get What You Want (Till You Know What You Want), One More Time, Dirty Love, Is She Really Going Out With Him?, A Slow Song",19,https://www.setlist.fm/setlist/joe-jackson/2006/live-music-hall-cologne-germany-1bedad28.html,kk-joe-jackson-2006-07-17.jpg,tickets
TICKET_0039_b,konzert-joe-jackson-2006.html,JOE JACKSON TRIO Tour,17th July 2006,"17th July 2006 - Köln ( = Cologne ), Germany - Live Music Hall - Steve Whitbread, U.K. - 17th July 2006 - Köln ( = Cologne ), Germany - Live Music Hall","Gert Schaumlöffel, Germany",kk-gs-joe-jackson-2006-07-17.jpg,32.20,EUR,není k dispozici,Graham Maby and Dave Houghton,"Home Town, Steppin' Out, It's Different for Girls, Too Tough, Citizen Sane, Another World, Obvious Song, Rush Across the Road, On Your Radio, Cancer, Drunk Song, Invisible Man, Dirty Martini, Take It Like a Man, You Can't Get What You Want (Till You Know What You Want), One More Time, Dirty Love, Is She Really Going Out With Him?, A Slow Song",19,https://www.setlist.fm/setlist/joe-jackson/2006/live-music-hall-cologne-germany-1bedad28.html,kk-gs-joe-jackson-2006-07-17.jpg,tickets
TICKET_0040,konzert-joe-jackson-2006.html,JOE JACKSON TRIO Tour,19th July 2006,"19th July 2006 - Amsterdam, Netherlands - Paradiso","Lammert Veen, Netherlands",kk-joe-jackson-2006-07-19.jpg,19.30,není k dispozici,není k dispozici,není k dispozici,"Home Town, Steppin' Out, It's Different for Girls, Too Tough, Citizen Sane, Another World, Awkward Age, Rush Across the Road, On Your Radio, Cancer, Drunk Song, Invisible Man, Inbetweenies, Take It Like a Man, You Can't Get What You Want (Till You Know What You Want), One More Time, Dirty Love, Is She Really Going Out With Him?, A Slow Song",19,https://www.setlist.fm/setlist/joe-jackson/2006/grote-zaal-amsterdam-netherlands-23d24073.html,kk-joe-jackson-2006-07-19.jpg,tickets
TICKET_0041_a,konzert-joe-jackson-2006.html,JOE JACKSON TRIO Tour,20th July 2006,"20th July 2006 - Karlsruhe, Germany - Zeltival (Kulturzentrum Tollhaus) - Andreas Wiethoff, Germany - 20th July 2006 - Karlsruhe, Germany - Zeltival (Kulturzentrum Tollhaus)","Steve Whitbread, U.K.",kk-joe-jackson-2006-07-20.jpg,20.07,není k dispozici,není k dispozici,Graham Maby and Dave Houghton,"Home Town, Steppin' Out, It's Different for Girls, Too Tough, Citizen Sane, Another World, Obvious Song, Rush Across the Road, On Your Radio, Love at First Light, Drunk Song, Invisible Man, Girl, Dirty Martini, Take It Like a Man, You Can't Get What You Want (Till You Know What You Want), One More Time, Don't Get Around Much Anymore, Is She Really Going Out With Him?, A Slow Song",20,https://www.setlist.fm/setlist/joe-jackson/2006/kulturzentrum-tollhaus-karlsruhe-germany-3edad23.html,kk-joe-jackson-2006-07-20.jpg,tickets
TICKET_0041_b,konzert-joe-jackson-2006.html,JOE JACKSON TRIO Tour,20th July 2006,"20th July 2006 - Karlsruhe, Germany - Zeltival (Kulturzentrum Tollhaus) - Andreas Wiethoff, Germany - 20th July 2006 - Karlsruhe, Germany - Zeltival (Kulturzentrum Tollhaus)","Steve Whitbread, U.K.",kk-joe-jackson-2006-07-20-neu.jpg,20.07,není k dispozici,není k dispozici,Graham Maby and Dave Houghton,"Home Town, Steppin' Out, It's Different for Girls, Too Tough, Citizen Sane, Another World, Obvious Song, Rush Across the Road, On Your Radio, Love at First Light, Drunk Song, Invisible Man, Girl, Dirty Martini, Take It Like a Man, You Can't Get What You Want (Till You Know What You Want), One More Time, Don't Get Around Much Anymore, Is She Really Going Out With Him?, A Slow Song",20,https://www.setlist.fm/setlist/joe-jackson/2006/kulturzentrum-tollhaus-karlsruhe-germany-3edad23.html,kk-joe-jackson-2006-07-20-neu.jpg,tickets
TICKET_0042,konzert-joe-jackson-2006.html,JOE JACKSON TRIO Tour,25th July 2006,"25th July 2006 - Luzern, Switzerland - Kultur- und Kongresszentrum - Konzertsaal","Andreas Wostrack, Germany",kk-aw-joe-jackson-2006-07-25.jpg,69.00,CHF,není k dispozici,není k dispozici,"Home Town, Steppin' Out, It's Different for Girls, Too Tough, Citizen Sane, Another World, Goin' Downtown, Rush Across the Road, On Your Radio, Love at First Light, Drunk Song, Invisible Man, Dirty Martini, Take It Like a Man, You Can't Get What You Want (Till You Know What You Want), One More Time, Dirty Love, Is She Really Going Out With Him?, A Slow Song",19,https://www.setlist.fm/setlist/joe-jackson/2006/kkl-konzertsaal-lucerne-switzerland-13c685a9.html,kk-aw-joe-jackson-2006-07-25.jpg,tickets
TICKET_0043,konzert-joe-jackson-1997.html,HEAVEN & HELL Tour,2nd November 1997,"2nd November 1997 - Los Angeles, California, U.S.A. - El Rey Theatre","Jenniffer Woodson, U.S.A.",kk-jw-04.jpg,není k dispozici,není k dispozici,není k dispozici,není k dispozici,"Is She Really Going Out With Him?, It's Different for Girls, Real Men, Be My Number Two, You Can't Get What You Want (Till You Know What You Want), Eleanor Rigby, Home Town, Nineteen Forever, The Other Me, The Man Who Wrote Danny Boy, Prelude, Fugue 1/More Is More, Angel, Tuzla, Passacaglia/A Bud and a Slice, Right, The Bridge, Fugue 2/Song of Daedalus, Steppin' Out, A Slow Song",20,https://www.setlist.fm/setlist/joe-jackson/1997/el-rey-theatre-los-angeles-ca-3beb54f8.html,kk-jw-04.jpg,tickets
TICKET_0044,konzert-joe-jackson-1997.html,HEAVEN & HELL Tour,3rd November 1997,"3rd November 1997 - Los Angeles, California, U.S.A. - El Rey Theatre","Jenniffer Woodson, U.S.A.",kk-jw-08.jpg,22.50,není k dispozici,není k dispozici,není k dispozici,není k dispozici,0,https://www.setlist.fm/setlist/joe-jackson/1997/el-rey-theatre-los-angeles-ca-7b969a60.html,kk-jw-08.jpg,tickets
TICKET_0045,konzert-joe-jackson-1997.html,HEAVEN & HELL Tour,10th November 1997,"10th November 1997 - New York City, New York, U.S.A. - The Supper Club",Jackie Litle DeWitt,kk-joe-jackson-1997-11-10.jpg,10.19,není k dispozici,není k dispozici,není k dispozici,není k dispozici,0,https://www.setlist.fm/setlist/joe-jackson/1997/supper-club-new-york-ny-438eff5b.html,kk-joe-jackson-1997-11-10.jpg,tickets
TICKET_0046,konzert-joe-jackson-1997.html,HEAVEN & HELL Tour,10th November 1997,"10th November 1997 - New York City, New York, U.S.A. - The Supper Club","Benjamin Davis, U.S.A.",kk-joe-jackson-1997-11-10-2.jpg,10.19,není k dispozici,není k dispozici,není k dispozici,není k dispozici,0,https://www.setlist.fm/setlist/joe-jackson/1997/supper-club-new-york-ny-438eff5b.html,kk-joe-jackson-1997-11-10-2.jpg,tickets
TICKET_0047,konzert-joe-jackson-1997.html,HEAVEN & HELL Tour,11th November 1997,"11th November 1997 - New York, U.S.A. -  The Supper Club","John Nyman, U.S.A.",kk-jn-18.jpg,11.19,není k dispozici,není k dispozici,není k dispozici,"Is She Really Going Out With Him? / It's Different for Girls, Real Men, Be My Number Two, You Can't Get What You Want (Till You Know What You Want), Eleanor Rigby, Home Town, Nineteen Forever, The Other Me, The Man Who Wrote Danny Boy, Prelude, Fugue 1/More Is More, Angel, Tuzla, Passacaglia/A Bud and a Slice, Right, The Bridge, Fugue 2/Song of Daedalus, Steppin' Out, A Slow Song",19,https://www.setlist.fm/setlist/joe-jackson/1997/supper-club-new-york-ny-538eff59.html,kk-jn-18.jpg,tickets
TICKET_0048,konzert-joe-jackson-1997.html,HEAVEN & HELL Tour,15th November 1997,"15th November 1997 - Washington, DC, U.S.A. - Lincoln Theatre","Jenniffer Woodson, U.S.A.",kk-jw-02.jpg,27.50,není k dispozici,není k dispozici,není k dispozici,"Is She Really Going Out With Him? / It's Different for Girls, Real Men, Be My Number Two, You Can't Get What You Want / Eleanor Rigby, Home Town, Nineteen Forever, The Other Me, The Man Who Wrote Danny Boy, Prelude, Fugue 1/More Is More, Angel, Tuzla, Passacaglia/A Bud and a Slice, Right, The Bridge, Fugue 2/Song of Daedalus, Steppin' Out, A Slow Song",18,https://www.setlist.fm/setlist/joe-jackson/1997/lincoln-theatre-washington-dc-43dc6b3b.html,kk-jw-02.jpg,tickets
TICKET_0049,konzert-joe-jackson-1997.html,HEAVEN & HELL Tour,19th November 1997,"19th November 1997 - Somerville, MA, U.S.A. - Somerville Theatre","Gert Schaumlöffel, Germany",kk-joe-jackson-1997-11-19.jpg,19.19,není k dispozici,není k dispozici,není k dispozici,není k dispozici,0,https://www.setlist.fm/setlist/joe-jackson/1997/somerville-theatre-somerville-ma-5bfce360.html,kk-joe-jackson-1997-11-19.jpg,tickets
TICKET_0050,konzert-joe-jackson-1997.html,HEAVEN & HELL Tour,24th November 1997,"24th November 1997 - Amsterdam, Netherlands - Paradiso","Bert Bos, Netherlands",kk-joe-jackson-1997-11-24.jpg,není k dispozici,není k dispozici,není k dispozici,není k dispozici,"Is She Really Going Out With Him? / It's Different for Girls, Real Men, Be My Number Two, You Can't Get What You Want (Till You Know What You Want), Eleanor Rigby, Home Town, Nineteen Forever, The Other Me, Danny Boy, Prelude, Fugue 1/More Is More, Angel, Tuzla, Passacaglia/A Bud and a Slice, Right",15,https://www.setlist.fm/setlist/joe-jackson/1997/grote-zaal-amsterdam-netherlands-73eefe95.html,kk-joe-jackson-1997-11-24.jpg,tickets
TICKET_0051,konzert-joe-jackson-1997.html,HEAVEN & HELL Tour,7th December 1997,"7th December 1997 - London, U.K. - Queen Elizabeth Hall","Mike Baggaley, U.K.",kk-joe-jackson-1997-12-07.jpg,7.45,není k dispozici,není k dispozici,není k dispozici,"Is She Really Going Out With Him? / It's Different for Girls, Real Men, Be My Number Two, You Can't Get What You Want (Till You Know What You Want), Eleanor Rigby, Nineteen Forever, The Other Me, The Man Who Wrote Danny Boy, Prelude, Fugue 1/More Is More, Angel, Tuzla, Passacaglia/A Bud and a Slice, Right, The Bridge, Fugue 2/Song of Daedalus, Steppin' Out, A Slow Song",18,https://www.setlist.fm/setlist/joe-jackson/1997/queen-elizabeth-hall-london-U.K.-438eff53.html,kk-joe-jackson-1997-12-07.jpg,tickets
TICKET_0052,konzert-joe-jackson-1997.html,HEAVEN & HELL Tour,8th December 1997,"8th December 1997 - London, U.K. - Queen Elizabeth Hall","Steve Whitbread, U.K.",kk-joe-jackson-1997-12-08.jpg,7.45,není k dispozici,není k dispozici,není k dispozici,není k dispozici,0,https://www.setlist.fm/setlist/joe-jackson/1997/queen-elizabeth-hall-london-U.K.-6bd9229e.html,kk-joe-jackson-1997-12-08.jpg,tickets
TICKET_0053,konzert-joe-jackson-1997.html,HEAVEN & HELL Tour,11th December 1997,"11th December 1997 - Hamburg, Germany - Musikhalle","Gert Schaumlöffel, Germany",kk-joe-jackson-1997-12-11.jpg,56.50,není k dispozici,"Platz: 112, Reihe: 22, Platz: 3",není k dispozici,"Is She Really Going Out With Him? / It's Different for Girls, Real Men, Be My Number Two, You Can't Get What You Want / Eleanor Rigby, Home Town, Nineteen Forever, The Other Me, Danny Boy, The Man Who Wrote Danny Boy, Prelude, Fugue 1/More Is More, Angel, Tuzla, Passacaglia/A Bud and a Slice, Right, The Bridge, Fugue 2/Song of Daedalus, Steppin' Out, A Slow Song",19,https://www.setlist.fm/setlist/joe-jackson/1997/musikhalle-hamburg-germany-43c14feb.html,kk-joe-jackson-1997-12-11.jpg,tickets
TICKET_0054,konzert-joe-jackson-1981.html,JUMPIN' JIVE Tour,29th June 1981,"29th June 1981 - The Venue - London, U.K.",Andy Bilton,kk-joe-jackson-1981-06-29.jpg,8.00,není k dispozici,není k dispozici,není k dispozici,není k dispozici,0,https://www.setlist.fm/setlist/joe-jackson/1981/the-venue-london-U.K.-5bf37bbc.html,kk-joe-jackson-1981-06-29.jpg,tickets
TICKET_0055,konzert-joe-jackson-1981.html,JUMPIN' JIVE Tour,8th July 1981,"8th July 1981 New York, NY, U.S.A. The Savoy","Gert Schaumlöffel, Germany",kk-joe-jackson-1981-07-08.jpg,810.00,není k dispozici,není k dispozici,není k dispozici,"Jumping With Symphony Sid, Jack, You're Dead, We the Cats Shall Hep Ya, Is You Is or Is You Ain't (Ma' Baby), San Francisco Fan, You Run Your Mouth and I'll Run My Business, You're My Meat, What’s the Use of Getting Sober (When You’re Gonna Get Drunk Again)?, Stomping at the Savoy, Tuxedo Junction, Minnie the Moocher, Five Guys Named Moe, Jumpin' Jive, How Long Must I Wait for You, Texas and Pacific, Nobody Knows You When You're Down and Out, Jumpin' Jive",17,https://www.setlist.fm/setlist/joe-jackson/1981/savoy-new-york-ny-5bc0c7fc.html,kk-joe-jackson-1981-07-08.jpg,tickets
TICKET_0056,konzert-joe-jackson-1981.html,JUMPIN' JIVE Tour,16th July 1981,"16th July 1981 Lido Beach, NY, U.S.A. Malibu Beach Club","Gert Schaumlöffel, Germany",kk-joe-jackson-1981-07-16.jpg,není k dispozici,není k dispozici,"SEC: Row, SEAT: 1118, Sec: ROW, Seat: 1118",není k dispozici,"Jumping With Symphony Sid, Jack, You're Dead, We the Cats Shall Hep Ya, Knock Me a Kiss, San Francisco Fan, Stomping at the Savoy, You Run Your Mouth and I'll Run My Business, You're My Meat, What’s the Use of Getting Sober (When You’re Gonna Get Drunk Again)?, Tuxedo Junction, Minnie the Moocher, Five Guys Named Moe, Jumpin' Jive, How Long Must I Wait for You, Texas and Pacific, Nobody Knows You When You're Down and Out, Jumpin' Jive",17,https://www.setlist.fm/setlist/joe-jackson/1981/malibu-night-club-lido-beach-ny-43c0c7f7.html,kk-joe-jackson-1981-07-16.jpg,tickets
TICKET_0057_a,konzert-joe-jackson-1981.html,JUMPIN' JIVE Tour,23rd July 1981,"Front - Back - 23rd July 1981 - Los Angeles, CA, U.S.A. - Roxy","Gert Schaumlöffel, Germany",kk-joe-jackson-1981-07-23-front.jpg,9.00,není k dispozici,není k dispozici,není k dispozici,není k dispozici,0,https://www.setlist.fm/setlist/joe-jackson/1981/the-roxy-west-hollywood-ca-3df81fb.html,kk-joe-jackson-1981-07-23-front.jpg,tickets
TICKET_0057_b,konzert-joe-jackson-1981.html,JUMPIN' JIVE Tour,23rd July 1981,"Front - Back - 23rd July 1981 - Los Angeles, CA, U.S.A. - Roxy","Gert Schaumlöffel, Germany",kk-joe-jackson-1981-07-23-back.jpg,9.00,není k dispozici,není k dispozici,není k dispozici,není k dispozici,0,https://www.setlist.fm/setlist/joe-jackson/1981/the-roxy-west-hollywood-ca-3df81fb.html,kk-joe-jackson-1981-07-23-back.jpg,tickets
TICKET_0058,konzert-joe-jackson-1981.html,JUMPIN' JIVE Tour,24th July 1981,"24th July 1981 - Hollywood, CA, U.S.A. - Florentine Gardens","Gert Schaumlöffel, Germany",kk-joe-jackson-1981-07-24.jpg,není k dispozici,není k dispozici,není k dispozici,není k dispozici,"Jumping With Symphony Sid, Jack, You're Dead, Is You Is or Is You Ain't (Ma' Baby), We the Cats Shall Hep Ya, San Francisco Fan, Stomping at the Savoy, You're My Meat, What’s the Use of Getting Sober (When You’re Gonna Get Drunk Again)?, Tuxedo Junction, Minnie the Moocher, Five Guys Named Moe, How Long Must I Wait for You, Nobody Knows You When You're Down and Out, Jumpin' Jive",14,https://www.setlist.fm/setlist/joe-jackson/1981/florentine-gardens-los-angeles-ca-7b8e9650.html,kk-joe-jackson-1981-07-24.jpg,tickets
TICKET_0059,konzert-joe-jackson-1981.html,JUMPIN' JIVE Tour,26th August 1981,"26th August 1981 Sheffield, U.K. Top Rank","Peter Exley, U.K.",kk-joe-jackson-1981-08-26.jpg,není k dispozici,není k dispozici,není k dispozici,není k dispozici,není k dispozici,0,https://www.setlist.fm/setlist/joe-jackson/1981/top-rank-suite-sheffield-U.K.-73cf5619.html,kk-joe-jackson-1981-08-26.jpg,tickets
TICKET_0060,konzert-joe-jackson-1981.html,JUMPIN' JIVE Tour,1st September 1981,"1st September 1981 - Portsmouth, U.K. - Locarno","Oliver Gray, U.K.",kk-joe-jackson-1981-09-01.jpg,7.30,není k dispozici,není k dispozici,není k dispozici,není k dispozici,0,https://www.setlist.fm/setlist/joe-jackson/1981/mecca-locarno-portsmouth-U.K.-6bcf56fa.html,kk-joe-jackson-1981-09-01.jpg,tickets
TICKET_0061,konzert-joe-jackson-1981.html,JUMPIN' JIVE Tour,7th September 1981,"7th September 1981 - London, U.K. - Hammersmith Palais - not in JJ Archive","Gert Schaumlöffel, Germany",kk-joe-jackson-1981-09-07.jpg,8.00,není k dispozici,není k dispozici,není k dispozici,není k dispozici,0,není k dispozici,kk-joe-jackson-1981-09-07.jpg,tickets
TICKET_0062,konzert-joe-jackson-1980.html,BEAT CRAZY Tour,15th February 1980,"15th February 1980 - Passaic, NJ, U.S.A. - Capitol Theatre","Gert Schaumlöffel, Germany",kk-gs-joe-jackson-1980-02-15.jpg,není k dispozici,není k dispozici,není k dispozici,není k dispozici,"On Your Radio, Friday, Geraldine and John, Kinda Kute, Out of Style, Pretty Boys, The Harder They Come, Sunday Papers, One More Time, Amateur Hour, Is She Really Going Out With Him?, Don't Wanna Be Like That, I'm the Man, I Can't Give You Anything",14,https://www.setlist.fm/setlist/joe-jackson/1980/capitol-theatre-passaic-nj-3bdbc054.html,kk-gs-joe-jackson-1980-02-15.jpg,tickets
TICKET_0063_a,konzert-joe-jackson-1980.html,BEAT CRAZY Tour,16th February 1980,"Gert Schaumlöffel, Germany - 16th February 1980 - Boston, MA, U.S.A. - Orpheum Theatre - Gert Schaumlöffel, Germany","Patrick Sullivan, U.S.A.",kk-joe-jackson-1980-02-16-1.jpg,7.30,není k dispozici,není k dispozici,není k dispozici,"On Your Radio, Friday, Geraldine and John, Kinda Kute, Out of Style, Pretty Boys, Sunday Papers, One More Time, Amateur Hour, Is She Really Going Out With Him?, Don't Wanna Be Like That, I'm the Man, The Harder They Come, Got the Time",14,https://www.setlist.fm/setlist/joe-jackson/1980/orpheum-theatre-boston-ma-53c0c799.html,kk-joe-jackson-1980-02-16-1.jpg,tickets
TICKET_0063_b,konzert-joe-jackson-1980.html,BEAT CRAZY Tour,16th February 1980,"Gert Schaumlöffel, Germany - 16th February 1980 - Boston, MA, U.S.A. - Orpheum Theatre - Gert Schaumlöffel, Germany","Patrick Sullivan, U.S.A.",kk-joe-jackson-1980-02-16-2.jpg,7.30,není k dispozici,není k dispozici,není k dispozici,"On Your Radio, Friday, Geraldine and John, Kinda Kute, Out of Style, Pretty Boys, Sunday Papers, One More Time, Amateur Hour, Is She Really Going Out With Him?, Don't Wanna Be Like That, I'm the Man, The Harder They Come, Got the Time",14,https://www.setlist.fm/setlist/joe-jackson/1980/orpheum-theatre-boston-ma-53c0c799.html,kk-joe-jackson-1980-02-16-2.jpg,tickets
TICKET_0063_c,konzert-joe-jackson-1980.html,BEAT CRAZY Tour,16th February 1980,"Gert Schaumlöffel, Germany - 16th February 1980 - Boston, MA, U.S.A. - Orpheum Theatre - Gert Schaumlöffel, Germany","Patrick Sullivan, U.S.A.",kk-joe-jackson-1980-02-16-3.jpg,7.30,není k dispozici,není k dispozici,není k dispozici,"On Your Radio, Friday, Geraldine and John, Kinda Kute, Out of Style, Pretty Boys, Sunday Papers, One More Time, Amateur Hour, Is She Really Going Out With Him?, Don't Wanna Be Like That, I'm the Man, The Harder They Come, Got the Time",14,https://www.setlist.fm/setlist/joe-jackson/1980/orpheum-theatre-boston-ma-53c0c799.html,kk-joe-jackson-1980-02-16-3.jpg,tickets
TICKET_0064,konzert-joe-jackson-1980.html,BEAT CRAZY Tour,9th March 1980,"9th March 1980 - Nogent sur Marne, France - Pavillon Baltard","Gert Schaumlöffel, Germany",kk-joe-jackson-1980-03-09.jpg,60.00,není k dispozici,není k dispozici,není k dispozici,"On Your Radio, Kinda Kute, Pretty Boys, Friday, Sunday Papers, One More Time, It's Different for Girls, I'm the Man, The Harder They Come",9,https://www.setlist.fm/setlist/joe-jackson/1980/pavillon-baltard-nogent-sur-marne-france-63fbcadf.html,kk-joe-jackson-1980-03-09.jpg,tickets
TICKET_0065,konzert-joe-jackson-1980.html,BEAT CRAZY Tour,12th March 1980,"12th March 1980 München / Munich, Germany Schwabinger Bräu","Gert Schaumlöffel, Germany",kk-joe-jackson-1980-03-12.jpg,20.00,není k dispozici,není k dispozici,není k dispozici,není k dispozici,0,https://www.setlist.fm/setlist/joe-jackson/1980/schwabinger-brau-munich-germany-3bed905c.html,kk-joe-jackson-1980-03-12.jpg,tickets
TICKET_0066,konzert-joe-jackson-1980.html,BEAT CRAZY Tour,13th March 1980,"13th March 1980 - Wiesbaden, Germany Wartburg Music Hall","Björn Krüger, Germany",kk-bk-008.jpg,20.00,není k dispozici,není k dispozici,není k dispozici,není k dispozici,0,není k dispozici,kk-bk-008.jpg,tickets
TICKET_0067,konzert-joe-jackson-1980.html,BEAT CRAZY Tour,14th March 1980,"14th March 1980 - Köln (Cologne), Germany - WDR Studio A","Björn Krüger, Germany",kk-bk-007.jpg,19.30,není k dispozici,není k dispozici,není k dispozici,"On Your Radio, Friday, Mad at You, Kinda Kute, Out of Style, The Harder They Come, Sunday Papers, One More Time, Fools in Love, Is She Really Going Out With Him?, Don't Wanna Be Like That, I'm the Man",12,https://www.setlist.fm/setlist/joe-jackson/1980/wdr-studio-a-cologne-germany-739332f5.html,kk-bk-007.jpg,tickets
TICKET_0068,konzert-joe-jackson-1980.html,BEAT CRAZY Tour,26th March 1980,"26th March 1980 - Hagondange, France - Salle Paul Lamm","Gert Schaumlöffel, Germany",kk-joe-jackson-1980-03-26.jpg,není k dispozici,není k dispozici,není k dispozici,není k dispozici,Crime Don't Pay,1,https://www.setlist.fm/setlist/joe-jackson/1980/countdown-cafe-hilversum-netherlands-23c17c43.html,kk-joe-jackson-1980-03-26.jpg,tickets
TICKET_0069,konzert-joe-jackson-1980.html,BEAT CRAZY Tour,29th March 1980,"29th March 1980 - Le Mans, France - Parc Expositions, Hall B","François Huguet, France",kk-joe-jackson-1980-03-29.jpg,není k dispozici,není k dispozici,není k dispozici,není k dispozici,"On Your Radio, Friday, Geraldine and John, Mad at You, Kinda Kute, Pretty Boys, The Harder They Come, Sunday Papers, One More Time, It's Different for Girls, Is She Really Going Out With Him?, Don't Wanna Be Like That, I'm the Man, I Can't Give You Anything, Baby Stick Around, Got the Time",16,https://www.setlist.fm/setlist/joe-jackson/1980/parc-des-expositions-le-mans-france-4b8e97ae.html,kk-joe-jackson-1980-03-29.jpg,tickets
TICKET_0070,konzert-joe-jackson-1980.html,BEAT CRAZY Tour,21st April 1980,"21st April 1980 -  Mailand (Milano), Italy - Palalido","John Nyman, U.S.A.",kk-jn-24.jpg,není k dispozici,není k dispozici,není k dispozici,není k dispozici,"On Your Radio, Friday, Beat Crazy, Enough Is Not Enough, Kinda Kute, Mad at You, The Harder They Come, Sunday Papers, One More Time, Fit, Is She Really Going Out With Him?, Don't Wanna Be Like That, I'm the Man, I Can't Give You Anything, Got the Time",15,https://www.setlist.fm/setlist/joe-jackson/1980/palalido-milan-italy-53da2bcd.html,kk-jn-24.jpg,tickets
TICKET_0071,konzert-joe-jackson-1980.html,BEAT CRAZY Tour,28th April 1980,"28th April 1980 - Montpeller, France Grande Odéon","Gert Schaumlöffel, Germany",kk-joe-jackson-1980-04-28.jpg,88.68,není k dispozici,není k dispozici,není k dispozici,není k dispozici,0,https://www.setlist.fm/setlist/joe-jackson/1980/unknown-venue-montpellier-france-4b8e979a.html,kk-joe-jackson-1980-04-28.jpg,tickets
TICKET_0072,konzert-joe-jackson-1980.html,BEAT CRAZY Tour,3rd May 1980,"3rd May 1980 - Porto, Portugal - Pavilhão Infante Sagres","Gert Schaumlöffel, Germany",kk-joe-jackson-1980-05-03.jpg,21.30,není k dispozici,není k dispozici,není k dispozici,není k dispozici,0,https://www.setlist.fm/setlist/joe-jackson/1980/pavilhao-infante-de-sagres-porto-portugal-be585ea.html,kk-joe-jackson-1980-05-03.jpg,tickets
TICKET_0073,konzert-joe-jackson-1980.html,BEAT CRAZY Tour,4th May 1980,"4th May 1980 - Cascais, Portugal - Pavilhão Dramático","Gert Schaumlöffel, Germany",kk-joe-jackson-1980-05-04.jpg,není k dispozici,není k dispozici,není k dispozici,není k dispozici,není k dispozici,0,https://www.setlist.fm/setlist/joe-jackson/1980/pavilhao-do-grupo-dramatico-e-sportivo-de-cascais-cascais-portugal-13e585e9.html,kk-joe-jackson-1980-05-04.jpg,tickets
TICKET_0074,konzert-joe-jackson-1980.html,BEAT CRAZY Tour,20th May 1980,"20th May 1980 - Sunderland, U.K. -  Mecca Centre - The Mayfair Suite","Gert Schaumlöffel, Germany",kk-gs-joe-jackson-1980-05-20.jpg,7.30,není k dispozici,není k dispozici,není k dispozici,"One to One, On Your Radio, Beat Crazy, Fit, Look Sharp!, Mad at You, The Harder They Come, Geraldine and John, Kinda Kute, Pretty Boys, Sunday Papers, It's Different for Girls, Friday, One More Time, Is She Really Going Out With Him?, Don't Wanna Be Like That, I'm the Man",17,https://www.setlist.fm/setlist/joe-jackson/1980/mayfair-ballroom-newcastle-upon-tyne-U.K.-63e1c24b.html,kk-gs-joe-jackson-1980-05-20.jpg,tickets
TICKET_0075,konzert-joe-jackson-1980.html,BEAT CRAZY Tour,23rd May 1980,"23rd May 1980 - Leicester, U.K. - De Montfort Hall","Gert Schaumlöffel, Germany",kk-joe-jackson-1980-05-23.jpg,7.30,není k dispozici,není k dispozici,není k dispozici,není k dispozici,0,https://www.setlist.fm/setlist/joe-jackson/1980/de-montfort-hall-leicester-U.K.-7bdebaa8.html,kk-joe-jackson-1980-05-23.jpg,tickets
TICKET_0076,konzert-joe-jackson-1980.html,BEAT CRAZY Tour,30th May 1980,"30th May 1980 - Hanley, U.K. Victoria Hall","Gert Schaumlöffel, Germany",kk-joe-jackson-1980-05-30.jpg,7.30,není k dispozici,není k dispozici,není k dispozici,není k dispozici,0,https://www.setlist.fm/setlist/joe-jackson/1980/victoria-hall-hanley-U.K.-538e9791.html,kk-joe-jackson-1980-05-30.jpg,tickets
TICKET_0077,konzert-joe-jackson-1980.html,BEAT CRAZY Tour,7th June 1980,"7th June 1980 - London, U.K. - Crystal Palace Concert Bowl - Open Air","Colin Phipps, U.K.",kk-joe-jackson-1980-06-07-2.jpg,27.00,není k dispozici,není k dispozici,není k dispozici,"Look Sharp!, One More Time, The Evil Eye, Fit, Is She Really Going Out With Him?, The Harder They Come",6,https://www.setlist.fm/setlist/joe-jackson/1980/crystal-palace-bowl-london-U.K.-53d9f7bd.html,kk-joe-jackson-1980-06-07-2.jpg,tickets
TICKET_0078,konzert-joe-jackson-1980.html,BEAT CRAZY Tour,1st August 1980,"1st August 1980 - New York, NY, U.S.A. - Wollman Skating Rink, Central Park Dr. Pepper Music Festival","Gary Gelb, U.S.A.",kk-joe-jackson-1980-08-01.jpg,85.00,není k dispozici,není k dispozici,není k dispozici,"One to One, I'm the Man, Biology, Beat Crazy, Look Sharp!, Crime Don't Pay, Pretty Boys, On Your Radio, Friday, Fit, Is She Really Going Out With Him?, Don't Wanna Be Like That, Got the Time, The Harder They Come, Throw It Away",15,https://www.setlist.fm/setlist/joe-jackson/1980/wollman-skating-rink-new-york-ny-53d20b95.html,kk-joe-jackson-1980-08-01.jpg,tickets
TICKET_0079,konzert-joe-jackson-1980.html,BEAT CRAZY Tour,9th August 1980,"9th August 1980 - Asbury Park, NJ, U.S.A. - Convention Hall","Gert Schaumlöffel, Germany",kk-joe-jackson-1980-08-09.jpg,není k dispozici,není k dispozici,není k dispozici,není k dispozici,"I'm the Man, Beat Crazy, Look Sharp!, Mad at You, Kinda Kute, The Evil Eye, Pretty Boys, On Your Radio, Friday, Fit, Is She Really Going Out With Him?, Don't Wanna Be Like That, One More Time, The Harder They Come, Got the Time",15,https://www.setlist.fm/setlist/joe-jackson/1980/convention-hall-asbury-park-nj-43f8e7cb.html,kk-joe-jackson-1980-08-09.jpg,tickets
TICKET_0080,konzert-joe-jackson-1980.html,BEAT CRAZY Tour,11th August 1980,"11th August 1980 - Poplar Creek, IL, U.S.A - Poplar Creek Music Theatre","Gert Schaumlöffel, Germany",kk-gs-joe-jackson-1980-08-11.jpg,58.50,$,není k dispozici,není k dispozici,není k dispozici,0,https://www.setlist.fm/setlist/joe-jackson/1980/poplar-creek-music-theater-hoffman-estates-il-23f85813.html,kk-gs-joe-jackson-1980-08-11.jpg,tickets
TICKET_0081,konzert-joe-jackson-1980.html,BEAT CRAZY Tour,5th October 1980,"5th October 1980 -  Cardiff, U.K. - Cardiff Top Rank","Gert Schaumlöffel, Germany",kk-joe-jackson-1980-10-05.jpg,3.00,není k dispozici,není k dispozici,není k dispozici,není k dispozici,0,https://www.setlist.fm/setlist/joe-jackson/1980/top-rank-cardiff-wales-2bed90fe.html,kk-joe-jackson-1980-10-05.jpg,tickets
TICKET_0082,konzert-joe-jackson-1980.html,BEAT CRAZY Tour,10th October 1980,"10th October 1980 -  Edinburgh, U.K. - Playhouse Theatre","Gert Schaumlöffel, Germany",kk-joe-jackson-1980-10-10.jpg,6.30,není k dispozici,ROw: B,není k dispozici,není k dispozici,0,https://www.setlist.fm/setlist/joe-jackson/1980/edinburgh-playhouse-edinburgh-scotland-7bcf5654.html,kk-joe-jackson-1980-10-10.jpg,tickets
TICKET_0083,konzert-joe-jackson-1980.html,BEAT CRAZY Tour,11th October 1980,"11th October 1980 -  Sheffield, U.K. - City Hall","Peter Exley, U.K.",kk-joe-jackson-1980-10-11.jpg,83.00,není k dispozici,není k dispozici,není k dispozici,není k dispozici,0,https://www.setlist.fm/setlist/joe-jackson/1980/sheffield-city-hall-sheffield-U.K.-6bcf564a.html,kk-joe-jackson-1980-10-11.jpg,tickets
TICKET_0084,konzert-joe-jackson-1980.html,BEAT CRAZY Tour,15th October 1980,"15th October 1980 -  Manchester, U.K. - Apollo Theatre","Gert Schaumlöffel, Germany",kk-joe-jackson-1980-10-15.jpg,3.00,není k dispozici,není k dispozici,není k dispozici,"One to One, I'm the Man, Mad at You, Look Sharp!, The Evil Eye, Kinda Kute, Pretty Boys, Sunday Papers, On Your Radio, Beat Crazy, It's Different for Girls, Friday, Fit, Is She Really Going Out With Him?, Don't Wanna Be Like That, Someone Up There",16,https://www.setlist.fm/setlist/joe-jackson/1980/manchester-apollo-manchester-U.K.-6bcf564e.html,kk-joe-jackson-1980-10-15.jpg,tickets
TICKET_0085,konzert-joe-jackson-1980.html,BEAT CRAZY Tour,16th October 1980,"16th October 1980 -  Glasgow, U.K. - Tiffanys","Gert Schaumlöffel, Germany",kk-joe-jackson-1980-10-16.jpg,7.30,není k dispozici,není k dispozici,není k dispozici,"One to One, I'm the Man, Biology, Beat Crazy, Look Sharp!, Mad at You, Pretty Boys, On Your Radio, The Harder They Come, Friday, Fit, Is She Really Going Out With Him?, Don't Wanna Be Like That, Got the Time, One More Time, It's Different for Girls",16,https://www.setlist.fm/setlist/joe-jackson/1980/tiffanys-glasgow-scotland-73cf564d.html,kk-joe-jackson-1980-10-16.jpg,tickets
TICKET_0086,konzert-joe-jackson-1980.html,BEAT CRAZY Tour,27th October 1980,"27th October 1980 -  London, U.K. - Hammersmith Palais","Clare Garner, U.K.",kk-joe-jackson-1980-10-27.jpg,8.00,není k dispozici,není k dispozici,není k dispozici,"One to One, I'm the Man, Biology, Beat Crazy, Look Sharp!, Crime Don't Pay, Pretty Boys, On Your Radio, Friday, Fit, Is She Really Going Out With Him?, Don't Wanna Be Like That, Got the Time",13,https://www.setlist.fm/setlist/joe-jackson/1980/hammersmith-palais-london-U.K.-7bdcd660.html,kk-joe-jackson-1980-10-27.jpg,tickets
TICKET_0087,konzert-joe-jackson-1980.html,BEAT CRAZY Tour,28th October 1980,"28th October 1980 -  London, U.K. - Hammersmith Palais","Gert Schaumlöffel, Germany",kk-joe-jackson-1980-10-28.jpg,8.00,není k dispozici,není k dispozici,není k dispozici,není k dispozici,0,https://www.setlist.fm/setlist/joe-jackson/1980/hammersmith-palais-london-U.K.-63cf5663.html,kk-joe-jackson-1980-10-28.jpg,tickets
TICKET_0088,konzert-joe-jackson-1980.html,BEAT CRAZY Tour,3rd November 1980,"3rd November 1980 - Birmingham, U.K. - Odeon Theatre","Gert Schaumlöffel, Germany",kk-joe-jackson-1980-11-03.jpg,7.30,není k dispozici,není k dispozici,není k dispozici,není k dispozici,0,https://www.setlist.fm/setlist/joe-jackson/1980/birmingham-odeon-birmingham-U.K.-73cf5665.html,kk-joe-jackson-1980-11-03.jpg,tickets
TICKET_0089,konzert-joe-jackson-1980.html,BEAT CRAZY Tour,21st November 1980,"21st November 1980 - Hamburg, Germany - University Auditorium Maximum","Gert Schaumlöffel, Germany",kk-joe-jackson-1980-11-21.jpg,není k dispozici,není k dispozici,není k dispozici,není k dispozici,není k dispozici,0,https://www.setlist.fm/setlist/joe-jackson/1980/audimax-hamburg-germany-4bec77a2.html,kk-joe-jackson-1980-11-21.jpg,tickets
TICKET_0090,konzert-joe-jackson-1980.html,BEAT CRAZY Tour,22nd November 1980,"22nd November 1980 - Hannover, Germany - Kurhaus","Björn Krüger, Germany",kk-bk-025.jpg,20.00,není k dispozici,není k dispozici,není k dispozici,není k dispozici,0,https://www.setlist.fm/setlist/joe-jackson/1980/kurhaus-friedensthal-hanover-germany-7beb2a68.html,kk-bk-025.jpg,tickets
TICKET_0091,konzert-joe-jackson-1980.html,BEAT CRAZY Tour,27st November 1980,"27st November 1980 - Frankfurt, Germany - Volksbildungsheim","Gert Schaumlöffel, Germany",kk-joe-jackson-1980-11-27.jpg,20.00,není k dispozici,není k dispozici,není k dispozici,není k dispozici,0,https://www.setlist.fm/setlist/joe-jackson/1980/volksbildungsheim-frankfurt-germany-4bec779a.html,kk-joe-jackson-1980-11-27.jpg,tickets
TICKET_0092,konzert-joe-jackson-1980.html,BEAT CRAZY Tour,2nd December 1980,"2nd December 1980 - Turin (Torino), Italy - Palasport","Gert Schaumlöffel, Germany",kk-joe-jackson-1980-12-02.jpg,není k dispozici,není k dispozici,není k dispozici,není k dispozici,"I'm the Man, Mad at You, Look Sharp!, The Evil Eye, Kinda Kute, Pretty Boys, On Your Radio, Beat Crazy, Friday, Fit, Is She Really Going Out With Him?, Don't Wanna Be Like That, Someone Up There",13,https://www.setlist.fm/setlist/joe-jackson/1980/palaruffini-turin-italy-63f27a83.html,kk-joe-jackson-1980-12-02.jpg,tickets
TICKET_0093,konzert-joe-jackson-1980.html,BEAT CRAZY Tour,13th December 1980,"13th December 1980 - Lille, France Foire Commerciale","Gert Schaumlöffel, Germany",kk-joe-jackson-1980-12-13.jpg,není k dispozici,není k dispozici,není k dispozici,není k dispozici,není k dispozici,0,https://www.setlist.fm/setlist/joe-jackson/1980/foire-commerciale-lille-france-4b8e9782.html,kk-joe-jackson-1980-12-13.jpg,tickets
TICKET_0094,konzert-joe-jackson-1980.html,BEAT CRAZY Tour,15th December 1980,"15th December 1980 - Utrecht, Netherlands - Muziekcentrum Vredenburg","Ton, Netherlands",kk-joe-jackson-1980-12-15.jpg,20.15,není k dispozici,není k dispozici,není k dispozici,"One to One, I'm the Man, Biology, It's Different for Girls, Sunday Papers, Pretty Boys, On Your Radio, Beat Crazy, Friday, Fit, Is She Really Going Out With Him?, Don't Wanna Be Like That, Got the Time",13,https://www.setlist.fm/setlist/joe-jackson/1980/muziekcentrum-vredenburg-utrecht-netherlands-1be521d0.html,kk-joe-jackson-1980-12-15.jpg,tickets
TICKET_0095,konzert-joe-jackson-1980.html,BEAT CRAZY Tour,15th December 1980,"15th December 1980 - Utrecht, Netherlands - Muziekcentrum Vredenburg","Dominique Maassen, Netherlands",kk-joe-jackson-1980-12-15-2.jpg,20.15,není k dispozici,není k dispozici,není k dispozici,"One to One, I'm the Man, Biology, It's Different for Girls, Sunday Papers, Pretty Boys, On Your Radio, Beat Crazy, Friday, Fit, Is She Really Going Out With Him?, Don't Wanna Be Like That, Got the Time",13,https://www.setlist.fm/setlist/joe-jackson/1980/muziekcentrum-vredenburg-utrecht-netherlands-1be521d0.html,kk-joe-jackson-1980-12-15-2.jpg,tickets
TICKET_0096_a,konzert-joe-jackson-1980.html,BEAT CRAZY Tour,12th February 1980,1980 - Tourpass,"Gert Schaumlöffel, Germany",kk-joe-jackson-1980-02-12-pass.jpg,není k dispozici,není k dispozici,není k dispozici,není k dispozici,není k dispozici,0,není k dispozici,kk-joe-jackson-1980-02-12-pass.jpg,passes
TICKET_0096_b,konzert-joe-jackson-1980.html,BEAT CRAZY Tour,23rd May 1980,1980 - Tourpass,"John Nyman, U.S.A.",kk-joe-jackson-1980-05-23-pass.jpg,není k dispozici,není k dispozici,není k dispozici,není k dispozici,není k dispozici,0,není k dispozici,kk-joe-jackson-1980-05-23-pass.jpg,passes
TICKET_0096_c,konzert-joe-jackson-1980.html,BEAT CRAZY Tour,9th August 1980,1980 - Tourpass,"Gert Schaumlöffel, Germany",kk-joe-jackson-1980-08-09-pass.jpg,není k dispozici,není k dispozici,není k dispozici,není k dispozici,není k dispozici,0,není k dispozici,kk-joe-jackson-1980-08-09-pass.jpg,passes
TICKET_0096_d,konzert-joe-jackson-1980.html,BEAT CRAZY Tour,1980,1980 - Tourpass,"John Nyman, U.S.A.",kk-jn-23.jpg,není k dispozici,není k dispozici,není k dispozici,není k dispozici,není k dispozici,0,není k dispozici,kk-jn-23.jpg,passes
TICKET_0097,konzert-joe-jackson-1979.html,LOOK SHARP Tour,20th April 1979,"20th April 1979 New York, NY, U.S.A. The Bottom Line","Gary Gelb, U.S.A.",kk-joe-jackson-1979-04-20.jpg,není k dispozici,není k dispozici,není k dispozici,není k dispozici,"One More Time, Pretty Girls, Look Sharp!, Geraldine and John, Sunday Papers, Baby Stick Around, Fools in Love, Is She Really Going Out With Him?, Happy Loving Couples, I'm the Man, Throw It Away, Got the Time",12,https://www.setlist.fm/setlist/joe-jackson/1979/the-bottom-line-new-york-ny-2bcc140a.html,kk-joe-jackson-1979-04-20.jpg,tickets
TICKET_0098,konzert-joe-jackson-1979.html,LOOK SHARP Tour,21st April 1979,"21st April 1979 -  New York, NY, U.S.A. - The Bottom Line","Gert Schaumlöffel, Germany",kk-joe-jackson-1979-04-21.jpg,není k dispozici,není k dispozici,není k dispozici,není k dispozici,"One More Time, Pretty Girls, Look Sharp!, Sunday Papers, Baby Stick Around, On Your Radio, Fools in Love, Is She Really Going Out With Him?, Happy Loving Couples, I'm the Man, Throw It Away, Got the Time, Pressure Drop, Come On, Ain't That a Shame",15,https://www.setlist.fm/setlist/joe-jackson/1979/the-bottom-line-new-york-ny-5b8ff7e8.html,kk-joe-jackson-1979-04-21.jpg,tickets
TICKET_0099,konzert-joe-jackson-1979.html,LOOK SHARP Tour,30th April 1979,"30th April 1979 -  Hampstead, NY, U.S.A. - Calderone Concert Hall",anonymous,kk-joe-jackson-1979-04-30.jpg,není k dispozici,není k dispozici,není k dispozici,není k dispozici,není k dispozici,1,není k dispozici,kk-joe-jackson-1979-04-30.jpg,Tickets
TICKET_0100,konzert-joe-jackson-1979.html,LOOK SHARP Tour,1st May 1979,"1st May 1979 - Dallas, TX, U.S.A. -  Palladium of Dallas","Gert Schaumlöffel, Germany",kk-joe-jackson-1979-05-01.jpg,53.00,není k dispozici,není k dispozici,není k dispozici,není k dispozici,0,https://www.setlist.fm/setlist/joe-jackson/1979/the-palladium-dallas-tx-3396609d.html,kk-joe-jackson-1979-05-01.jpg,tickets
TICKET_0101,konzert-joe-jackson-1979.html,LOOK SHARP Tour,2nd May 1979,"2nd May 1979 - Austin, TX, U.S.A. -  Armadillo World Headquaters","Gert Schaumlöffel, Germany",kk-joe-jackson-1979-05-02.jpg,není k dispozici,není k dispozici,není k dispozici,není k dispozici,není k dispozici,0,https://www.setlist.fm/setlist/joe-jackson/1979/armadillo-world-headquarters-austin-tx-2b8e94aa.html,kk-joe-jackson-1979-05-02.jpg,tickets
TICKET_0102,konzert-joe-jackson-1979.html,LOOK SHARP Tour,6th May 1979,"6th May 1979 - Denver, Colorado, U.S.A. - Rainbow Music Hall","Gert Schaumlöffel, Germany",kk-joe-jackson-1979-05-06.jpg,4.00,není k dispozici,není k dispozici,není k dispozici,"One More Time, Pretty Girls, Look Sharp!, Sunday Papers, Baby Stick Around, Is She Really Going Out With Him?, It's Different for Girls, Kinda Kute, Happy Loving Couples, I'm the Man, Throw It Away, Got the Time, Come On, Ain't That a Shame",14,https://www.setlist.fm/setlist/joe-jackson/1979/rainbow-music-hall-denver-co-7b97fe84.html,kk-joe-jackson-1979-05-06.jpg,tickets
TICKET_0103_a,konzert-joe-jackson-1979.html,LOOK SHARP Tour,14th May 1979,"14th May 1979 8:00 P.M. - San Francisco, CA, U.S.A. - Old Waldorf - 14th May 1979 11:00 P.M. - San Francisco, CA, U.S.A. - Old Waldorf","Gert Schaumlöffel, Germany",kk-joe-jackson-1979-05-14.jpg,6.50,není k dispozici,není k dispozici,není k dispozici,"One More Time, Pretty Girls, Look Sharp!, Friday, Sunday Papers, Baby Stick Around, Is She Really Going Out With Him?, Fools in Love, Life Is Just a Bowl of Cherries, Kinda Kute, Happy Loving Couples, I'm the Man, Throw It Away, Got the Time, Pressure Drop, Ain't That a Shame",16,https://www.setlist.fm/setlist/joe-jackson/1979/the-old-waldorf-san-francisco-ca-7b9cfacc.html,kk-joe-jackson-1979-05-14.jpg,tickets
TICKET_0103_b,konzert-joe-jackson-1979.html,LOOK SHARP Tour,14th May 1979,"14th May 1979 8:00 P.M. - San Francisco, CA, U.S.A. - Old Waldorf - 14th May 1979 11:00 P.M. - San Francisco, CA, U.S.A. - Old Waldorf","Gert Schaumlöffel, Germany",kk-joe-jackson-1979-05-14-late-show.jpg,6.50,není k dispozici,není k dispozici,není k dispozici,"One More Time, Pretty Girls, Look Sharp!, Friday, Sunday Papers, Baby Stick Around, Is She Really Going Out With Him?, Fools in Love, Life Is Just a Bowl of Cherries, Kinda Kute, Happy Loving Couples, I'm the Man, Throw It Away, Got the Time, Pressure Drop, Ain't That a Shame",16,https://www.setlist.fm/setlist/joe-jackson/1979/the-old-waldorf-san-francisco-ca-7b9cfacc.html,kk-joe-jackson-1979-05-14-late-show.jpg,tickets
TICKET_0104,konzert-joe-jackson-1979.html,LOOK SHARP Tour,20th May 1979,"20th May 1979 Grosse Pointe Farms, MI, U.S.A. Punch & Judy Theatre","Gert Schaumlöffel, Germany",kk-joe-jackson-1979-05-20.jpg,87.50,není k dispozici,není k dispozici,není k dispozici,"One More Time, You Got the Fever, Look Sharp!, Friday, Sunday Papers, Baby Stick Around, Is She Really Going Out With Him?, Fools in Love, Kinda Kute, Happy Loving Couples, I'm the Man, Throw It Away, Life Is Just a Bowl of Cherries, Ain't That a Shame, Come On",15,https://www.setlist.fm/setlist/joe-jackson/1979/punch-and-judy-theater-grosse-pointe-mi-63995e5f.html,kk-joe-jackson-1979-05-20.jpg,tickets
TICKET_0105,konzert-joe-jackson-1979.html,LOOK SHARP Tour,24th May 1979,"24th May 1979 - Syracuse, NY, U.S.A. - Uncle Sam's","Gert Schaumlöffel, Germany",kk-joe-jackson-1979-05-24.jpg,9.30,není k dispozici,sec: 7,není k dispozici,není k dispozici,0,https://www.setlist.fm/setlist/joe-jackson/1979/uncle-sams-dewitt-ny-3b8e94a4.html,kk-joe-jackson-1979-05-24.jpg,tickets
TICKET_0106,konzert-joe-jackson-1979.html,LOOK SHARP Tour,1st June 1979,"1st June 1979 - New York, New York, U.S.A. - Palladium","Gert Schaumlöffel, Germany",kk-joe-jackson-1979-06-01.jpg,není k dispozici,není k dispozici,není k dispozici,není k dispozici,není k dispozici,0,https://www.setlist.fm/setlist/joe-jackson/1979/the-palladium-new-york-ny-2b4270a2.html,kk-joe-jackson-1979-06-01.jpg,tickets
TICKET_0107,konzert-joe-jackson-1979.html,LOOK SHARP Tour,21st June 1979,"21st June 1979 - Paris, France - Le Bataclan","Gert Schaumlöffel, Germany",kk-joe-jackson-1979-06-21.jpg,není k dispozici,není k dispozici,není k dispozici,není k dispozici,není k dispozici,0,https://www.setlist.fm/setlist/joe-jackson/1979/le-bataclan-paris-france-3b8e949c.html,kk-joe-jackson-1979-06-21.jpg,tickets
TICKET_0108,konzert-joe-jackson-1979.html,LOOK SHARP Tour,5th July 1979,"5th July 1979 - Portsmouth, U.K. - The Locarno","Martin Ayling, U.K.",kk-joe-jackson-1979-07-05.jpg,7.30,není k dispozici,není k dispozici,není k dispozici,není k dispozici,0,https://www.setlist.fm/setlist/joe-jackson/1979/mecca-locarno-portsmouth-U.K.-53ccc355.html,kk-joe-jackson-1979-07-05.jpg,tickets
TICKET_0109,konzert-joe-jackson-1979.html,LOOK SHARP Tour,20st August 1979,"20st August 1979 - Edinburgh, G.B. - Tiffanys","Gert Schaumlöffel, Germany",kk-joe-jackson-1979-08-20.jpg,2.00,není k dispozici,není k dispozici,není k dispozici,není k dispozici,0,https://www.setlist.fm/setlist/joe-jackson/1979/tiffanys-edinburgh-scotland-5b8e97e8.html,kk-joe-jackson-1979-08-20.jpg,tickets
TICKET_0110,konzert-joe-jackson-1979.html,LOOK SHARP Tour,31th August 1979,"31th August 1979 - Hempstead, NY, U.S.A. - Calderone Concert Hall","Gary Gelb, U.S.A.",kk-joe-jackson-1979-08-31.jpg,není k dispozici,není k dispozici,není k dispozici,není k dispozici,"Look Sharp!, Get That Girl, Friday, One More Time, Geraldine and John, Sunday Papers, Baby Stick Around, It's Different for Girls, Is She Really Going Out With Him?, Don't Wanna Be Like That, Happy Loving Couples, I'm the Man, Got the Time, Pressure Drop, Throw It Away",15,https://www.setlist.fm/setlist/joe-jackson/1979/calderone-concert-hall-hempstead-ny-6b9cfac6.html,kk-joe-jackson-1979-08-31.jpg,tickets
TICKET_0111,konzert-joe-jackson-1979.html,LOOK SHARP Tour,1st September 1979,"1st September 1979 - Asbury Park, NJ, U.S.A. - Paramount Theatre","Gert Schaumlöffel, Germany",kk-joe-jackson-1979-09-01.jpg,není k dispozici,není k dispozici,není k dispozici,není k dispozici,není k dispozici,0,https://www.setlist.fm/setlist/joe-jackson/1979/paramount-theatre-asbury-park-nj-2bdfd41e.html,kk-joe-jackson-1979-09-01.jpg,tickets
TICKET_0112,konzert-joe-jackson-1979.html,LOOK SHARP Tour,6th September 1979,"6th September 1979 West Hartford, CT, U.S.A. Stage West","Gert Schaumlöffel, Germany",kk-joe-jackson-1979-09-06.jpg,55.50,není k dispozici,"SEC: ROW, SEAT: 261",není k dispozici,není k dispozici,0,https://www.setlist.fm/setlist/joe-jackson/1979/stage-west-west-hartford-ct-438e97db.html,kk-joe-jackson-1979-09-06.jpg,tickets
TICKET_0113,konzert-joe-jackson-1979.html,LOOK SHARP Tour,8th September 1979,"8th September 1979 College Park, MD, U.S.A. - Ritchie Coliseum","Gert Schaumlöffel, Germany",kk-joe-jackson-1979-09-08.jpg,8.00,není k dispozici,není k dispozici,není k dispozici,není k dispozici,0,https://www.setlist.fm/setlist/joe-jackson/1979/ritchie-coliseum-college-park-md-5b8e97dc.html,kk-joe-jackson-1979-09-08.jpg,tickets
TICKET_0114,konzert-joe-jackson-1979.html,LOOK SHARP Tour,20th September 1979,"20th September 1979 Syracuse, NY, U.S.A. Landmark Theatre","Gert Schaumlöffel, Germany",kk-joe-jackson-1979-09-20.jpg,není k dispozici,není k dispozici,"SEC: ROW, SEAT: SC",není k dispozici,"One More Time, I'm the Man, Is She Really Going Out With Him?, Sunday Papers",4,https://www.setlist.fm/setlist/joe-jackson/1979/landmark-theatre-syracuse-ny-7bf7eeec.html,kk-joe-jackson-1979-09-20.jpg,tickets
TICKET_0115,konzert-joe-jackson-1979.html,LOOK SHARP Tour,22th September 1979,"22th September 1979 South Orange, NJ, U.S.A. University - Walsh Gym","Gert Schaumlöffel, Germany",kk-joe-jackson-1979-09-22.jpg,není k dispozici,není k dispozici,není k dispozici,není k dispozici,není k dispozici,0,https://www.setlist.fm/setlist/joe-jackson/1979/seton-hall-university-south-orange-nj-438e97cf.html,kk-joe-jackson-1979-09-22.jpg,tickets
TICKET_0116,konzert-joe-jackson-1979.html,LOOK SHARP Tour,28th September 1979,"28th September 1979 - Upper Darby, PA, U.S.A. - Tower Theater","Gert Schaumlöffel, Germany",kk-joe-jackson-1979-09-28.jpg,86.50,není k dispozici,není k dispozici,není k dispozici,není k dispozici,0,https://www.setlist.fm/setlist/joe-jackson/1979/tower-theatre-upper-darby-pa-bce0582.html,kk-joe-jackson-1979-09-28.jpg,tickets
TICKET_0117,konzert-joe-jackson-1979.html,LOOK SHARP Tour,30th September 1979,"30th September 1979 - New York, U.S.A. - Palladium","Gert Schaumlöffel, Germany",kk-joe-jackson-1979-09-30.jpg,není k dispozici,není k dispozici,není k dispozici,není k dispozici,není k dispozici,0,https://www.setlist.fm/setlist/joe-jackson/1979/the-palladium-new-york-ny-3b9948ec.html,kk-joe-jackson-1979-09-30.jpg,tickets
TICKET_0118,konzert-joe-jackson-1979.html,LOOK SHARP Tour,12th October 1979,"12th October 1979 Montreal, Canada Thtre Saint-Denis","Gary Katsof, Canada",kk-joe-jackson-1979-10-12.jpg,58.50,není k dispozici,není k dispozici,není k dispozici,"I'm the Man, One More Time, Sunday Papers, Is She Really Going Out With Him?, Happy Loving Couples, Baby Stick Around, Look Sharp!, Got the Time, Geraldine and John, It's Different for Girls, Kinda Kute, Don't Wanna Be Like That, Friday",13,https://www.setlist.fm/setlist/joe-jackson/1979/theatre-st-denis-montreal-qc-canada-13f3e5e1.html,kk-joe-jackson-1979-10-12.jpg,tickets
TICKET_0119,konzert-joe-jackson-1979.html,LOOK SHARP Tour,3rd November 1979,"3rd November 1979 - Victoria, BC, Canada - University Centre Auditorium","Gert Schaumlöffel, Germany",kk-joe-jackson-1979-11-03.jpg,7.75,$,není k dispozici,není k dispozici,není k dispozici,0,https://www.setlist.fm/setlist/joe-jackson/1979/farquhar-auditorium-university-of-victoria-victoria-bc-canada-438e97c7.html,kk-joe-jackson-1979-11-03.jpg,tickets
TICKET_0120_a,konzert-joe-jackson-1979.html,LOOK SHARP Tour,9th November 1979,"9th November 1979 - Santa Monica, CA. U.S.A. - Santa Monica Civic Auditorium","Gert Schaumlöffel, Germany",kk-joe-jackson-1979-11-09-1.jpg,není k dispozici,není k dispozici,není k dispozici,není k dispozici,není k dispozici,0,https://www.setlist.fm/setlist/joe-jackson/1979/santa-monica-civic-auditorium-santa-monica-ca-73df3a59.html,kk-joe-jackson-1979-11-09-1.jpg,tickets
TICKET_0120_b,konzert-joe-jackson-1979.html,LOOK SHARP Tour,9th November 1979,"9th November 1979 - Santa Monica, CA. U.S.A. - Santa Monica Civic Auditorium","Gert Schaumlöffel, Germany",kk-joe-jackson-1979-11-09-2.jpg,není k dispozici,není k dispozici,není k dispozici,není k dispozici,není k dispozici,0,https://www.setlist.fm/setlist/joe-jackson/1979/santa-monica-civic-auditorium-santa-monica-ca-73df3a59.html,kk-joe-jackson-1979-11-09-2.jpg,tickets
TICKET_0121,konzert-joe-jackson-1979.html,LOOK SHARP Tour,3rd December 1979,"3rd December 1979 Glasgow, Scottland - Apollo Theatre","Gert Schaumlöffel, Germany",kk-joe-jackson-1979-12-03.jpg,7.30,není k dispozici,není k dispozici,není k dispozici,není k dispozici,0,https://www.setlist.fm/setlist/joe-jackson/1979/apollo-theatre-glasgow-scotland-4bcaaf02.html,kk-joe-jackson-1979-12-03.jpg,tickets
TICKET_0122,konzert-joe-jackson-1979.html,LOOK SHARP Tour,5th December 1979,"5th December 1979 - Newcastle, U.K. - City Hall","Björn Krüger, Germany",kk-joe-jackson-1979-12-05.jpg,7.30,není k dispozici,SEAT: 19,není k dispozici,není k dispozici,0,https://www.setlist.fm/setlist/joe-jackson/1979/newcastle-city-hall-newcastle-upon-tyne-U.K.-13c785d5.html,kk-joe-jackson-1979-12-05.jpg,tickets
TICKET_0123,konzert-joe-jackson-1979.html,LOOK SHARP Tour,9th December 1979,"9th December 1979 - London, U.K. - Empire Ballroom","Gert Schaumlöffel, Germany",kk-joe-jackson-1979-12-09.jpg,není k dispozici,není k dispozici,není k dispozici,není k dispozici,není k dispozici,0,https://www.setlist.fm/setlist/joe-jackson/1979/empire-ballroom-london-U.K.-5bcaaf00.html,kk-joe-jackson-1979-12-09.jpg,tickets
TICKET_0124,konzert-joe-jackson-1979.html,LOOK SHARP Tour,14th December 1979,"Portsmouth, U.K. - The Guildhall - 14th December 1979","Martin Ayling, U.K.",kk-joe-jackson-1979-12-14.jpg,7.30,není k dispozici,není k dispozici,není k dispozici,"Look Sharp!, Friday, Geraldine and John, Kinda Kute, The Harder They Come, Pretty Boys, Don't Wanna Be Like That, I'm the Man",8,https://www.setlist.fm/setlist/joe-jackson/1979/portsmouth-guildhall-portsmouth-U.K.-43caaffb.html,kk-joe-jackson-1979-12-14.jpg,tickets
TICKET_0125_a,konzert-joe-jackson-1979.html,LOOK SHARP Tour,28th September 1979,1979 - Tourpass,"Gert Schaumlöffel, Germany",kk-joe-jackson-1979-09-28-pass.jpg,není k dispozici,není k dispozici,není k dispozici,Moon Martin & The Ravens,není k dispozici,0,není k dispozici,kk-joe-jackson-1979-09-28-pass.jpg,passes
TICKET_0125_b,konzert-joe-jackson-1979.html,LOOK SHARP Tour,14th December 1979,1979 - Tourpass,"Gert Schaumlöffel, Germany",kk-joe-jackson-1979-12-14-pass.jpg,není k dispozici,není k dispozici,není k dispozici,Moon Martin & The Ravens,není k dispozici,0,není k dispozici,kk-joe-jackson-1979-12-14-pass.jpg,passes
TICKET_0125_c,konzert-joe-jackson-1979.html,LOOK SHARP Tour,1979,1979 - Tourpass,"Gert Schaumlöffel, Germany",kk-joe-jackson-1979.jpg,89.95,není k dispozici,není k dispozici,Moon Martin & The Ravens,není k dispozici,0,není k dispozici,kk-joe-jackson-1979.jpg,passes
TICKET_0126,konzert-joe-jackson-2007.html,JOE JACKSON TRIO Tour 2,5th May 2007,"5th May 2007 - Berlin, Germany - Passionskirche","Björn Krüger, Germany",kk-joe-jackson-2007-05-05.jpg,39.20,EUR,není k dispozici,Graham Maby and Dave Houghton,"Steppin' Out, Another World, Too Tough, Citizen Sane, Not Here, Not Now, The Uptown Train, Any Major Dude Will Tell You, Chinatown / Caravan, On Your Radio, Solo (So Low), Girl, It's Different for Girls, A Place in the Rain, Dirty Martini, Good Bad Boy, You Can't Get What You Want (Till You Know What You Want), One More Time, Dirty Love, Is She Really Going Out With Him?, A Slow Song",20,https://www.setlist.fm/setlist/joe-jackson/2007/passionskirche-berlin-germany-3bedb83c.html,kk-joe-jackson-2007-05-05.jpg,tickets
TICKET_0127,konzert-joe-jackson-2007.html,JOE JACKSON TRIO Tour 2,6th May 2007,"6th May 2007 - Bremen, Germany - Pier 2","Rolf Thalmann, Germany",kk-joe-jackson-my-bremen-ticket-2007.jpg,39.30,EUR,není k dispozici,Graham Maby and Dave Houghton,"Steppin' Out, Another World, Citizen Sane, The Uptown Train, Wasted Time, Cancer, On Your Radio, Solo (So Low), Be My Number Two, It's Different for Girls, Chinatown / Caravan, King Pleasure Time, Take It Like a Man, You Can't Get What You Want (Till You Know What You Want), One More Time, Don't Get Around Much Anymore, Is She Really Going Out With Him?, A Slow Song",18,https://www.setlist.fm/setlist/joe-jackson/2007/pier-2-bremen-germany-1bef05d0.html,kk-joe-jackson-my-bremen-ticket-2007.jpg,tickets
TICKET_0128,konzert-joe-jackson-2007.html,JOE JACKSON TRIO Tour 2,9th May 2007,"9th May 2007 - München (Munich), Germany - Georg Elser Hallen","Robert Keller, Germany",kk-joe-jackson-2007-05-09.jpg,09.05,není k dispozici,není k dispozici,Graham Maby and Dave Houghton,"Steppin' Out, Another World, Too Tough, Citizen Sane, Drunk Song, Cancer, On Your Radio, Solo (So Low), Real Men, It's Different for Girls, The Uptown Train, Chinatown / Caravan, King Pleasure Time, You Can't Get What You Want (Till You Know What You Want), One More Time, Don't Get Around Much Anymore, Is She Really Going Out With Him?, A Slow Song",18,https://www.setlist.fm/setlist/joe-jackson/2007/georg-elser-hallen-munich-germany-5bedbb30.html,kk-joe-jackson-2007-05-09.jpg,tickets
TICKET_0129,konzert-joe-jackson-2007.html,JOE JACKSON TRIO Tour 2,11th May 2007,"11th May 2007 - Bielefeld, Germany - Ringlokschuppen","Gert Schaumlöffel, Germany",kk-gs-joe-jackson-2007-05-11.jpg,35.00,EUR,není k dispozici,Graham Maby and Dave Houghton,"Steppin' Out, Another World, Invisible Man, A Place in the Rain, Cancer, King Pleasure Time, On Your Radio, Solo (So Low), It's Different for Girls, Rush Across the Road, Dirty Martini, Citizen Sane, Take It Like a Man, You Can't Get What You Want (Till You Know What You Want), One More Time, Don't Get Around Much Anymore, Is She Really Going Out With Him?, A Slow Song",18,https://www.setlist.fm/setlist/joe-jackson/2007/ringlokschuppen-bielefeld-germany-4bcebf42.html,kk-gs-joe-jackson-2007-05-11.jpg,tickets
TICKET_0130,konzert-joe-jackson-2007.html,JOE JACKSON TRIO Tour 2,12th May 2007,"12th May 2007 - Düsseldorf, Germany - PhilipsHalle","Marielle de Bruijn, Netherlands",kk-joe-jackson-2007-05-12.jpg,24.80,EUR,není k dispozici,Graham Maby and Dave Houghton,"Steppin' Out, Another World, Citizen Sane, Not Here, Not Now, The Uptown Train, King Pleasure Time, On Your Radio, Solo (So Low), It's Different for Girls, Wasted Time, Chinatown / Caravan, I'm Looking Through You, Good Bad Boy, You Can't Get What You Want (Till You Know What You Want), One More Time, Don't Get Around Much Anymore, Is She Really Going Out With Him?, A Slow Song",18,https://www.setlist.fm/setlist/joe-jackson/2007/philipshalle-dusseldorf-germany-43edbb37.html,kk-joe-jackson-2007-05-12.jpg,tickets
TICKET_0131,konzert-joe-jackson-2007.html,JOE JACKSON TRIO Tour 2,17th May 2007,"17th May 2007 - Utrecht, Netherlands - Vredenburg","Marielle de Bruijn, Netherlands",kk-joe-jackson-2007-05-17.jpg,není k dispozici,není k dispozici,není k dispozici,není k dispozici,"Steppin' Out, Another World, Too Tough, Citizen Sane, Cancer, On Your Radio, Solo (So Low), It's Different for Girls, The Uptown Train, Chinatown, King Pleasure Time, Take It Like a Man, You Can't Get What You Want (Till You Know What You Want), One More Time, I'm Looking Through You, Is She Really Going Out With Him?, A Slow Song",17,https://www.setlist.fm/setlist/joe-jackson/2007/muziekcentrum-vredenburg-utrecht-netherlands-7bd43ab4.html,kk-joe-jackson-2007-05-17.jpg,tickets
TICKET_0132,konzert-joe-jackson-2007.html,JOE JACKSON TRIO Tour 2,18th May 2007,"18th May 2007 - Groningen, Netherlands - De Oosterpoort","Bert Bos, Netherlands",kk-joe-jackson-groningen-2007.jpg,není k dispozici,není k dispozici,není k dispozici,není k dispozici,"Steppin' Out, Another World, Invisible Man, Too Tough, Citizen Sane, The Uptown Train, Goin' Downtown, On Your Radio, Solo (So Low), It's Different for Girls, Rush Across the Road, Awkward Age, Chinatown / Caravan, Good Bad Boy, You Can't Get What You Want (Till You Know What You Want), One More Time, Don't Get Around Much Anymore, Is She Really Going Out With Him?, A Slow Song",19,https://www.setlist.fm/setlist/joe-jackson/2007/de-oosterpoort-groningen-netherlands-7bce4a44.html,kk-joe-jackson-groningen-2007.jpg,tickets
TICKET_0133,konzert-joe-jackson-2007.html,JOE JACKSON TRIO Tour 2,21st May 2007,"21st May 2007 - Nottingham, U.K. - Rock City","Mike Baggaley, U.K.",kk-joe-jackson-2007-05-21.jpg,není k dispozici,není k dispozici,není k dispozici,není k dispozici,"Steppin' Out, Another World, Too Tough, Citizen Sane, Wasted Time, Cancer, On Your Radio, Solo (So Low), It's Different for Girls, The Uptown Train, Chinatown, Good Bad Boy, You Can't Get What You Want (Till You Know What You Want), One More Time, Don't Get Around Much Anymore, Is She Really Going Out With Him?, A Slow Song",17,https://www.setlist.fm/setlist/joe-jackson/2007/rock-city-nottingham-U.K.-5bedbb24.html,kk-joe-jackson-2007-05-21.jpg,tickets
TICKET_0134,konzert-joe-jackson-2007.html,JOE JACKSON TRIO Tour 2,24th May 2007,"24th May 2007 - London, U.K. - Carling Academy Islington","Alex Wilde, U.K.",kk-joe-jackson-2007-05-24.jpg,20.00,není k dispozici,není k dispozici,není k dispozici,není k dispozici,0,https://www.setlist.fm/setlist/joe-jackson/2007/carling-academy-islington-london-U.K.-13f351f1.html,kk-joe-jackson-2007-05-24.jpg,tickets
TICKET_0135,konzert-joe-jackson-2007.html,JOE JACKSON TRIO Tour 2,3rd June 2007,"3rd June 2007 - Dublin, Ireland - Olympia Theatre - Digital Ticket","Martin Foyle, Ireland",kk-joe-jackson-2007-06-03-digital.jpg,16.17,není k dispozici,SEAT: 2,není k dispozici,není k dispozici,0,https://www.setlist.fm/setlist/joe-jackson/2007/olympia-theatre-dublin-ireland-5bedbb00.html,kk-joe-jackson-2007-06-03-digital.jpg,tickets
TICKET_0136,konzert-joe-jackson-2007.html,JOE JACKSON TRIO Tour 2,3rd June 2007,"3rd June 2007 - Dublin, Ireland - Olympia Theatre","John Foyle, Ireland",kk-joe-jackson-2007-06-03.jpg,není k dispozici,není k dispozici,SEAT: 15,není k dispozici,není k dispozici,0,https://www.setlist.fm/setlist/joe-jackson/2007/olympia-theatre-dublin-ireland-5bedbb00.html,kk-joe-jackson-2007-06-03.jpg,tickets
TICKET_0137,konzert-joe-jackson-2007.html,JOE JACKSON TRIO Tour 2,5th June 2007,"5th June 2007 - Amsterdam, Netherlands - Paradiso","Annelies Kanbier, Netherlands",kk-joe-jackson-2007-06-05.jpg,19.00,není k dispozici,není k dispozici,není k dispozici,"Steppin' Out, Another World, Citizen Sane, Goin' Downtown, Not Here, Not Now, The Uptown Train, King Pleasure Time, On Your Radio, Solo (So Low), It's Different for Girls, Wasted Time, Chinatown / Caravan, Dirty Martini, Good Bad Boy, You Can't Get What You Want (Till You Know What You Want), One More Time, Don't Get Around Much Anymore, Is She Really Going Out With Him?, A Slow Song",19,https://www.setlist.fm/setlist/joe-jackson/2007/grote-zaal-amsterdam-netherlands-53edbb05.html,kk-joe-jackson-2007-06-05.jpg,tickets
TICKET_0138,konzert-joe-jackson-2007.html,JOE JACKSON TRIO Tour 2,6th June 2007,"6th June 2007 - Paris, France - Casino de Paris","Mathieu Chartier, France",kk-joe-jackson-2007-06-06.jpg,není k dispozici,není k dispozici,není k dispozici,není k dispozici,není k dispozici,0,https://www.setlist.fm/setlist/joe-jackson/2007/casino-de-paris-paris-france-5bedbbf8.html,kk-joe-jackson-2007-06-06.jpg,tickets
TICKET_0139,konzert-joe-jackson-2007.html,JOE JACKSON TRIO Tour 2,6th June 2007,"6th June 2007 - Paris, France - Casino de Paris","Lars A. Larsson, Sweden",kk-joe-jackson-2007-06-06-2.jpg,20.00,není k dispozici,není k dispozici,není k dispozici,není k dispozici,0,https://www.setlist.fm/setlist/joe-jackson/2007/casino-de-paris-paris-france-5bedbbf8.html,kk-joe-jackson-2007-06-06-2.jpg,tickets
TICKET_0140_a,konzert-joe-jackson-2007.html,JOE JACKSON TRIO Tour 2,7th June 2007,"7th June 2007 - Antwerpen, Belgium - Koningin Elisabethzaal","Gert Schaumlöffel, Germany",kk-joe-jackson-2007-06-07.jpg,46.25,EUR,není k dispozici,Sonya Kitchell,"Steppin' Out, Another World, Citizen Sane, Rush Across the Road, Goin' Downtown, King Pleasure Time, On Your Radio, Solo (So Low), It's Different for Girls, Wasted Time, Chinatown, Dirty Martini, Inbetweenies, Good Bad Boy, You Can't Get What You Want (Till You Know What You Want), One More Time, Dirty Love, Is She Really Going Out With Him?, A Slow Song",19,https://www.setlist.fm/setlist/joe-jackson/2007/koningin-elisabethzaal-antwerp-belgium-4bd4b362.html,kk-joe-jackson-2007-06-07.jpg,tickets
TICKET_0140_b,konzert-joe-jackson-2007.html,JOE JACKSON TRIO Tour 2,7th June 2007,"7th June 2007 - Antwerpen, Belgium - Koningin Elisabethzaal","Gert Schaumlöffel, Germany",kk-joe-jackson-2007-06-07-2.jpg,46.25,EUR,není k dispozici,Sonya Kitchell,"Steppin' Out, Another World, Citizen Sane, Rush Across the Road, Goin' Downtown, King Pleasure Time, On Your Radio, Solo (So Low), It's Different for Girls, Wasted Time, Chinatown, Dirty Martini, Inbetweenies, Good Bad Boy, You Can't Get What You Want (Till You Know What You Want), One More Time, Dirty Love, Is She Really Going Out With Him?, A Slow Song",19,https://www.setlist.fm/setlist/joe-jackson/2007/koningin-elisabethzaal-antwerp-belgium-4bd4b362.html,kk-joe-jackson-2007-06-07-2.jpg,tickets
TICKET_0141,konzert-joe-jackson-2007.html,JOE JACKSON TRIO Tour 2,11th June 2007,"11th June 2007 - Barcelona, Spain - Bikini","Gert Schaumlöffel, Germany",kk-gs-joe-jackson-2007-06-11.jpg,není k dispozici,není k dispozici,není k dispozici,není k dispozici,"Steppin' Out, Another World, Invisible Man, Rush Across the Road, Cancer, King Pleasure Time, On Your Radio, Solo (So Low), It's Different for Girls, Wasted Time, Chinatown / Caravan, The Uptown Train, Take It Like a Man, You Can't Get What You Want (Till You Know What You Want), One More Time, Don't Get Around Much Anymore, Is She Really Going Out With Him?, A Slow Song",18,https://www.setlist.fm/setlist/joe-jackson/2007/bikini-barcelona-spain-53edbbfd.html,kk-gs-joe-jackson-2007-06-11.jpg,tickets
TICKET_0142,konzert-joe-jackson-2007.html,JOE JACKSON TRIO Tour 2,2007,2007 - Tourpass,"Gert Schaumlöffel, Germany","kk-joe-jackson-2007-pass-front.jpg, kk-joe-jackson-2007-pass-back.jpg",není k dispozici,není k dispozici,není k dispozici,není k dispozici,není k dispozici,0,není k dispozici,"kk-joe-jackson-2007-pass-front.jpg, kk-joe-jackson-2007-pass-back.jpg",passes
TICKET_0143,konzert-joe-jackson-1991.html,LAUGHTER & LUST  Tour,18th May 1991,"18th May 1991 - Münster, Germany - Halle Münsterland","Gert Schaumlöffel, Germany",kk-joe-jackson-1991-05-18.jpg,18.30,není k dispozici,není k dispozici,není k dispozici,"Steppin' Out, Right and Wrong, It's Different for Girls, Got the Time, Obvious Song, Goin' Downtown, Stranger Than Fiction, Down to London, When You're Not Around, The Other Me, Fifty Dollar Love Affair, Real Men, You Can't Get What You Want (Till You Know What You Want), Another World, Rant and Rave, Nineteen Forever, Oh Well, Jamie G., One More Time, I'm the Man, A Slow Song",21,https://www.setlist.fm/setlist/joe-jackson/1991/halle-munsterland-munster-germany-bfe91e2.html,kk-joe-jackson-1991-05-18.jpg,tickets
TICKET_0144,konzert-joe-jackson-1991.html,LAUGHTER & LUST  Tour,23th May 1991,"23th May 1991 - Manchester, U.K. - Apollo Theatre","Gert Schaumlöffel, Germany",kk-joe-jackson-1991-05-23.jpg,není k dispozici,není k dispozici,není k dispozici,special quests,není k dispozici,0,https://www.setlist.fm/setlist/joe-jackson/1991/manchester-apollo-manchester-U.K.-1bd91d7c.html,kk-joe-jackson-1991-05-23.jpg,tickets
TICKET_0145_a,konzert-joe-jackson-1991.html,LAUGHTER & LUST  Tour,27th May 1991,"London, U.K. - Hammersmith Odeon - 27th May 1991 - 28th May 1991 - Steve Whitbread, U.K.","Gert Schaumlöffel, Germany",kk-joe-jackson-1991-05-27.jpg,5.91,není k dispozici,není k dispozici,není k dispozici,"It's Different for Girls, Steppin' Out",2,https://www.setlist.fm/setlist/joe-jackson/1991/hammersmith-odeon-london-U.K.-7bf34260.html,kk-joe-jackson-1991-05-27.jpg,tickets
TICKET_0145_b,konzert-joe-jackson-1991.html,LAUGHTER & LUST  Tour,27th May 1991,"London, U.K. - Hammersmith Odeon - 27th May 1991 - 28th May 1991 - Steve Whitbread, U.K.","Gert Schaumlöffel, Germany",kk-joe-jackson-1991-05-28.jpg,5.91,není k dispozici,není k dispozici,není k dispozici,"It's Different for Girls, Steppin' Out",2,https://www.setlist.fm/setlist/joe-jackson/1991/hammersmith-odeon-london-U.K.-7bf34260.html,kk-joe-jackson-1991-05-28.jpg,tickets
TICKET_0146,konzert-joe-jackson-1991.html,LAUGHTER & LUST  Tour,31st May 1991,"31st May 1991 - Hamburg, Germany, CCH 1 - Another Scan","Björn Krüger, Germany",kk-bk-022.jpg,není k dispozici,není k dispozici,Reihe: 49,není k dispozici,"Steppin' Out, Right and Wrong, It's Different for Girls, Got the Time, Obvious Song, Goin' Downtown, You Can't Get What You Want (Till You Know What You Want), Fools in Love, The Other Me, Stranger Than Fiction, Real Men, Rant and Rave, Nineteen Forever, Another World, Hit Single, Oh Well, Jamie G., One More Time, I'm the Man, A Slow Song",20,https://www.setlist.fm/setlist/joe-jackson/1991/cch-saal-1-hamburg-germany-53c11bd5.html,kk-bk-022.jpg,tickets
TICKET_0147,konzert-joe-jackson-1991.html,LAUGHTER & LUST  Tour,2nd June 1991,"2nd June 1991 - Rotterdam, Netherlands -  de Doelen","Gert Schaumlöffel, Germany",kk-joe-jackson-1991-06-02.jpg,20.15,není k dispozici,není k dispozici,není k dispozici,není k dispozici,0,https://www.setlist.fm/setlist/joe-jackson/1991/de-doelen-rotterdam-netherlands-3bfe9078.html,kk-joe-jackson-1991-06-02.jpg,tickets
TICKET_0148,konzert-joe-jackson-1991.html,LAUGHTER & LUST  Tour,6th June 1991,"6th June 1991 - Paris, France - Zénith","Gert Schaumlöffel, Germany",kk-joe-jackson-1991-06-06.jpg,není k dispozici,není k dispozici,není k dispozici,není k dispozici,"Steppin' Out, Right and Wrong, It's Different for Girls, Got the Time, Obvious Song, Goin' Downtown, Stranger Than Fiction, Fools in Love, You Can't Get What You Want (Till You Know What You Want), Another World, Down to London, The Other Me, My House, Real Men, Rant and Rave, Nineteen Forever, Oh Well, Jamie G., One More Time, I'm the Man, A Slow Song",21,https://www.setlist.fm/setlist/joe-jackson/1991/le-zenith-paris-france-23fe9033.html,kk-joe-jackson-1991-06-06.jpg,tickets
TICKET_0149,konzert-joe-jackson-1991.html,LAUGHTER & LUST  Tour,11th June 1991,"11th June 1991 - Milano, Italy - Teatro Smeraldo","Bob Smith, Italy",kk-joe-jackson-1991-06-11.jpg,není k dispozici,není k dispozici,není k dispozici,není k dispozici,"Steppin' Out, Right and Wrong, It's Different for Girls, Got the Time, Obvious Song, It’s All Too Much, You Can't Get What You Want (Till You Know What You Want), Another World, Fools in Love, The Other Me, My House, Home Town, Rant and Rave, Nineteen Forever, Oh Well, Jamie G., Stranger Than Fiction, I'm the Man, A Slow Song",19,https://www.setlist.fm/setlist/joe-jackson/1991/teatro-smeraldo-milan-italy-3bfe90c0.html,kk-joe-jackson-1991-06-11.jpg,tickets
TICKET_0150_a,konzert-joe-jackson-1991.html,LAUGHTER & LUST  Tour,15th June 1991,"15th June 1991 - Düsseldorf, Germany - Philipshalle - Björn Krüger, Germany - Oliver Pasch, Germany","Gert Schaumlöffel, Germany",kk-bk-010.jpg,19.00,není k dispozici,není k dispozici,není k dispozici,"Steppin' Out, Right and Wrong, It's Different for Girls, Got the Time, Obvious Song, Goin' Downtown, Fools in Love, You Can't Get What You Want (Till You Know What You Want), Another World, Down to London, The Other Me, Real Men, Rant and Rave, Nineteen Forever, Oh Well, Jamie G., One More Time, Stranger Than Fiction, I'm the Man, A Slow Song",20,https://www.setlist.fm/setlist/joe-jackson/1991/philipshalle-dusseldorf-germany-bf261fe.html,kk-bk-010.jpg,tickets
TICKET_0150_b,konzert-joe-jackson-1991.html,LAUGHTER & LUST  Tour,15th June 1991,"15th June 1991 - Düsseldorf, Germany - Philipshalle - Björn Krüger, Germany - Oliver Pasch, Germany","Gert Schaumlöffel, Germany",kk-joe-jackson-1991-06-15-2.jpg,19.00,není k dispozici,není k dispozici,není k dispozici,"Steppin' Out, Right and Wrong, It's Different for Girls, Got the Time, Obvious Song, Goin' Downtown, Fools in Love, You Can't Get What You Want (Till You Know What You Want), Another World, Down to London, The Other Me, Real Men, Rant and Rave, Nineteen Forever, Oh Well, Jamie G., One More Time, Stranger Than Fiction, I'm the Man, A Slow Song",20,https://www.setlist.fm/setlist/joe-jackson/1991/philipshalle-dusseldorf-germany-bf261fe.html,kk-joe-jackson-1991-06-15-2.jpg,tickets
TICKET_0150_c,konzert-joe-jackson-1991.html,LAUGHTER & LUST  Tour,15th June 1991,"15th June 1991 - Düsseldorf, Germany - Philipshalle - Björn Krüger, Germany - Oliver Pasch, Germany","Gert Schaumlöffel, Germany",kk-joe-jackson-1991-06-15-3.jpg,19.00,není k dispozici,není k dispozici,není k dispozici,"Steppin' Out, Right and Wrong, It's Different for Girls, Got the Time, Obvious Song, Goin' Downtown, Fools in Love, You Can't Get What You Want (Till You Know What You Want), Another World, Down to London, The Other Me, Real Men, Rant and Rave, Nineteen Forever, Oh Well, Jamie G., One More Time, Stranger Than Fiction, I'm the Man, A Slow Song",20,https://www.setlist.fm/setlist/joe-jackson/1991/philipshalle-dusseldorf-germany-bf261fe.html,kk-joe-jackson-1991-06-15-3.jpg,tickets
TICKET_0151,konzert-joe-jackson-1991.html,LAUGHTER & LUST  Tour,16th June 1991,"16th June 1991 - Stuttgart, Germany - Liederhalle, Beethovensaal","Gert Schaumlöffel, Germany",kk-joe-jackson-1991-06-16.jpg,20.00,není k dispozici,není k dispozici,není k dispozici,není k dispozici,0,https://www.setlist.fm/setlist/joe-jackson/1991/beethoven-saal-stuttgart-germany-23fe90ab.html,kk-joe-jackson-1991-06-16.jpg,tickets
TICKET_0152,konzert-joe-jackson-1991.html,LAUGHTER & LUST  Tour,17th June 1991,"17th June 1991 München (Munich), Germany - Circus Krone","Robert Keller, Germany",kk-joe-jackson-1991-06-17.jpg,19.00,není k dispozici,není k dispozici,není k dispozici,není k dispozici,0,https://www.setlist.fm/setlist/joe-jackson/1991/circus-krone-munich-germany-3bfe90a8.html,kk-joe-jackson-1991-06-17.jpg,tickets
TICKET_0153,konzert-joe-jackson-1991.html,LAUGHTER & LUST  Tour,23rd June 1991,"23rd June 1991 - Toulouse, France - Palais des Sports","Gert Schaumlöffel, Germany",kk-joe-jackson-1991-06-23.jpg,není k dispozici,není k dispozici,není k dispozici,není k dispozici,"Steppin' Out, Right and Wrong, It's Different for Girls, Got the Time, Obvious Song, When You're Not Around, You Can't Get What You Want (Till You Know What You Want), Another World, Goin' Downtown, Fifty Dollar Love Affair, The Other Me, Real Men, Rant and Rave, Nineteen Forever, Oh Well, Jamie G., One More Time, Stranger Than Fiction, I'm the Man, A Slow Song",20,https://www.setlist.fm/setlist/joe-jackson/1991/palais-des-sports-toulouse-france-6bf4965a.html,kk-joe-jackson-1991-06-23.jpg,tickets
TICKET_0154,konzert-joe-jackson-1991.html,LAUGHTER & LUST  Tour,28th June 1991,"28th June 1991 - Nice, France - Théatre de Verdure","Gert Schaumlöffel, Germany",kk-gs-joe-jackson-1991-06-28.jpg,není k dispozici,není k dispozici,není k dispozici,není k dispozici,není k dispozici,0,https://www.setlist.fm/setlist/joe-jackson/1991/theatre-de-verdure-nice-france-5bfe937c.html,kk-gs-joe-jackson-1991-06-28.jpg,tickets
TICKET_0155,konzert-joe-jackson-1991.html,LAUGHTER & LUST  Tour,29th June 1991,"29th June 1991 - Belfort, France - Eurockéennes Festival","Steve Whitbread, U.K.",kk-joe-jackson-1991-06-29.jpg,není k dispozici,není k dispozici,není k dispozici,není k dispozici,není k dispozici,0,https://www.setlist.fm/setlist/joe-jackson/1991/presquile-de-malsaucy-belfort-france-5bfe9374.html,kk-joe-jackson-1991-06-29.jpg,tickets
TICKET_0156,konzert-joe-jackson-1991.html,LAUGHTER & LUST  Tour,10th July 1991,"10th July 1991 - Atlanta, GA, U.S.A. - Fabulous Fox Thratre - not in JJ Archive","Gert Schaumlöffel, Germany",kk-joe-jackson-1991-07-10.jpg,10.19,není k dispozici,není k dispozici,není k dispozici,"Steppin' Out, It's Different for Girls, Got the Time, Obvious Song, Goin' Downtown, Right and Wrong, Fools in Love, Stranger Than Fiction, Another World, Look Sharp!, The Other Me, Real Men, Rant and Rave, Nineteen Forever, Oh Well, Jamie G., One More Time, I'm the Man, A Slow Song",19,https://www.setlist.fm/setlist/joe-jackson/1991/fox-theatre-atlanta-ga-3b973c60.html,kk-joe-jackson-1991-07-10.jpg,tickets
TICKET_0157,konzert-joe-jackson-1991.html,LAUGHTER & LUST  Tour,21st July 1991,"21st July 1991 - Lowell, MA, U.S.A. - Lowell Memorial Auditorium","Ken Van Tassell, U.S.A.",kk-joe-jackson-1991-07-21.jpg,21.29,není k dispozici,není k dispozici,není k dispozici,není k dispozici,0,https://www.setlist.fm/setlist/joe-jackson/1991/lowell-memorial-auditorium-lowell-ma-4bfe93e2.html,kk-joe-jackson-1991-07-21.jpg,tickets
TICKET_0158,konzert-joe-jackson-1991.html,LAUGHTER & LUST  Tour,23rd July 1991,"23rd July 1991 - Montreal, Canada - Théâtre St-Denis","Jason Glazer, Canada",kk-joe-jackson-1991-07-23.jpg,33.50,$,není k dispozici,není k dispozici,není k dispozici,0,https://www.setlist.fm/setlist/joe-jackson/1991/theatre-st-denis-montreal-qc-canada-5bfe93e0.html,kk-joe-jackson-1991-07-23.jpg,tickets
TICKET_0159,konzert-joe-jackson-1991.html,LAUGHTER & LUST  Tour,27th July 1991,"27th July 1991 - Chicago, IL, U.S.A. - Chicago Theatre","Gert Schaumlöffel, Germany",kk-joe-jackson-1991-07-27.jpg,není k dispozici,není k dispozici,SEAT: 2,není k dispozici,není k dispozici,0,https://www.setlist.fm/setlist/joe-jackson/1991/the-chicago-theatre-chicago-il-5bd98768.html,kk-joe-jackson-1991-07-27.jpg,tickets
TICKET_0160_a,konzert-joe-jackson-1991.html,LAUGHTER & LUST  Tour,28th July 1991,"28th July 1991 - Chicago, IL, U.S.A. - Chicago Theatre - Gert Schaumlöffel, Germany","Judd Nissen, U.S.A.",kk-joe-jackson-1991-07-28.jpg,31.00,není k dispozici,není k dispozici,není k dispozici,"Steppin' Out, It's Different for Girls, Got the Time, Obvious Song, When You're Not Around, Fools in Love, Down to London, It’s All Too Much, Look Sharp!, The Other Me, My House, Home Town, Right and Wrong, Rant and Rave, Nineteen Forever, Oh Well, Jamie G., One More Time, Stranger Than Fiction, I'm the Man, A Slow Song",21,https://www.setlist.fm/setlist/joe-jackson/1991/the-chicago-theatre-chicago-il-4bd9876e.html,kk-joe-jackson-1991-07-28.jpg,tickets
TICKET_0160_b,konzert-joe-jackson-1991.html,LAUGHTER & LUST  Tour,28th July 1991,"28th July 1991 - Chicago, IL, U.S.A. - Chicago Theatre - Gert Schaumlöffel, Germany","Judd Nissen, U.S.A.",kk-joe-jackson-1991-07-28-2.jpg,31.00,není k dispozici,není k dispozici,není k dispozici,"Steppin' Out, It's Different for Girls, Got the Time, Obvious Song, When You're Not Around, Fools in Love, Down to London, It’s All Too Much, Look Sharp!, The Other Me, My House, Home Town, Right and Wrong, Rant and Rave, Nineteen Forever, Oh Well, Jamie G., One More Time, Stranger Than Fiction, I'm the Man, A Slow Song",21,https://www.setlist.fm/setlist/joe-jackson/1991/the-chicago-theatre-chicago-il-4bd9876e.html,kk-joe-jackson-1991-07-28-2.jpg,tickets
TICKET_0161_a,konzert-joe-jackson-1991.html,LAUGHTER & LUST  Tour,3rd August 1991,"3rd August 1991 - Berkeley, CA, U.S.A. - Greek Theatre (open air)","Gert Schaumlöffel, Germany",kk-gs-joe-jackson-1991-08-03.jpg,21.00,není k dispozici,není k dispozici,není k dispozici,"Steppin' Out, It's Different for Girls, Got the Time, Obvious Song, Goin' Downtown, Fools in Love, Hit Single, Chinatown, Another World, Look Sharp!, The Other Me, Real Men, Right and Wrong, Rant and Rave, Nineteen Forever, Oh Well, Jamie G., One More Time, Stranger Than Fiction, I'm the Man, A Slow Song",21,https://www.setlist.fm/setlist/joe-jackson/1991/william-randolph-hearst-greek-theatre-berkeley-ca-53fce375.html,kk-gs-joe-jackson-1991-08-03.jpg,tickets
TICKET_0161_b,konzert-joe-jackson-1991.html,LAUGHTER & LUST  Tour,3rd August 1991,"3rd August 1991 - Berkeley, CA, U.S.A. - Greek Theatre (open air)","Gert Schaumlöffel, Germany",kk-joe-jackson-1991-08-03.jpg,21.00,není k dispozici,není k dispozici,není k dispozici,"Steppin' Out, It's Different for Girls, Got the Time, Obvious Song, Goin' Downtown, Fools in Love, Hit Single, Chinatown, Another World, Look Sharp!, The Other Me, Real Men, Right and Wrong, Rant and Rave, Nineteen Forever, Oh Well, Jamie G., One More Time, Stranger Than Fiction, I'm the Man, A Slow Song",21,https://www.setlist.fm/setlist/joe-jackson/1991/william-randolph-hearst-greek-theatre-berkeley-ca-53fce375.html,kk-joe-jackson-1991-08-03.jpg,tickets
TICKET_0162,konzert-joe-jackson-1991.html,LAUGHTER & LUST  Tour,6th August 1991,"6th August 1991 - Universal City, CA, U.S.A. - Universal Amphitheatre","Gert Schaumlöffel, Germany",kk-joe-jackson-1991-08-06.jpg,21.00,není k dispozici,"SEC: 19, SEC: 19, SEC: TIONIAISLE, Row: ibox",není k dispozici,"Steppin' Out, It's Different for Girls, Got the Time, Obvious Song, Goin' Downtown, Fools in Love, Hit Single, You Can't Get What You Want (Till You Know What You Want), Another World, Look Sharp!, Fifty Dollar Love Affair, The Other Me, Real Men, Right and Wrong, Rant and Rave, Nineteen Forever, Oh Well, Jamie G., One More Time, Stranger Than Fiction, I'm the Man, A Slow Song",22,https://www.setlist.fm/setlist/joe-jackson/1991/universal-amphitheatre-universal-city-ca-2beb0c72.html,kk-joe-jackson-1991-08-06.jpg,tickets
TICKET_0163,konzert-joe-jackson-1991.html,LAUGHTER & LUST  Tour,7th August 1991,"7th August 1991 - Hollywood, CA, U.S.A. - Roxy Theatre","Gert Schaumlöffel, Germany",kk-joe-jackson-1991-08-07.jpg,není k dispozici,není k dispozici,"SEC: TION, SEAT: ADMISSION, SEC: TKON, SEAT: 4041735",není k dispozici,není k dispozici,0,https://www.setlist.fm/setlist/joe-jackson/1991/the-roxy-west-hollywood-ca-b96714e.html,kk-joe-jackson-1991-08-07.jpg,tickets
TICKET_0164,konzert-joe-jackson-1991.html,LAUGHTER & LUST  Tour,1991,"John Nyman, U.S.A. - Gert Schaumlöffel, Germany - Gert Schaumlöffel, Germany - Gert Schaumlöffel, Germany","Gert Schaumlöffel, Germany","kk-jn-08.jpg, kk-joe-jackson-1991-3.jpg, kk-gs-joe-jackson-1991-07-21.jpg, kk-joe-jackson-1991-4.jpg, kk-joe-jackson-1991-1.jpg, kk-joe-jackson-1991-2.jpg, kk-joe-jackson-1991-5.jpg",není k dispozici,není k dispozici,není k dispozici,JILL SOBULE JULY 15,není k dispozici,0,není k dispozici,"kk-jn-08.jpg, kk-joe-jackson-1991-3.jpg, kk-gs-joe-jackson-1991-07-21.jpg, kk-joe-jackson-1991-4.jpg, kk-joe-jackson-1991-1.jpg, kk-joe-jackson-1991-2.jpg, kk-joe-jackson-1991-5.jpg",tickets
TICKET_0165,konzert-joe-jackson-2016.html,Fast Forward Tour 2016,5th February 2016,"5th February 2016 - Dublin, Ireland - Olympia Theatre","Gert Schaumlöffel, Germany",kk-joe-jackson-2016-02-05.jpg,není k dispozici,není k dispozici,"Row: RESERVED, SEAT: SEAT",není k dispozici,"It's Different for Girls, Home Town, Be My Number Two, Big Yellow Taxi, Fast Forward, Is She Really Going Out With Him?, Real Men, You Can't Get What You Want (Till You Know What You Want), A Little Smile, Kings of the City, Poor Thing, The Blue Time, Obvious Song, Another World, Sunday Papers, Keep On Dreaming, Ode to Joy, Steppin' Out, Scary Monsters (and Super Creeps), One More Time, A Slow Song",21,https://www.setlist.fm/setlist/joe-jackson/2016/olympia-theatre-dublin-ireland-3f33dff.html,kk-joe-jackson-2016-02-05.jpg,tickets
TICKET_0166,konzert-joe-jackson-2016.html,Fast Forward Tour 2016,8th February 2016,"8th February 2016 - Gateshead, U.K. - The Sage","Gert Schaumlöffel, Germany",kk-joe-jackson-2016-02-08.jpg,026.50,není k dispozici,"Row: G, Seat: 7",není k dispozici,"It's Different for Girls, Be My Number Two, Home Town, Girl, Fast Forward, Is She Really Going Out With Him?, Real Men, You Can't Get What You Want (Till You Know What You Want), Junkie Diva, Kings of the City, A Little Smile, Another World, The Blue Time, Obvious Song, Sunday Papers, Keep On Dreaming, Ode to Joy, Steppin' Out, It Don't Mean a Thing (If It Ain't Got That Swing), One More Time, A Slow Song",21,https://www.setlist.fm/setlist/joe-jackson/2016/sage-gateshead-gateshead-U.K.-73f332a9.html,kk-joe-jackson-2016-02-08.jpg,tickets
TICKET_0167,konzert-joe-jackson-2016.html,Fast Forward Tour 2016,11th February 2016,"11th February 2016 - Birmingham, U.K. - O2 Institute","Mike Baggaley, U.K.",kk-joe-jackson-2016-02-11.jpg,26.50,není k dispozici,není k dispozici,není k dispozici,"It's Different for Girls, Home Town, Be My Number Two, Big Yellow Taxi, Fast Forward, Is She Really Going Out With Him?, Real Men, You Can't Get What You Want (Till You Know What You Want), Kings of the City, A Little Smile, Neon Rain, Love at First Light, Another World, Sunday Papers, See No Evil, Keep On Dreaming, Ode to Joy, Steppin' Out, It Don't Mean a Thing (If It Ain't Got That Swing), One More Time, A Slow Song",21,https://www.setlist.fm/setlist/joe-jackson/2016/o2-institute-birmingham-U.K.-7bf31e20.html,kk-joe-jackson-2016-02-11.jpg,tickets
TICKET_0168,konzert-joe-jackson-2016.html,Fast Forward Tour 2016,13th February 2016,"13th February 2016 - London, U.K. - Palladium","Stefan Kunze, Germany",kk-joe-jackson-2016-02-13.jpg,39.00,není k dispozici,"SEAT: 22, SEAT: 0",10 0EC,"It's Different for Girls, Home Town, Be My Number Two, Big Yellow Taxi, Fast Forward, Is She Really Going Out With Him?, Real Men, You Can't Get What You Want (Till You Know What You Want), A Little Smile, Kings of the City, Poor Thing, Another World, The Blue Time, Scary Monsters (and Super Creeps), Sunday Papers, Keep On Dreaming, Ode to Joy, Steppin' Out, See No Evil, One More Time, A Slow Song",21,https://www.setlist.fm/setlist/joe-jackson/2016/london-palladium-london-U.K.-63f31217.html,kk-joe-jackson-2016-02-13.jpg,tickets
TICKET_0169,konzert-joe-jackson-2016.html,Fast Forward Tour 2016,15th February 2016,"15th February 2016 - Essen, Germany - Lichtburg - Barnie Rupprecht, Germany","Gert Schaumlöffel, Germany","kk-joe-jackson-2016-02-15.jpg, kk-joe-jackson-2016-02-15-2.jpg",55.00,EUR,Reihe: Platz,není k dispozici,"It's Different for Girls, Home Town, Be My Number Two, Big Yellow Taxi, Fast Forward, Is She Really Going Out With Him?, Real Men, You Can't Get What You Want (Till You Know What You Want), Kings of the City, Poor Thing, The Blue Time, Another World, A Little Smile, Scary Monsters (and Super Creeps), Sunday Papers, Keep On Dreaming, Ode to Joy, Steppin' Out, See No Evil, One More Time, A Slow Song",21,https://www.setlist.fm/setlist/joe-jackson/2016/lichtburg-essen-germany-43f36f43.html,"kk-joe-jackson-2016-02-15.jpg, kk-joe-jackson-2016-02-15-2.jpg",tickets
TICKET_0170,konzert-joe-jackson-2016.html,Fast Forward Tour 2016,18th February 2016,"18th February 2016 - Paris, France - L'Olympia","Olivier Popincourt, France",kk-joe-jackson-2016-02-18-op.jpg,není k dispozici,není k dispozici,není k dispozici,není k dispozici,"It's Different for Girls, Home Town, Be My Number Two, Big Yellow Taxi, Fast Forward, Is She Really Going Out With Him?, Real Men, You Can't Get What You Want (Till You Know What You Want), If It Wasn't for You, Kings of the City, A Little Smile, Another World, The Blue Time, Scary Monsters (and Super Creeps), Sunday Papers, Keep On Dreaming, Ode to Joy, Steppin' Out, See No Evil, One More Time, A Slow Song",21,https://www.setlist.fm/setlist/joe-jackson/2016/lolympia-bruno-coquatrix-paris-france-53f367d9.html,kk-joe-jackson-2016-02-18-op.jpg,tickets
TICKET_0171,konzert-joe-jackson-2016.html,Fast Forward Tour 2016,21st February 2016,"21st February 2016 - Groningen, Netherlands - De Oosterpoort, Grote Zaal","Bert Bos, Netherlands",kk-joe-jackson-2016-02-21.jpg,není k dispozici,není k dispozici,není k dispozici,není k dispozici,"It's Different for Girls, Home Town, Be My Number Two, Big Yellow Taxi, Fast Forward, Is She Really Going Out With Him?, Real Men, You Can't Get What You Want (Till You Know What You Want), A Little Smile, Kings of the City, If It Wasn't for You, Chinatown, Love at First Light, Peter Gunn, Sunday Papers, Keep On Dreaming, Ode to Joy, Steppin' Out, See No Evil, One More Time, A Slow Song",21,https://www.setlist.fm/setlist/joe-jackson/2016/de-oosterpoort-groningen-netherlands-73f35aa5.html,kk-joe-jackson-2016-02-21.jpg,tickets
TICKET_0172,konzert-joe-jackson-2016.html,Fast Forward Tour 2016,22nd February 2016,"22nd February 2016 - Brussels, Belgium - Ancienne Belgique - Hans Dessauvagie, Netherlands","Olivier Popincourt, France","kk-joe-jackson-2016-02-22.jpg, kk-joe-jackson-2016-02-22-op.jpg",31.00,€,není k dispozici,není k dispozici,"It's Different for Girls, Home Town, Be My Number Two, Big Yellow Taxi, Fast Forward, Is She Really Going Out With Him?, Real Men, You Can't Get What You Want (Till You Know What You Want), A Little Smile, Kings of the City, Poor Thing, Another World, The Blue Time, Knowing Me, Knowing You, Sunday Papers, Keep On Dreaming, Ode to Joy, Steppin' Out, See No Evil, One More Time, A Slow Song",21,https://www.setlist.fm/setlist/joe-jackson/2016/ancienne-belgique-brussels-belgium-63f35aa7.html,"kk-joe-jackson-2016-02-22.jpg, kk-joe-jackson-2016-02-22-op.jpg",tickets
TICKET_0173,konzert-joe-jackson-2016.html,Fast Forward Tour 2016,23th February 2016,"23th February 2016 - Lille, France - Théâtre Sébastopol","Claude Chantemarque, France",kk-joe-jackson-2016-02-23.jpg,není k dispozici,není k dispozici,Rang: Place,není k dispozici,není k dispozici,0,https://www.setlist.fm/setlist/joe-jackson/2016/theatre-sebastopol-lille-france-bf34d46.html,kk-joe-jackson-2016-02-23.jpg,tickets
TICKET_0174,konzert-joe-jackson-2016.html,Fast Forward Tour 2016,25th February 2016,"25th February 2016 - Nijmegen, Netherlands - De Vereeniging Grote Zaal","Gert Schaumlöffel, Germany",kk-joe-jackson-2016-02-25.jpg,20.00,není k dispozici,není k dispozici,není k dispozici,"It's Different for Girls, Home Town, Be My Number Two, Big Yellow Taxi, Fast Forward, Is She Really Going Out With Him?, Real Men, You Can't Get What You Want (Till You Know What You Want), A Little Smile, Kings of the City, Poor Thing, Another World, The Blue Time, It Don't Mean a Thing (If It Ain't Got That Swing), Sunday Papers, Keep On Dreaming, Ode to Joy, Steppin' Out, See No Evil, One More Time, A Slow Song",21,https://www.setlist.fm/setlist/joe-jackson/2016/de-vereeniging-nijmegen-netherlands-4bf343ee.html,kk-joe-jackson-2016-02-25.jpg,tickets
TICKET_0175,konzert-joe-jackson-2016.html,Fast Forward Tour 2016,26th February 2016,"26th February 2016 - Amsterdam, Netherlands - Theater Carr - Astrid Zimmerman, Netherlands","Hans Gordijn, Netherlands","kk-joe-jackson-2016-02-26.jpg, kk-joe-jackson-2016-02-26-2.jpg",54.00,€,RANG: EMENT,není k dispozici,"It's Different for Girls, Home Town, Be My Number Two, Big Yellow Taxi, Fast Forward, Is She Really Going Out With Him?, Real Men, You Can't Get What You Want (Till You Know What You Want), A Little Smile, Kings of the City, Poor Thing, Another World, The Blue Time, Scary Monsters (and Super Creeps), Sunday Papers, Keep On Dreaming, Ode to Joy, Steppin' Out, See No Evil, On Your Radio, A Slow Song",21,https://www.setlist.fm/setlist/joe-jackson/2016/koninklijk-theater-carre-amsterdam-netherlands-3f0b977.html,"kk-joe-jackson-2016-02-26.jpg, kk-joe-jackson-2016-02-26-2.jpg",tickets
TICKET_0176,konzert-joe-jackson-2016.html,Fast Forward Tour 2016,27th February 2016,"27th February 2016 - Amsterdam, Netherlands - Theater Carr","Hans Dessauvagie, Netherlands",kk-joe-jackson-2016-02-27.jpg,0.45,není k dispozici,RANG: EMENT,není k dispozici,"It's Different for Girls, Home Town, Be My Number Two, Life on Mars?, Fast Forward, Is She Really Going Out With Him?, Real Men, You Can't Get What You Want (Till You Know What You Want), A Little Smile, Kings of the City, Junkie Diva, Neon Rain, Chinatown, Love at First Light, Fairy Dust, Sunday Papers, Keep On Dreaming, Ode to Joy, Steppin' Out, Peter Gunn, One More Time, A Slow Song",22,https://www.setlist.fm/setlist/joe-jackson/2016/koninklijk-theater-carre-amsterdam-netherlands-13f0b1bd.html,kk-joe-jackson-2016-02-27.jpg,tickets
TICKET_0177,konzert-joe-jackson-2016.html,Fast Forward Tour 2016,1st March 2016,"1st March 2016 - Frankfurt, Germany - Alte Oper","Klaus Scherer, Germany",kk-joe-jackson-2016-03-01.jpg,01.03,není k dispozici,"platz: Mozart, Reihe: Platz",není k dispozici,"It's Different for Girls, Home Town, Be My Number Two, Take It Like a Man, Girl, Fast Forward, Is She Really Going Out With Him?, Real Men, You Can't Get What You Want (Till You Know What You Want), A Little Smile, Kings of the City, Poor Thing, Chinatown, Love at First Light, Knowing Me, Knowing You, Sunday Papers, Keep On Dreaming, Ode to Joy, Steppin' Out, One More Time, A Slow Song",21,https://www.setlist.fm/setlist/joe-jackson/2016/alte-oper-frankfurt-germany-4bf0a34a.html,kk-joe-jackson-2016-03-01.jpg,tickets
TICKET_0178,konzert-joe-jackson-2016.html,Fast Forward Tour 2016,7th March 2016,"7th March 2016 - Rome, Italy Teatro Brancaccio","Roberto Palumbo, Italy",kk-joe-jackson-2016-03-07.jpg,není k dispozici,není k dispozici,není k dispozici,není k dispozici,"It's Different for Girls, Home Town, Be My Number Two, Life on Mars?, Fast Forward, Is She Really Going Out With Him?, Real Men, You Can't Get What You Want (Till You Know What You Want), A Little Smile, If It Wasn't for You, Another World, The Blue Time, Knowing Me, Knowing You, Sunday Papers, Neon Rain, Keep On Dreaming, Ode to Joy, Steppin' Out, One More Time, A Slow Song",20,https://www.setlist.fm/setlist/joe-jackson/2016/teatro-brancaccio-rome-italy-13f0f965.html,kk-joe-jackson-2016-03-07.jpg,tickets
TICKET_0179,konzert-joe-jackson-2016.html,Fast Forward Tour 2016,8th March 2016,"8th March 2016 - Milan, Italy - Teatro Dal Verme","Giulio Cardini, Italy",kk-joe-jackson-2016-03-08.jpg,21.01,není k dispozici,není k dispozici,není k dispozici,"It's Different for Girls, Home Town, Take It Like a Man, Be My Number Two, Big Yellow Taxi, Fast Forward, Is She Really Going Out With Him?, Real Men, You Can't Get What You Want (Till You Know What You Want), A Little Smile, Kings of the City, Poor Thing, Another World, The Blue Time, Scary Monsters (and Super Creeps), Sunday Papers, Keep On Dreaming, Ode to Joy, Steppin' Out, See No Evil, One More Time, A Slow Song",22,https://www.setlist.fm/setlist/joe-jackson/2016/teatro-dal-verme-milan-italy-2bf0f4b6.html,kk-joe-jackson-2016-03-08.jpg,tickets
TICKET_0180,konzert-joe-jackson-2016.html,Fast Forward Tour 2016,10th March 2016,"10th March 2016 - Marseille, France - Le Silo","Linda Grijn, Netherlands",kk-joe-jackson-2016-03-10.jpg,není k dispozici,není k dispozici,Rang: Poc,není k dispozici,není k dispozici,0,https://www.setlist.fm/setlist/joe-jackson/2016/le-silo-marseille-france-73f0ead5.html,kk-joe-jackson-2016-03-10.jpg,tickets
TICKET_0181,konzert-joe-jackson-2016.html,Fast Forward Tour 2016,13th March 2016,"13th March 2016 - Eindhoven, Netherlands - Muziekgebouw","Barnie Rupprecht, Germany",kk-joe-jackson-2016-03-13.jpg,20.15,není k dispozici,není k dispozici,není k dispozici,"It's Different for Girls, Home Town, Be My Number Two, Big Yellow Taxi, Fast Forward, Is She Really Going Out With Him?, Real Men, You Can't Get What You Want (Till You Know What You Want), Junkie Diva, Kings of the City, A Little Smile, Another World, Love at First Light, Fairy Dust, Sunday Papers, Keep On Dreaming, Ode to Joy, Steppin' Out, Peter Gunn, One More Time, A Slow Song",21,https://www.setlist.fm/setlist/joe-jackson/2016/muziekcentrum-frits-philips-eindhoven-netherlands-73f0ce15.html,kk-joe-jackson-2016-03-13.jpg,tickets
TICKET_0182,konzert-joe-jackson-2016.html,Fast Forward Tour 2016,15th March 2016,"15th March 2016 - Hamburg, Germany - Fabrik - Rolf Thalmann, Germany","Thomas Collin, Germany","kk-joe-jackson-2016-03-15.jpg, kk-joe-jackson-2016-03-15-2.jpg",15.03,EUR,platz: Fabrik,není k dispozici,"It's Different for Girls, Home Town, Be My Number Two, Big Yellow Taxi, Fast Forward, Is She Really Going Out With Him?, Real Men, You Can't Get What You Want (Till You Know What You Want), A Little Smile, Kings of the City, Poor Thing, Another World, The Blue Time, Sunday Papers, Neon Rain, Keep On Dreaming, Ode to Joy, Steppin' Out, It Don't Mean a Thing (If It Ain't Got That Swing), One More Time, A Slow Song",21,https://www.setlist.fm/setlist/joe-jackson/2016/fabrik-hamburg-germany-53f0cbd1.html,"kk-joe-jackson-2016-03-15.jpg, kk-joe-jackson-2016-03-15-2.jpg",tickets
TICKET_0183,konzert-joe-jackson-2016.html,Fast Forward Tour 2016,16th March 2016,"16th March 2016 - Berlin, Germany - Konzertsaal der Universität der Künste","Gert Schaumlöffel, Germany",kk-joe-jackson-2016-03-16.jpg,16.03,není k dispozici,"Reihe: 30, Platz: 1",není k dispozici,"It's Different for Girls, Home Town, Take It Like a Man, Be My Number Two, Big Yellow Taxi, Fast Forward, Is She Really Going Out With Him?, Real Men, You Can't Get What You Want (Till You Know What You Want), Kings of the City, A Little Smile, Another World, Junkie Diva, The Blue Time, Scary Monsters (and Super Creeps), Sunday Papers, Keep On Dreaming, Ode to Joy, Steppin' Out, See No Evil, One More Time, A Slow Song",22,https://www.setlist.fm/setlist/joe-jackson/2016/universitat-der-kunste-konzertsaal-berlin-germany-33f0c061.html,kk-joe-jackson-2016-03-16.jpg,tickets
TICKET_0184,konzert-joe-jackson-2016.html,Fast Forward Tour 2016,18th March 2016,"18th March 2016 - Rotterdam, Netherlands - Nieuwe Luxor Theater","Bert Bos, Netherlands",kk-joe-jackson-2016-03-18.jpg,20.00,není k dispozici,není k dispozici,není k dispozici,"It's Different for Girls, Home Town, Take It Like a Man, Be My Number Two, Life on Mars?, Fast Forward, Is She Really Going Out With Him?, Real Men, You Can't Get What You Want (Till You Know What You Want), Kings of the City, A Little Smile, Another World, Neon Rain, The Blue Time, Knowing Me, Knowing You, Sunday Papers, Keep On Dreaming, Ode to Joy, Steppin' Out, See No Evil, One More Time, A Slow Song",22,https://www.setlist.fm/setlist/joe-jackson/2016/nieuwe-luxor-theater-rotterdam-netherlands-13f0355d.html,kk-joe-jackson-2016-03-18.jpg,tickets
TICKET_0185_a,konzert-joe-jackson-2016.html,Fast Forward Tour 2016,2016,2016 - Tourpass,"Gert Schaumlöffel, Germany",kk-joe-jackson-2016-pass.jpg,není k dispozici,není k dispozici,není k dispozici,není k dispozici,není k dispozici,0,není k dispozici,kk-joe-jackson-2016-pass.jpg,passes
TICKET_0185_b,konzert-joe-jackson-2016.html,Fast Forward Tour 2016,2016,2016 - Tourpass,"Gert Schaumlöffel, Germany",kk-joe-jackson-2016-backstage-2.jpg,není k dispozici,není k dispozici,není k dispozici,není k dispozici,není k dispozici,0,není k dispozici,kk-joe-jackson-2016-backstage-2.jpg,passes
TICKET_0186,konzert-joe-jackson-2000.html,Night AND DAY II Tour,12th December 2000,"12th December 2000 - Los Angeles, CA, U.S.A. - Wiltern Theatre","Jenniffer Woodson, U.S.A.",kk-jw-03.jpg,35.00,není k dispozici,není k dispozici,není k dispozici,"Prelude / Hell of a Town, You Can't Get What You Want (Till You Know What You Want), Happyland, Stranger Than You, Another World, Reelin' In the Years, Is She Really Going Out With Him?, Breaking Us in Two, Not Here, Not Now, Be My Number Two, Home Town, For No One, You Can't Be Too Strong, It's Different for Girls, Love Got Lost, Real Men, Stranger Than Fiction, Dear Mom, Glamour and Pain, Target, Just Because..., Got the Time, Stay / Steppin' Out, One More Time, A Slow Song",25,https://www.setlist.fm/setlist/joe-jackson/2000/wiltern-theatre-los-angeles-ca-bf4211e.html,kk-jw-03.jpg,tickets
TICKET_0187,konzert-joe-jackson-2000.html,Night AND DAY II Tour,16th December 2000,"16th December 2000 - Boston, MA, U.S.A. - Orpheum Theatre","Gert Schaumlöffel, Germany",kk-joe-jackson-2000-12-16.jpg,není k dispozici,není k dispozici,"sec: tion, SEAT: ADMISSION, row: SEAI",není k dispozici,"Prelude / Hell of a Town, You Can't Get What You Want (Till You Know What You Want), Stranger Than You, Dear Mom, Another World, Reelin' In the Years, Breaking Us in Two, Not Here, Not Now, Home Town, Be My Number Two, For No One, You Can't Be Too Strong, It's Different for Girls, Love Got Lost, Real Men, Glamour and Pain, Blaze of Glory, Nineteen Forever, Target, Just Because..., Got the Time, Stay / Steppin' Out, One More Time, Stranger Than Fiction, A Slow Song",25,https://www.setlist.fm/setlist/joe-jackson/2000/orpheum-theatre-boston-ma-4bfce366.html,kk-joe-jackson-2000-12-16.jpg,tickets
TICKET_0188,konzert-joe-jackson-2000.html,Night AND DAY II Tour,18th December 2000,"18th December 2000 - Toronto, Canada - Massey Hall","Gert Schaumlöffel, Germany",kk-joe-jackson-2000-12-18.jpg,není k dispozici,není k dispozici,"ROW: RIRG, SEC: 34X, ROW: RANGEE",není k dispozici,"Prelude / Hell of a Town, You Can't Get What You Want (Till You Know What You Want), Happyland, Stranger Than You, Another World, Reelin' In the Years, Is She Really Going Out With Him?, Breaking Us in Two, For No One, Drive-In Saturday, It's Different for Girls, Love Got Lost, Real Men, Blaze of Glory, Stranger Than Fiction, Glamour and Pain, Target, Just Because..., Got the Time, Stay / Steppin' Out, One More Time, A Slow Song",22,https://www.setlist.fm/setlist/joe-jackson/2000/massey-hall-toronto-on-canada-7be3b2e0.html,kk-joe-jackson-2000-12-18.jpg,tickets
TICKET_0189,konzert-joe-jackson-2000.html,Night AND DAY II Tour,20th December 2000,"20th December 2000 - New York, NY, U.S.A. Beacon Theatre","Erica Eisner Kosova, U.S.A.",kk-joe-jackson-2000-12-20.jpg,není k dispozici,není k dispozici,není k dispozici,není k dispozici,"Prelude / Hell of a Town, You Can't Get What You Want (Till You Know What You Want), Happyland, Stranger Than You, Another World, Chinatown, Reelin' In the Years, Is She Really Going Out With Him?, Breaking Us in Two, Home Town, Be My Number Two, For No One, Drive-In Saturday, It's Different for Girls, Love Got Lost, Real Men, Blaze of Glory, Nineteen Forever, Glamour and Pain, Target, Just Because..., Got the Time, Stay / Steppin' Out, One More Time, A Slow Song",25,https://www.setlist.fm/setlist/joe-jackson/2000/beacon-theatre-new-york-ny-3bc32c4c.html,kk-joe-jackson-2000-12-20.jpg,tickets
TICKET_0190,konzert-joe-jackson-2000.html,Night AND DAY II Tour,20th December 2000,"20th December 2000 - New York, NY, U.S.A. - Beacon Theatre","Benjamin Davis, U.S.A.",kk-joe-jackson-2000-12-20-2.jpg,není k dispozici,není k dispozici,"sec: tion, SeaT: AdMISSion, Row: SEAT",není k dispozici,"Prelude / Hell of a Town, You Can't Get What You Want (Till You Know What You Want), Happyland, Stranger Than You, Another World, Chinatown, Reelin' In the Years, Is She Really Going Out With Him?, Breaking Us in Two, Home Town, Be My Number Two, For No One, Drive-In Saturday, It's Different for Girls, Love Got Lost, Real Men, Blaze of Glory, Nineteen Forever, Glamour and Pain, Target, Just Because..., Got the Time, Stay / Steppin' Out, One More Time, A Slow Song",25,https://www.setlist.fm/setlist/joe-jackson/2000/beacon-theatre-new-york-ny-3bc32c4c.html,kk-joe-jackson-2000-12-20-2.jpg,tickets
TICKET_0191,konzert-joe-jackson-2000.html,Night AND DAY II Tour,2000,2000 / 2001 - Tourpass,"Gert Schaumlöffel, Germany",kk-joe-jackson-2000-pass.jpg,není k dispozici,není k dispozici,není k dispozici,není k dispozici,není k dispozici,0,není k dispozici,kk-joe-jackson-2000-pass.jpg,passes
TICKET_0192,konzert-joe-jackson-2017.html,Fast Forward Tour 2017,31st May 2017,"Fort Lauderdale, FL, U.S.A. - Parker Playhouse - 31st May 2017","Lisa Caplan, U.S.A.",kk-joe-jackson-2017-05-31.jpg,37.50,není k dispozici,"SEC: TIONIAISLE, ROW: IBOX, SEAT: ADMISSION, ROW: ARD, SEC: TIONAISLE, SEC: ORCHR, SEAT: PARKER, ROW: Z, SEAT: 36",není k dispozici,"It's Different for Girls, Home Town, Be My Number Two, Big Yellow Taxi, Fast Forward, Is She Really Going Out With Him?, Real Men, You Can't Get What You Want (Till You Know What You Want), A Little Smile, Kings of the City, Poor Thing, Another World, Love at First Light, Fabulously Absolute, Sunday Papers, Keep On Dreaming, Ode to Joy, Steppin' Out, Peter Gunn, On Your Radio, A Slow Song",21,https://www.setlist.fm/setlist/joe-jackson/2017/parker-playhouse-fort-lauderdale-fl-7be70e50.html,kk-joe-jackson-2017-05-31.jpg,tickets
TICKET_0193,konzert-joe-jackson-2017.html,Fast Forward Tour 2017,2nd June 2017,"Orlando, FL, U.S.A.  - The Plaza Live Theatre Orlando - 2nd June 2017","Anne Wisniewski Brooks, U.S.A.",kk-joe-jackson-2017-06-02.jpg,67.50,$,"Sec: Sectıon, Row: B, Seat: 14",není k dispozici,"It's Different for Girls, Home Town, Be My Number Two, Big Yellow Taxi, Fast Forward, Is She Really Going Out With Him?, Real Men, You Can't Get What You Want (Till You Know What You Want), Kings of the City, A Little Smile, Another World, Keep On Dreaming, Obvious Song, Dave, Night by Night, Sunday Papers, Steppin' Out, See No Evil, One More Time, A Slow Song",20,https://www.setlist.fm/setlist/joe-jackson/2017/the-plaza-theatre-orlando-fl-23e708bf.html,kk-joe-jackson-2017-06-02.jpg,tickets
TICKET_0194,konzert-joe-jackson-2017.html,Fast Forward Tour 2017,8th June 2017,"Morristown, NJ, U.S.A.  - Mayo Performing Arts Center - 8th June 2017","Gert Schaumlöffel, Germany",kk-joe-jackson-2017-06-08-2.jpg,579.00,není k dispozici,"SEC: TION, Row: SERT",není k dispozici,"It's Different for Girls, Home Town, Be My Number Two, Big Yellow Taxi, Fast Forward, Is She Really Going Out With Him?, Real Men, You Can't Get What You Want (Till You Know What You Want), If It Wasn't for You, Kings of the City, A Little Smile, Another World, Johnny Was, Fabulously Absolute, Sunday Papers, Keep On Dreaming, Ode to Joy, Steppin' Out, See No Evil, One More Time, A Slow Song",21,https://www.setlist.fm/setlist/joe-jackson/2017/mayo-performing-arts-center-morristown-nj-5be7536c.html,kk-joe-jackson-2017-06-08-2.jpg,tickets
TICKET_0195,konzert-joe-jackson-2017.html,Fast Forward Tour 2017,9th June 2017,"Wilmington, DE, U.S.A.  - The Grand Opera House - 9th June 2017","John Nyman, U.S.A.",kk-joe-jackson-2017-06-09.jpg,51.00,není k dispozici,není k dispozici,není k dispozici,"It's Different for Girls, Home Town, Be My Number Two, Girl, Fast Forward, Is She Really Going Out With Him?, Real Men, You Can't Get What You Want (Till You Know What You Want), If It Wasn't for You, Kings of the City, A Little Smile, Another World, Strange Land, Night by Night, Sunday Papers, Keep On Dreaming, Ode to Joy, Steppin' Out, On Your Radio, A Slow Song",20,https://www.setlist.fm/setlist/joe-jackson/2017/grand-opera-house-wilmington-de-73e76681.html,kk-joe-jackson-2017-06-09.jpg,tickets
TICKET_0196,konzert-joe-jackson-1986.html,BIG WORLD RECORDING,25th January 1986,"Ticket - Day 1 - Ticket - Day 2 - Ticket - Day 3 - 23rd, 24th, 25th January 1986 - New York City, NY, U.S.A. - Roundabout Theatre - Introductions on every seat Anouncement","Sheva Golkow, David Baron, SCMusicman, U.S.A. ","kk-joe-jackson-1986-01-23.jpg, kk-joe-jackson-1986-01-24.jpg, kk-joe-jackson-1986-01-25-www.jpg, kk-joe-jackson-1986-01-23-1.jpg, kk-joe-jackson-1986-01-23-25.jpg",23.24,není k dispozici,row: n,JOE JACKSON The Live Recording Of A New Album Performances will be of mostly new material,Soul Kiss,1,https://www.setlist.fm/setlist/joe-jackson/1986/roundabout-theater-new-york-ny-3bdc0008.html,"kk-joe-jackson-1986-01-23.jpg, kk-joe-jackson-1986-01-24.jpg, kk-joe-jackson-1986-01-25-www.jpg, kk-joe-jackson-1986-01-23-1.jpg, kk-joe-jackson-1986-01-23-25.jpg",tickets
TICKET_0197,konzert-joe-jackson-1986.html,BIG WORLD Tour 1986,1st May 1986,"1st May 1986 - Stockholm, Sweden - Göta Lejon (Cinema)","Magnus Hjort, Sweden",kk-mh-1.jpg,7.30,není k dispozici,není k dispozici,není k dispozici,není k dispozici,0,https://www.setlist.fm/setlist/joe-jackson/1986/gota-lejon-stockholm-sweden-338e8081.html,kk-mh-1.jpg,tickets
TICKET_0198_a,konzert-joe-jackson-1986.html,BIG WORLD Tour 1986,4th May 1986,"4th May 1986 Düsseldorf, Germany - Philipshalle","Oliver Pasch, Germany",kk-joe-jackson-1986-05-04-2.jpg,20.00,není k dispozici,není k dispozici,není k dispozici,"One More Time, You Can't Get What You Want (Till You Know What You Want), Wild West, Right and Wrong, (It's a) Big World, Fools in Love, Chinatown, On Your Radio, Shanghai Sky, Cancer, Be My Number Two, Breaking Us in Two, Forty Years, Steppin' Out, Survival, Soul Kiss, It's Different for Girls, Home Town, The Jet Set, Sunday Papers, Don't Wanna Be Like That, Tonight and Forever, Jumpin' Jive, I'm the Man, Man in the Street",25,https://www.setlist.fm/setlist/joe-jackson/1986/philipshalle-dusseldorf-germany-2bfa7002.html,"kk-joe-jackson-1986-05-04-2.jpg, kk-joe-jackson-1986-05-09.jpg, kk-joe-jackson-1986-05-10.jpg",tickets
TICKET_0198_b,konzert-joe-jackson-1986.html,BIG WORLD Tour 1986,9th May 1986,"9th May 1986 Frankfurt, Germany - Eissporthalle","Oliver Pasch, Germany",kk-joe-jackson-1986-05-09.jpg,20.00,není k dispozici,není k dispozici,není k dispozici,"One More Time, You Can't Get What You Want (Till You Know What You Want), Wild West, Right and Wrong, (It's a) Big World, Fools in Love, Chinatown, On Your Radio, Shanghai Sky, Cancer, Be My Number Two, Breaking Us in Two, Forty Years, Steppin' Out, Survival, Soul Kiss, It's Different for Girls, Home Town, The Jet Set, Sunday Papers, Don't Wanna Be Like That, Tonight and Forever, Jumpin' Jive, I'm the Man, Man in the Street",25,https://www.setlist.fm/setlist/joe-jackson/1986/philipshalle-dusseldorf-germany-2bfa7002.html,"kk-joe-jackson-1986-05-04-2.jpg, kk-joe-jackson-1986-05-09.jpg, kk-joe-jackson-1986-05-10.jpg",tickets
TICKET_0198_c,konzert-joe-jackson-1986.html,BIG WORLD Tour 1986,10th May 1986,"10th May 1986 Hamburg, Germany - Sporthalle","Oliver Pasch, Germany",kk-joe-jackson-1986-05-10.jpg,20.00,není k dispozici,není k dispozici,není k dispozici,"One More Time, You Can't Get What You Want (Till You Know What You Want), Wild West, Right and Wrong, (It's a) Big World, Fools in Love, Chinatown, On Your Radio, Shanghai Sky, Cancer, Be My Number Two, Breaking Us in Two, Forty Years, Steppin' Out, Survival, Soul Kiss, It's Different for Girls, Home Town, The Jet Set, Sunday Papers, Don't Wanna Be Like That, Tonight and Forever, Jumpin' Jive, I'm the Man, Man in the Street",25,https://www.setlist.fm/setlist/joe-jackson/1986/philipshalle-dusseldorf-germany-2bfa7002.html,"kk-joe-jackson-1986-05-04-2.jpg, kk-joe-jackson-1986-05-09.jpg, kk-joe-jackson-1986-05-10.jpg",tickets
TICKET_0199,konzert-joe-jackson-1986.html,BIG WORLD Tour 1986,12th May 1986,"12th May 1986 - Milan, Italy - Teatro Tenda","Dino Cattaneo, Italy",kk-joe-jackson-1986-05-12.jpg,není k dispozici,není k dispozici,není k dispozici,není k dispozici,"One More Time, You Can't Get What You Want (Till You Know What You Want), Wild West, Right and Wrong, (It's a) Big World, Fools in Love, Chinatown, On Your Radio, Shanghai Sky, Cancer, Be My Number Two, Breaking Us in Two, Forty Years, Steppin' Out, Survival, Soul Kiss, It's Different for Girls, Home Town, Acropolis Now, The Jet Set, Sunday Papers, Don't Wanna Be Like That, Tonight and Forever, What’s the Use of Getting Sober (When You’re Gonna Get Drunk Again)?, Jack, You're Dead, Jumpin' Jive, I'm the Man, Man in the Street",28,https://www.setlist.fm/setlist/joe-jackson/1986/teatro-tenda-lampugnano-milan-italy-13dd251d.html,kk-joe-jackson-1986-05-12.jpg,tickets
TICKET_0200,konzert-joe-jackson-1986.html,BIG WORLD Tour 1986,17th May 1986,"17th May 1986 - Paris, France - Le Zenith","Gert Schaumlöffel, Germany",kk-joe-jackson-1986-05-17.jpg,není k dispozici,není k dispozici,není k dispozici,není k dispozici,"One More Time, Fools in Love, On Your Radio, It's Different for Girls, Sunday Papers, I'm the Man",6,https://www.setlist.fm/setlist/joe-jackson/1986/le-zenith-paris-france-5bc68bb8.html,kk-joe-jackson-1986-05-17.jpg,tickets
TICKET_0201,konzert-joe-jackson-1986.html,BIG WORLD Tour 1986,19th May 1986,"19th May 1986 - Brussels (Brüssel), Belgium - Forest National","Gert Schaumlöffel, Germany",kk-joe-jackson-1986-05-19.jpg,není k dispozici,není k dispozici,není k dispozici,není k dispozici,není k dispozici,0,https://www.setlist.fm/setlist/joe-jackson/1986/vorst-nationaal-forest-national-vorst-forest-belgium-bc959ce.html,kk-joe-jackson-1986-05-19.jpg,tickets
TICKET_0202,konzert-joe-jackson-1986.html,BIG WORLD Tour 1986,21st May 1986,"21st May 1986 - Rotterdam, Netherlands - Ahoy","Gert Schaumlöffel, Germany",kk-joe-jackson-1986-05-21.jpg,20.00,není k dispozici,není k dispozici,není k dispozici,"One More Time, You Can't Get What You Want (Till You Know What You Want), Wild West, Right and Wrong, (It's a) Big World, Fools in Love, Home Town, Chinatown, Shanghai Sky, Cancer, Be My Number Two, Breaking Us in Two, Forty Years, Steppin' Out, Survival, Soul Kiss, Tango Atlantico, It's Different for Girls, Acropolis Now, The Jet Set, Sunday Papers, Don't Wanna Be Like That, Tonight and Forever, Jack, You're Dead / What's the Use of Getting Sober (When You're Gonna Get Drunk Again)? / Jumpin' Jive, I'm the Man, Man in the Street",26,https://www.setlist.fm/setlist/joe-jackson/1986/ahoy-rotterdam-netherlands-3d91967.html,kk-joe-jackson-1986-05-21.jpg,tickets
TICKET_0203,konzert-joe-jackson-1986.html,BIG WORLD Tour 1986,22th May 1986,"22th May 1986 - Rotterdam, Netherlands -  Ahoy","Lammert Veen, Netherlands",kk-joe-jackson-1986-05-22.jpg,20.00,není k dispozici,není k dispozici,není k dispozici,"One More Time, You Can't Get What You Want (Till You Know What You Want), Wild West, Right and Wrong, (It's a) Big World, Fools in Love, Home Town, Chinatown, Shanghai Sky, Cancer, Be My Number Two, Breaking Us in Two, Forty Years, Steppin' Out, Survival, Soul Kiss, Tango Atlantico, It's Different for Girls, Acropolis Now, The Jet Set, Sunday Papers, Don't Wanna Be Like That, Tonight and Forever, Jack, You're Dead / What's the Use of Getting Sober (When You're Gonna Get Drunk Again)? / Jumpin' Jive, I'm the Man, Man in the Street",26,https://www.setlist.fm/setlist/joe-jackson/1986/ahoy-rotterdam-netherlands-4beb3b7e.html,kk-joe-jackson-1986-05-22.jpg,tickets
TICKET_0204,konzert-joe-jackson-1986.html,BIG WORLD Tour 1986,24th May 1986,"24th May 1986 - London, U.K. - Wembley Arena","Gert Schaumlöffel, Germany",kk-joe-jackson-1986-05-24.jpg,8.50,není k dispozici,"ROW: J, SEAT: SATUROAY",není k dispozici,"One More Time, You Can't Get What You Want (Till You Know What You Want), Wild West, Right and Wrong, (It's a) Big World, Fools in Love, Home Town, Chinatown, On Your Radio, Shanghai Sky, Cancer, Be My Number Two, Breaking Us in Two, Forty Years, Steppin' Out, Survival, Soul Kiss, It's Different for Girls, Acropolis Now, The Jet Set, Sunday Papers, Don't Wanna Be Like That, Jack, You're Dead, What’s the Use of Getting Sober (When You’re Gonna Get Drunk Again)?, Jumpin' Jive, I'm the Man, Man in the Street",27,https://www.setlist.fm/setlist/joe-jackson/1986/wembley-arena-london-U.K.-5bdecbc0.html,kk-joe-jackson-1986-05-24.jpg,tickets
TICKET_0205,konzert-joe-jackson-1986.html,BIG WORLD Tour 1986,27th May 1986,"27th May 1986 - Birmingham, U.K. - Odeon Theatre - Clare Garner, U.K.","Nick Gould, U.K. Gert Schaumlöffel, Germany",kk-joe-jackson-1986-05-27-mix.jpg,7.30,není k dispozici,není k dispozici,není k dispozici,není k dispozici,0,https://www.setlist.fm/setlist/joe-jackson/1986/birmingham-odeon-birmingham-U.K.-1bd91d74.html,kk-joe-jackson-1986-05-27-mix.jpg,tickets
TICKET_0206,konzert-joe-jackson-1986.html,BIG WORLD Tour 1986,28th May 1986,"28th May 1986 - Manchester, U.K. - Apollo Theatre - Mike Baggaley, U.K. - 28th May 1986 - Manchester, U.K. - Apollo Theatre - Gert Schaumlöffel, Germany","Alex Wilde, U.K.","kk-joe-jackson-1986-05-28.jpg, kk-joe-jackson-1986-05-28b.jpg, kk-joe-jackson-1986-05-28c.jpg",8.00,není k dispozici,není k dispozici,není k dispozici,není k dispozici,0,https://www.setlist.fm/setlist/joe-jackson/1986/manchester-apollo-manchester-U.K.-7bcf5674.html,"kk-joe-jackson-1986-05-28.jpg, kk-joe-jackson-1986-05-28b.jpg, kk-joe-jackson-1986-05-28c.jpg",tickets
TICKET_0207,konzert-joe-jackson-1986.html,BIG WORLD Tour 1986,13th June 1986,"13th June 1986 - Toronto, Canada -  Kingswood Music Theatre","Gert Schaumlöffel, Germany",kk-joe-jackson-1986-06-13.jpg,není k dispozici,není k dispozici,není k dispozici,není k dispozici,"One More Time, You Can't Get What You Want (Till You Know What You Want), Wild West, Right and Wrong, (It's a) Big World, Fools in Love, Home Town, Chinatown, On Your Radio, Shanghai Sky, Cancer, Be My Number Two, Breaking Us in Two, Forty Years, Steppin' Out, Survival, Soul Kiss, It's Different for Girls, Acropolis Now, The Jet Set, Sunday Papers, Don't Wanna Be Like That, Tonight and Forever, Jack, You're Dead, What’s the Use of Getting Sober (When You’re Gonna Get Drunk Again)?, Jumpin' Jive, I'm the Man, Man in the Street",28,https://www.setlist.fm/setlist/joe-jackson/1986/kingswood-music-theatre-vaughan-on-canada-2bf0f036.html,kk-joe-jackson-1986-06-13.jpg,tickets
TICKET_0208,konzert-joe-jackson-1986.html,BIG WORLD Tour 1986,14th June 1986,"14th June 1986 - Clarkston, MI, U.S.A. - Pine Knob Music Theatre (open air)","Gert Schaumlöffel, Germany",kk-joe-jackson-1986-06-14.jpg,není k dispozici,není k dispozici,Seat: 54230,není k dispozici,"One More Time, You Can't Get What You Want (Till You Know What You Want), Wild West, Right and Wrong, (It's a) Big World, Fools in Love, Home Town, Chinatown, On Your Radio, Shanghai Sky, Cancer, Be My Number Two, Breaking Us in Two, Forty Years, Steppin' Out, Survival, Soul Kiss, It's Different for Girls, Acropolis Now, The Jet Set, Sunday Papers, Don't Wanna Be Like That, Tonight and Forever, Jack, You're Dead, What’s the Use of Getting Sober (When You’re Gonna Get Drunk Again)?, Jumpin' Jive, I'm the Man, Man in the Street",28,https://www.setlist.fm/setlist/joe-jackson/1986/pine-knob-music-theatre-clarkston-mi-bd971ca.html,kk-joe-jackson-1986-06-14.jpg,tickets
TICKET_0209,konzert-joe-jackson-1986.html,BIG WORLD Tour 1986,15th June 1986,"15th June 1986 - Poplar Creek, IL, U.S.A. - Poplar Creek Music Theater","Gert Schaumlöffel, Germany",kk-joe-jackson-1986-06-15.jpg,11.00,není k dispozici,"SEC: IOniAISLE, SEAT: ADHISSION, Sec: tioRAISLE, SeaT: P0R",není k dispozici,"One More Time, Right and Wrong, Steppin' Out, Jack, You're Dead, Wild West, Soul Kiss, Forty Years, The Jet Set",8,https://www.setlist.fm/setlist/joe-jackson/1986/poplar-creek-music-theater-hoffman-estates-il-3bd984b8.html,kk-joe-jackson-1986-06-15.jpg,tickets
TICKET_0210_a,konzert-joe-jackson-1986.html,BIG WORLD Tour 1986,20th June 1986,"20th June 1986 - Vancouver, Canada - Expo 1986 World's Fair","Doug Collett, Canada",kk-joe-jackson-1986-06-20.jpg,18.50,není k dispozici,"sec: admission, sec: tion",není k dispozici,"One More Time, You Can't Get What You Want (Till You Know What You Want), Wild West, Right and Wrong, Home Town, On Your Radio, Shanghai Sky, Forty Years, Steppin' Out, Survival, Soul Kiss, It's Different for Girls, Sunday Papers, Tonight and Forever, Jack, You're Dead, What’s the Use of Getting Sober (When You’re Gonna Get Drunk Again)?, Jumpin' Jive, I'm the Man, Man in the Street",19,https://www.setlist.fm/setlist/joe-jackson/1986/expo-theatre-vancouver-bc-canada-53932ba1.html,"kk-joe-jackson-1986-06-20.jpg, kk-joe-jackson-1986-06-20-2.jpg",tickets
TICKET_0210_b,konzert-joe-jackson-1986.html,BIG WORLD Tour 1986,20th June 1986,"20th June 1986 - Vancouver, Canada - Expo 1986 World's Fair - Gert Schaumlöffel, Germany","Gert Schaumlöffel, Germany",kk-joe-jackson-1986-06-20-2.jpg,18.50,není k dispozici,"sec: admission, sec: tion",není k dispozici,"One More Time, You Can't Get What You Want (Till You Know What You Want), Wild West, Right and Wrong, Home Town, On Your Radio, Shanghai Sky, Forty Years, Steppin' Out, Survival, Soul Kiss, It's Different for Girls, Sunday Papers, Tonight and Forever, Jack, You're Dead, What’s the Use of Getting Sober (When You’re Gonna Get Drunk Again)?, Jumpin' Jive, I'm the Man, Man in the Street",19,https://www.setlist.fm/setlist/joe-jackson/1986/expo-theatre-vancouver-bc-canada-53932ba1.html,"kk-joe-jackson-1986-06-20.jpg, kk-joe-jackson-1986-06-20-2.jpg",tickets
TICKET_0211,konzert-joe-jackson-1986.html,BIG WORLD Tour 1986,22nd June 1986,"22nd June 1986 - Seattle, WA, U.S.A. - Seattle Center Arena","Gert Schaumlöffel, Germany",kk-joe-jackson-1986-06-22.jpg,22.19,není k dispozici,"SEC: KZOK, SEC: TIONAISLE, SEAT: ZTTU3T, sEat: tle",není k dispozici,není k dispozici,0,https://www.setlist.fm/setlist/joe-jackson/1986/seattle-center-arena-seattle-wa-3bf340fc.html,kk-joe-jackson-1986-06-22.jpg,tickets
TICKET_0212,konzert-joe-jackson-1986.html,BIG WORLD Tour 1986,27th June 1986,"27th June 1986 - Universal City, CA, U.S.A. - Universal Amphitheatre","Gert Schaumlöffel, Germany",kk-joe-jackson-1986-06-27.jpg,není k dispozici,není k dispozici,"row: IBOX, SEAT: UNA0930",není k dispozici,"One More Time, You Can't Get What You Want (Till You Know What You Want), Wild West, Right and Wrong, (It's a) Big World, Fools in Love, Home Town, Chinatown, On Your Radio, Shanghai Sky, Cancer, Be My Number Two, Breaking Us in Two, Forty Years, Steppin' Out, Survival, Soul Kiss, It's Different for Girls, Acropolis Now, The Jet Set, Sunday Papers, Don't Wanna Be Like That, Jack, You're Dead, What’s the Use of Getting Sober (When You’re Gonna Get Drunk Again)?, Jumpin' Jive, I'm the Man, Man in the Street",27,https://www.setlist.fm/setlist/joe-jackson/1986/universal-amphitheatre-universal-city-ca-2bd1ccb6.html,kk-joe-jackson-1986-06-27.jpg,tickets
TICKET_0213,konzert-joe-jackson-1986.html,BIG WORLD Tour 1986,5th July 1986,"5th July 1986 - Dallas, TX, U.S.A. - Bronco Bowl","Gert Schaumlöffel, Germany",kk-joe-jackson-1986-07-05.jpg,15.00,není k dispozici,není k dispozici,není k dispozici,není k dispozici,0,https://www.setlist.fm/setlist/joe-jackson/1986/bronco-bowl-dallas-tx-43ff5337.html,kk-joe-jackson-1986-07-05.jpg,tickets
TICKET_0214,konzert-joe-jackson-1986.html,BIG WORLD Tour 1986,6th July 1986,"6th July 1986 - Houston, TX, U.S.A. - Southern Star Amphitheater","Gert Schaumlöffel, Germany",kk-joe-jackson-1986-07-06.jpg,není k dispozici,není k dispozici,"SEC: IIONIAISIE, ROW: IBOX, SEAT: 38, Sec: hoNUASLE",není k dispozici,"You Can't Get What You Want (Till You Know What You Want), Wild West, Home Town, Chinatown, (It's a) Big World, Right and Wrong, Breaking Us in Two, Cancer, Survival, Soul Kiss, The Jet Set, Acropolis Now, Sunday Papers, On Your Radio",14,https://www.setlist.fm/setlist/joe-jackson/1986/southern-star-amphitheatre-houston-tx-3f14577.html,kk-joe-jackson-1986-07-06.jpg,tickets
TICKET_0215,konzert-joe-jackson-1986.html,BIG WORLD Tour 1986,12th July 1986,"12th July 1986 - Columbia, MD, U.S.A. - Merriweather Post Pavilion","Gert Schaumlöffel, Germany",kk-joe-jackson-1986-07-12.jpg,1.50,není k dispozici,není k dispozici,není k dispozici,"One More Time, You Can't Get What You Want (Till You Know What You Want), Wild West, Right and Wrong, (It's a) Big World, Fools in Love, Home Town, Chinatown, On Your Radio, Shanghai Sky, Cancer, Be My Number Two, Breaking Us in Two, Forty Years, Steppin' Out, Survival, Soul Kiss, It's Different for Girls, Acropolis Now, The Jet Set, Sunday Papers, Don't Wanna Be Like That, Tonight and Forever, Jack, You're Dead, What’s the Use of Getting Sober (When You’re Gonna Get Drunk Again)?, Jumpin' Jive, I'm the Man, Man in the Street",28,https://www.setlist.fm/setlist/joe-jackson/1986/merriweather-post-pavilion-columbia-md-73fd26f9.html,kk-joe-jackson-1986-07-12.jpg,tickets
TICKET_0216,konzert-joe-jackson-1986.html,BIG WORLD Tour 1986,14th July 1986,"14th July 1986 - Mansfield, MA, U.S.A. - Great Woods Performing Arts Center (open air)","Gert Schaumlöffel, Germany",kk-joe-jackson-1986-07-14.jpg,1.30,není k dispozici,"Sec: tion, SeaT: 005111",není k dispozici,"One More Time, You Can't Get What You Want (Till You Know What You Want), Wild West, Right and Wrong, (It's a) Big World, Fools in Love, Home Town, Chinatown, On Your Radio, Shanghai Sky, Cancer, Be My Number Two, Breaking Us in Two, Forty Years, Steppin' Out, Survival, Soul Kiss, It's Different for Girls, Acropolis Now, The Jet Set, Sunday Papers, Don't Wanna Be Like That, Tonight and Forever, Jack, You're Dead, What’s the Use of Getting Sober (When You’re Gonna Get Drunk Again)?, Jumpin' Jive, I'm the Man, Man in the Street",28,https://www.setlist.fm/setlist/joe-jackson/1986/great-woods-center-for-the-performing-arts-mansfield-ma-23fd58d3.html,kk-joe-jackson-1986-07-14.jpg,tickets
TICKET_0217,konzert-joe-jackson-1986.html,BIG WORLD Tour 1986,15th July 1986,"15th July 1986 - Philadelphia, PA, U.S.A. - The Spectrum","Lisa Caplan, U.S.A.",kk-joe-jackson-1986-07-15.jpg,není k dispozici,není k dispozici,není k dispozici,není k dispozici,"One More Time, You Can't Get What You Want (Till You Know What You Want), Wild West, Right and Wrong, (It's a) Big World, Fools in Love, Home Town, Chinatown, On Your Radio, Shanghai Sky, Cancer, Be My Number Two, Breaking Us in Two, Steppin' Out, Forty Years, Survival, Soul Kiss, Acropolis Now, Don't Wanna Be Like That, The Jet Set, I'm the Man, Tonight and Forever, Jack, You're Dead, What’s the Use of Getting Sober (When You’re Gonna Get Drunk Again)?, Sunday Papers, Man in the Street",26,https://www.setlist.fm/setlist/joe-jackson/1986/spectrum-theater-philadelphia-pa-3deeddf.html,kk-joe-jackson-1986-07-15.jpg,tickets
TICKET_0218,konzert-joe-jackson-1986.html,BIG WORLD Tour 1986,17th July 1986,"17th July 1986 - New York, NY, U.S.A. - Radio City Music Hall","Gert Schaumlöffel, Germany",kk-joe-jackson-1986-07-17.jpg,20.00,není k dispozici,"Sec: tiorfbox, SeaT: Ar, Sec: tio8",není k dispozici,"One More Time, You Can't Get What You Want (Till You Know What You Want), Wild West, Right and Wrong, (It's a) Big World, Fools in Love, Home Town, Chinatown, On Your Radio, Shanghai Sky, Cancer, Be My Number Two, Breaking Us in Two, Forty Years, Steppin' Out, Survival, Soul Kiss, Tango Atlantico, It's Different for Girls, Acropolis Now, The Jet Set, Sunday Papers, Don't Wanna Be Like That, Tonight and Forever, Jack, You're Dead, What’s the Use of Getting Sober (When You’re Gonna Get Drunk Again)?, Jumpin' Jive, I'm the Man, Man in the Street",29,https://www.setlist.fm/setlist/joe-jackson/1986/radio-city-music-hall-new-york-ny-73db42a5.html,kk-joe-jackson-1986-07-17.jpg,tickets
TICKET_0219,konzert-joe-jackson-1986.html,BIG WORLD Tour 1986,18th July 1986,"18th July 1986 - New York, NY, U.S.A. - Radio City Music Hall","Gert Schaumlöffel, Germany",kk-joe-jackson-1986-07-18.jpg,20.00,není k dispozici,Sec: tionyao,není k dispozici,"One More Time, You Can't Get What You Want (Till You Know What You Want), Wild West, Right and Wrong, (It's a) Big World, Fools in Love, Home Town, Chinatown, On Your Radio, Shanghai Sky, Cancer, Be My Number Two, Breaking Us in Two, Forty Years, Steppin' Out, Survival, Soul Kiss, It's Different for Girls, Acropolis Now, The Jet Set, Sunday Papers, Don't Wanna Be Like That, Tonight and Forever, Jack, You're Dead, What’s the Use of Getting Sober (When You’re Gonna Get Drunk Again)?, Jumpin' Jive, I'm the Man, Man in the Street",28,https://www.setlist.fm/setlist/joe-jackson/1986/radio-city-music-hall-new-york-ny-23ceb80b.html,kk-joe-jackson-1986-07-18.jpg,tickets
TICKET_0220,konzert-joe-jackson-1986.html,BIG WORLD Tour 1986,19th July 1986,"19th July 1986 - New York, NY, U.S.A. - Radio Music City Hall","Gert Schaumlöffel, Germany",kk-joe-jackson-1986-07-19.jpg,20.00,není k dispozici,"Sec: tiom, Row: Seat, Sec: ton",není k dispozici,"One More Time, You Can't Get What You Want (Till You Know What You Want), Wild West, Right and Wrong, (It's a) Big World, Fools in Love, Home Town, Chinatown, On Your Radio, Shanghai Sky, Cancer, Be My Number Two, Breaking Us in Two, Forty Years, Steppin' Out, Survival, Soul Kiss, Tango Atlantico, It's Different for Girls, Acropolis Now, The Jet Set, Sunday Papers, Don't Wanna Be Like That, Tonight and Forever, Jack, You're Dead, What’s the Use of Getting Sober (When You’re Gonna Get Drunk Again)?, Jumpin' Jive, I'm the Man, Man in the Street",29,https://www.setlist.fm/setlist/joe-jackson/1986/radio-city-music-hall-new-york-ny-33dc0095.html,kk-joe-jackson-1986-07-19.jpg,tickets
TICKET_0221,konzert-joe-jackson-1986.html,BIG WORLD Tour 1986,10th November 1986,"10th November 1986 - Berlin, Germany - Eissporthalle","Gert Schaumlöffel, Germany",kk-joe-jackson-1986-11-10.jpg,10.11,není k dispozici,není k dispozici,není k dispozici,"One More Time, Wild West, Right and Wrong, You Can't Get What You Want (Till You Know What You Want), (It's a) Big World, Home Town, Chinatown, Another World, On Your Radio, Shanghai Sky, Fifty Dollar Love Affair, Cancer, Be My Number Two, Breaking Us in Two, Steppin' Out, Survival, Soul Kiss, It's Different for Girls, The Jet Set, Sunday Papers, Tonight and Forever, Tuxedo Junction, What’s the Use of Getting Sober (When You’re Gonna Get Drunk Again)?, Jumpin' Jive, I'm the Man, Man in the Street",26,https://www.setlist.fm/setlist/joe-jackson/1986/eissporthalle-an-der-jaffestrasse-berlin-germany-23e07097.html,kk-joe-jackson-1986-11-10.jpg,tickets
TICKET_0222,konzert-joe-jackson-1986.html,BIG WORLD Tour 1986,12th November 1986,"12th November 1986 - Münster, Germany - Münsterlandhalle","Andreas Wiethoff, Germany",kk-aw-03.jpg,není k dispozici,není k dispozici,REIHE: Sitz,není k dispozici,"One More Time, Wild West, Right and Wrong, You Can't Get What You Want (Till You Know What You Want), (It's a) Big World, Home Town, Chinatown, Another World, On Your Radio, Shanghai Sky, Fifty Dollar Love Affair, Cancer, Be My Number Two, Breaking Us in Two, Steppin' Out, Survival, Soul Kiss, It's Different for Girls, The Jet Set, Sunday Papers, Tonight and Forever",21,https://www.setlist.fm/setlist/joe-jackson/1986/halle-munsterland-munster-germany-33edf4c1.html,kk-aw-03.jpg,tickets
TICKET_0223,konzert-joe-jackson-1986.html,BIG WORLD Tour 1986,17th November 1986,"17th November 1986 - Quimper, France - Salle Omnisports","Gert Schaumlöffel, Germany",kk-joe-jackson-1986-11-17.jpg,není k dispozici,není k dispozici,není k dispozici,není k dispozici,není k dispozici,0,https://www.setlist.fm/setlist/joe-jackson/1986/salle-omnisports-quimper-france-4b8e837e.html,kk-joe-jackson-1986-11-17.jpg,tickets
TICKET_0224,konzert-joe-jackson-1986.html,BIG WORLD Tour 1986,20th November 1986,"20th November 1986 - Barcelona, Spain - Studio 54","Gert Schaumlöffel, Germany",kk-joe-jackson-1986-11-20.jpg,2.00,není k dispozici,není k dispozici,není k dispozici,"One More Time, Wild West, Right and Wrong, You Can't Get What You Want (Till You Know What You Want), (It's a) Big World, Home Town, Another World, On Your Radio, Shanghai Sky, Fifty Dollar Love Affair, Cancer, Be My Number Two, Breaking Us in Two, Steppin' Out, Survival, Soul Kiss, It's Different for Girls, The Jet Set, Sunday Papers, Tonight and Forever, Jack, You're Dead, What’s the Use of Getting Sober (When You’re Gonna Get Drunk Again)?, Jumpin' Jive, I'm the Man, Man in the Street",25,https://www.setlist.fm/setlist/joe-jackson/1986/studio-54-barcelona-spain-538e837d.html,kk-joe-jackson-1986-11-20.jpg,tickets
TICKET_0225,konzert-joe-jackson-1986.html,BIG WORLD Tour 1986,25th November 1986,"25th November 1986 - Lyon, France - Bourse du Travail","Gert Schaumlöffel, Germany",kk-joe-jackson-1986-11-25.jpg,není k dispozici,není k dispozici,není k dispozici,není k dispozici,není k dispozici,0,https://www.setlist.fm/setlist/joe-jackson/1986/la-bourse-du-travail-lyon-france-438e8373.html,kk-joe-jackson-1986-11-25.jpg,tickets
TICKET_0226,konzert-joe-jackson-1986.html,BIG WORLD Tour 1986,27nd November 1986,"27nd November 1986 - Nice, France - Théatre de Verdure","Gert Schaumlöffel, Germany",kk-joe-jackson-1986-11-27.jpg,není k dispozici,není k dispozici,není k dispozici,není k dispozici,"One More Time, Wild West, Right and Wrong, You Can't Get What You Want (Till You Know What You Want), (It's a) Big World, Home Town, Chinatown, Another World, On Your Radio, Shanghai Sky, Fifty Dollar Love Affair, Cancer, Be My Number Two, Breaking Us in Two, Steppin' Out, Survival, Soul Kiss, It's Different for Girls, The Jet Set, Sunday Papers, Tonight and Forever, Jack, You're Dead, What’s the Use of Getting Sober (When You’re Gonna Get Drunk Again)?, Jumpin' Jive, I'm the Man, Man in the Street",26,https://www.setlist.fm/setlist/joe-jackson/1986/theatre-de-verdure-nice-france-4b8e8372.html,kk-joe-jackson-1986-11-27.jpg,tickets
TICKET_0227,konzert-joe-jackson-1986.html,BIG WORLD Tour 1986,2nd December 1986,"2nd December 1986 - Rome, Italy","Gert Schaumlöffel, Germany",kk-joe-jackson-1986-12-02.jpg,není k dispozici,není k dispozici,není k dispozici,není k dispozici,"One More Time, Wild West, Right and Wrong, You Can't Get What You Want (Till You Know What You Want), (It's a) Big World, Home Town, Fifty Dollar Love Affair, Survival, Soul Kiss, It's Different for Girls, Shanghai Sky, Another World, Cancer, Chinatown, Be My Number Two, Breaking Us in Two, Steppin' Out, The Jet Set, Sunday Papers, Tonight and Forever, Jumpin' Jive, I'm the Man, Man in the Street",23,https://www.setlist.fm/setlist/joe-jackson/1986/teatro-tenda-pianeta-rome-italy-33979485.html,kk-joe-jackson-1986-12-02.jpg,tickets
TICKET_0228,konzert-joe-jackson-1986.html,BIG WORLD Tour 1986,9th December 1986,"9th December 1986 - Stuttgart, Germany - Liederhalle","Gabs, Tübingen, Germany",kk-joe-jackson-1986-12-09.jpg,20.00,není k dispozici,platz: anspruch,není k dispozici,není k dispozici,0,https://www.setlist.fm/setlist/joe-jackson/1986/beethoven-saal-stuttgart-germany-3bedf4b8.html,kk-joe-jackson-1986-12-09.jpg,tickets
TICKET_0229,konzert-joe-jackson-1986.html,BIG WORLD Tour 1986,10th December 1986,"10th December 1986 - Ludwigshafen, Germany - Friedrich-Ebert-Halle","Gert Schaumlöffel, Germany",kk-joe-jackson-1986-12-10.jpg,86.20,není k dispozici,není k dispozici,není k dispozici,není k dispozici,0,https://www.setlist.fm/setlist/joe-jackson/1986/friedrich-ebert-halle-ludwigshafen-am-rhein-germany-2bedf4be.html,kk-joe-jackson-1986-12-10.jpg,tickets
TICKET_0230,konzert-joe-jackson-1986.html,BIG WORLD Tour 1986,13th December 1986,"13th December 1986 - Arnhem, Netherlands -  Rijnhal","Dominique Maassen, Netherlands",kk-joe-jackson-1986-12-13.jpg,není k dispozici,není k dispozici,není k dispozici,není k dispozici,není k dispozici,0,https://www.setlist.fm/setlist/joe-jackson/1986/rijnhal-arnhem-netherlands-33e568c1.html,kk-joe-jackson-1986-12-13.jpg,tickets
TICKET_0231,konzert-joe-jackson-1986.html,BIG WORLD Tour 1986,14th December 1986,"14th December 1986 - Arnhem, Netherlands -  Rijnhal","Lammert Veen, Netherlands",kk-joe-jackson-1986-12-14.jpg,20.00,není k dispozici,není k dispozici,není k dispozici,není k dispozici,0,https://www.setlist.fm/setlist/joe-jackson/1986/rijnhal-arnhem-netherlands-23e568c7.html,kk-joe-jackson-1986-12-14.jpg,tickets
TICKET_0232,konzert-joe-jackson-1986.html,BIG WORLD Tour 1986,14th December 1986,"14th December 1986 - Arnhem, Netherlands - Rijnhal","Harry Koekkoek, Netherlands",kk-hkk-02.jpg,22.00,není k dispozici,není k dispozici,není k dispozici,není k dispozici,0,https://www.setlist.fm/setlist/joe-jackson/1986/rijnhal-arnhem-netherlands-23e568c7.html,kk-hkk-02.jpg,tickets
TICKET_0233_a,konzert-joe-jackson-1986.html,BIG WORLD Tour 1986,1986,1986 - Tourpass,"Gert Schaumlöffel, Germany",kk-joe-jackson-1986-pass.jpg,není k dispozici,není k dispozici,není k dispozici,není k dispozici,není k dispozici,0,není k dispozici,kk-joe-jackson-1986-pass.jpg,passes
TICKET_0233_b,konzert-joe-jackson-1986.html,BIG WORLD Tour 1986,7th May 1986,1986 - Tourpass,"Gert Schaumlöffel, Germany",kk-joe-jackson-1986-07-05-pass.jpg,není k dispozici,není k dispozici,není k dispozici,není k dispozici,není k dispozici,0,není k dispozici,kk-joe-jackson-1986-07-05-pass.jpg,passes
TICKET_0234,konzert-joe-jackson-1990.html,LAUGHTER & LUST  Tour (Workshop),15th September 1990,"15th September 1990 - Boston, MA, U.S.A - Citi Club","Gert Schaumlöffel, Germany",kk-joe-jackson-1990-09-15.jpg,15.19,není k dispozici,"SEC: TIDN, SeAT: ADMISSION, SEC: TION, SEAT: Zx722",není k dispozici,It's Different for Girls,1,https://www.setlist.fm/setlist/joe-jackson/1990/citi-club-boston-ma-73cd8e45.html,kk-joe-jackson-1990-09-15.jpg,tickets
TICKET_0235,konzert-joe-jackson-1990.html,LAUGHTER & LUST  Tour (Workshop),18th September 1990,"18th September 1990 Poughkeepsie, NY, U.S.A. The Chance","John Nyman, U.S.A.",kk-jn-15.jpg,není k dispozici,není k dispozici,není k dispozici,není k dispozici,není k dispozici,0,https://www.setlist.fm/setlist/joe-jackson/1990/the-chance-poughkeepsie-ny-4b8e830a.html,kk-jn-15.jpg,tickets
TICKET_0236,konzert-joe-jackson-1990.html,LAUGHTER & LUST  Tour (Workshop),25th September 1990,"25th September 1990 -  Toronto, Canada - Diamond","Gert Schaumlöffel, Germany",kk-joe-jackson-1990-09-25.jpg,není k dispozici,není k dispozici,SEAT: ING,není k dispozici,"Steppin' Out, Drowning, It's Different for Girls, Right and Wrong, Got the Time, Obvious Song, Goin' Downtown, Stranger Than Fiction, The Old Songs, Fools in Love, My House, When You're Not Around, Rant and Rave, Nineteen Forever, Oh Well, Jamie G., Blaze of Glory, You Can't Do That, I'm the Man",19,https://www.setlist.fm/setlist/joe-jackson/1990/the-diamond-club-toronto-on-canada-538e8309.html,kk-joe-jackson-1990-09-25.jpg,tickets
TICKET_0237,konzert-joe-jackson-1990.html,LAUGHTER & LUST  Tour (Workshop),29th September 1990,"29th September 1990 -  Detroit, MI, U.S.A. - St. Andrew's Hall","Art Fernandez, U.S.A.",kk-joe-jackson-1990-09-29.jpg,není k dispozici,není k dispozici,ROW: SEAI,není k dispozici,není k dispozici,0,https://www.setlist.fm/setlist/joe-jackson/1990/saint-andrews-hall-detroit-mi-4b8e830e.html,kk-joe-jackson-1990-09-29.jpg,tickets
TICKET_0238,konzert-joe-jackson-1990.html,LAUGHTER & LUST  Tour (Workshop),9th October 1990,"9th October 1990 - Columbus, OH, U.S.A. - Newport Music Hall",thepassenger,kk-joe-jackson-1990-10-09.jpg,není k dispozici,není k dispozici,"Sec: tionaisle, Row: iBox, SeAt: Adhissiok, Sec: Tionaisle, ROw: IBOX, Seat: IEH1145",není k dispozici,"Steppin' Out, Right and Wrong, Drowning, Got the Time, Home Town, Obvious Song, Goin' Downtown, Stranger Than Fiction, Another World, The Other Me, Fools in Love, Hit Single, Rant and Rave, Nineteen Forever, Oh Well, Jamie G., Blaze of Glory, When You Walk in the Room, I'm the Man, A Slow Song",20,https://www.setlist.fm/setlist/joe-jackson/1990/newport-music-hall-columbus-oh-43d90b8f.html,kk-joe-jackson-1990-10-09.jpg,tickets
TICKET_0239,konzert-joe-jackson-1990.html,LAUGHTER & LUST  Tour (Workshop),11th October 1990,"11th October 1990 Pittsburgh, PA, U.S.A. Metropol","Björn Krüger, Germany",kk-bk-012.jpg,19.75,$,není k dispozici,není k dispozici,"Steppin' Out, It's Different for Girls, Right and Wrong, Got the Time, Obvious Song, Goin' Downtown, Fools in Love, Stranger Than Fiction, Another World, Look Sharp!, The Other Me, Real Men, Rant and Rave, Nineteen Forever, Oh Well, Jamie G., One More Time, I'm the Man, A Slow Song",19,https://www.setlist.fm/setlist/joe-jackson/1990/metropol-pittsburgh-pa-13e80dad.html,kk-bk-012.jpg,tickets
TICKET_0240,konzert-joe-jackson-1990.html,LAUGHTER & LUST  Tour (Workshop),18th October 1990,"18th October 1990 - New York, NY, U.S.A. - The Marquee","Gary Gelb, U.S.A.",kk-joe-jackson-1990-10-18.jpg,není k dispozici,není k dispozici,"SEC: TION, ROW: Seat, SEC: TION, ROW: dchow",není k dispozici,"Steppin' Out, Right and Wrong, Drowning, Goin' Downtown, Got the Time, Obvious Song, It's Different for Girls, Stranger Than Fiction, Another World, Fools in Love, When You're Not Around, Hit Single, Blaze of Glory, Don't Get Around Much Anymore, I'm the Man, A Slow Song",16,https://www.setlist.fm/setlist/joe-jackson/1990/the-marquee-new-york-ny-438e83f3.html,kk-joe-jackson-1990-10-18.jpg,tickets
TICKET_0241,konzert-joe-jackson-1990.html,LAUGHTER & LUST  Tour (Workshop),20th October 1990,"20th October 1990 - New York, NY, U.S.A. - Bottom Line","Gert Schaumlöffel, Germany",kk-joe-jackson-1990-10-20.jpg,není k dispozici,není k dispozici,"SEC: ROW, SEAT: GEN",není k dispozici,"Steppin' Out, It's Different for Girls, Right and Wrong, Got the Time, Obvious Song, Goin' Downtown, Stranger Than Fiction, Another World, Trying to Cry, Fools in Love, When You're Not Around, Rant and Rave, Nineteen Forever, Oh Well, Jamie G., Blaze of Glory, Don't Get Around Much Anymore, I'm the Man, A Slow Song",19,https://www.setlist.fm/setlist/joe-jackson/1990/the-bottom-line-new-york-ny-4b8e83f2.html,kk-joe-jackson-1990-10-20.jpg,tickets
TICKET_0242,konzert-joe-jackson-2001.html,Tour 2001,6th January 2001,"6th January 2001 - Leipzig, Germany - Gewandhaus - FREE Ticket","Björn Krüger, Germany",kk-bk-013.jpg,0.00,není k dispozici,není k dispozici,není k dispozici,"Prelude / Hell of a Town, You Can't Get What You Want (Till You Know What You Want), Happyland, Stranger Than You, Another World, Reelin' In the Years, Is She Really Going Out With Him?, Breaking Us in Two, Home Town, Be My Number Two, Drowning, Eleanor Rigby, It's Different for Girls, Love Got Lost, Real Men, Glamour and Pain, Stranger Than Fiction, Target, Just Because..., Got the Time, Stay / Steppin' Out, One More Time, A Slow Song",23,https://www.setlist.fm/setlist/joe-jackson/2001/gewandhaus-leipzig-germany-4bedf7a2.html,kk-bk-013.jpg,tickets
TICKET_0243,konzert-joe-jackson-2001.html,Tour 2001,8th January 2001,"8th January 2001 - Düsseldorf, Germany -  Philipshalle","Gert Schaumlöffel, Germany",kk-joe-jackson-2001-01-08.jpg,11.07,není k dispozici,Reihe: Platz,není k dispozici,"Prelude / Hell of a Town, You Can't Get What You Want (Till You Know What You Want), Happyland, Stranger Than You, Another World, Reelin' In the Years, Is She Really Going Out With Him?, Breaking Us in Two, Be My Number Two, Home Town, For No One, You Can't Be Too Strong, Love Got Lost, Real Men, Blaze of Glory, Glamour and Pain, Target, Just Because..., Got the Time, Stay, Steppin' Out, Stranger Than Fiction, One More Time, A Slow Song",24,https://www.setlist.fm/setlist/joe-jackson/2001/philipshalle-dusseldorf-germany-6bde6ee6.html,kk-joe-jackson-2001-01-08.jpg,tickets
TICKET_0244,konzert-joe-jackson-2001.html,Tour 2001,10th January 2001,"10th January 2001 - Frankfurt, Germany - Alte Oper","Andreas Wiethoff, Germany",kk-aw-04.jpg,20.00,není k dispozici,Reihe: Platz,není k dispozici,"Prelude / Hell of a Town, You Can't Get What You Want (Till You Know What You Want), Happyland, Stranger Than You, Another World, Reelin' In the Years, Is She Really Going Out With Him?, Breaking Us in Two, Be My Number Two, Home Town, Eleanor Rigby, It's Different for Girls, Love Got Lost, Real Men, Blaze of Glory, Stranger Than Fiction, Glamour and Pain, Target, Just Because..., Got the Time, Stay / Steppin' Out, One More Time",22,https://www.setlist.fm/setlist/joe-jackson/2001/alte-oper-frankfurt-germany-7be2b6f0.html,kk-aw-04.jpg,tickets
TICKET_0245,konzert-joe-jackson-2001.html,Tour 2001,13th January 2001,"13th January 2001 - Bielefeld, Germany - Stadthalle - Gert Schaumlöffel, Germany","Thomas Collin, Germany","kk-joe-jackson-2001-01-13-2.jpg, kk-joe-jackson-2001-01-13.jpg",13.01,není k dispozici,"reIhE: 2, PlAtZ: 2",není k dispozici,"Prelude / Hell of a Town, You Can't Get What You Want (Till You Know What You Want), Happyland, Stranger Than You, Another World, Reelin' In the Years, Is She Really Going Out With Him?, Breaking Us in Two, Home Town, Be My Number Two, Eleanor Rigby, It's Different for Girls, Love Got Lost, Real Men, Blaze of Glory, Nineteen Forever, Glamour and Pain, Target, Just Because..., Got the Time, Stay / Steppin' Out, ""Heroes"", One More Time, A Slow Song",24,https://www.setlist.fm/setlist/joe-jackson/2001/stadthalle-bielefeld-bielefeld-germany-43f09f4f.html,"kk-joe-jackson-2001-01-13-2.jpg, kk-joe-jackson-2001-01-13.jpg",tickets
TICKET_0246,konzert-joe-jackson-2001.html,Tour 2001,14th January 2001,"14th January 2001 - Hamburg, Germany - CCH Saal 2","Rolf Thalmann, Germany",kk-joe-jackson-2001-01-14.jpg,40.75,EUR,Reihe: Platz,není k dispozici,"Prelude / Hell of a Town, You Can't Get What You Want (Till You Know What You Want), Dear Mom, Stranger Than You, Another World, Chinatown, Is She Really Going Out With Him?, Breaking Us in Two, Be My Number Two, Home Town, For No One, Drowning, It's Different for Girls, Love Got Lost, Real Men, Stranger Than Fiction, Glamour and Pain, Target, Just Because..., Got the Time, Stay / Steppin' Out, Blaze of Glory, A Slow Song",23,https://www.setlist.fm/setlist/joe-jackson/2001/cch-saal-2-hamburg-germany-6bd2fa9e.html,kk-joe-jackson-2001-01-14.jpg,tickets
TICKET_0247,konzert-joe-jackson-2001.html,Tour 2001,16th January 2001,"16th January 2001 - Berlin, Germany - ICC Saal 2","Steve Whitbread, U.K.",kk-joe-jackson-2001-01-16.jpg,34.00,EUR,Platz: 11,není k dispozici,"Prelude / Hell of a Town, You Can't Get What You Want (Till You Know What You Want), Happyland, Stranger Than You, Another World, Reelin' In the Years, Is She Really Going Out With Him?, Breaking Us in Two, Not Here, Not Now, Be My Number Two, Home Town, For No One, It's Different for Girls, Love Got Lost, Real Men, Stranger Than Fiction, Glamour and Pain, Target, Just Because..., Got the Time, Stay / Steppin' Out, ""Heroes"", One More Time, A Slow Song",24,https://www.setlist.fm/setlist/joe-jackson/2001/icc-2-berlin-germany-5be0cf34.html,kk-joe-jackson-2001-01-16.jpg,tickets
TICKET_0248,konzert-joe-jackson-2001.html,Tour 2001,18th January 2001,"18th January 2001 - Paris, France - Olympia - Mathieu Chartier, France - Gert Schaumlöffel, Germany - 18th January 2001 - Paris, France - Olympia - Signed by Bandmembers","Olivier Popincourt, France","kk-sm-2.jpg, kk-joe-jackson-2001-01-18.jpg, kk-joe-jackson-2001-01-18-op.jpg",1.83,není k dispozici,není k dispozici,není k dispozici,"Hell of a Town, You Can't Get What You Want (Till You Know What You Want), Happyland, Stranger Than You, Another World, Reelin' In the Years, Is She Really Going Out With Him?, Breaking Us in Two, Be My Number Two, Home Town, For No One, You Can't Be Too Strong, It's Different for Girls, Love Got Lost, Real Men, Stranger Than Fiction, Glamour and Pain, Target, Just Because..., Got the Time, Stay, Steppin' Out, Blaze of Glory, One More Time, A Slow Song",25,https://www.setlist.fm/setlist/joe-jackson/2001/lolympia-bruno-coquatrix-paris-france-394750f.html,"kk-sm-2.jpg, kk-joe-jackson-2001-01-18.jpg, kk-joe-jackson-2001-01-18-op.jpg",tickets
TICKET_0249,konzert-joe-jackson-2001.html,Tour 2001,20th January 2001,"20th January 2001 - Lyon, France - La Bourse du Travail","Gert Schaumlöffel, Germany",kk-gs-joe-jackson-2001-01-20.jpg,20.39,není k dispozici,není k dispozici,není k dispozici,není k dispozici,0,https://www.setlist.fm/setlist/joe-jackson/2001/la-bourse-du-travail-lyon-france-438eff87.html,kk-gs-joe-jackson-2001-01-20.jpg,tickets
TICKET_0250,konzert-joe-jackson-2001.html,Tour 2001,31st January 2001,"31st January 2001 - München (Munich), Germany - Philharmonie","Robert Keller, Germany",kk-joe-jackson-2001-01-31.jpg,1.01,není k dispozici,Platz: 12,není k dispozici,není k dispozici,0,https://www.setlist.fm/setlist/joe-jackson/2001/philharmonie-im-gasteig-munich-germany-738efe7d.html,kk-joe-jackson-2001-01-31.jpg,tickets
TICKET_0251,konzert-joe-jackson-2001.html,Tour 2001,12th February 2001,"12th February 2001 - Amsterdam, Netherlands -  Carre","Lammert Veen, Netherlands",kk-joe-jackson-2001-02-12.jpg,není k dispozici,není k dispozici,není k dispozici,není k dispozici,"Prelude / Hell of a Town, Stranger Than You, Breaking Us in Two, Is She Really Going Out With Him?, Reelin' In the Years, Happyland, Another World, Be My Number Two, For No One, It's Different for Girls, Drowning, Love Got Lost, Glamour and Pain, Got the Time, Target, Just Because..., Stay / Steppin' Out, Blaze of Glory, A Slow Song",19,https://www.setlist.fm/setlist/joe-jackson/2001/koninklijk-theater-carre-amsterdam-netherlands-2bf5fc4a.html,kk-joe-jackson-2001-02-12.jpg,tickets
TICKET_0252,konzert-joe-jackson-2001.html,Tour 2001,13th February 2001,"13th February 2001 - Rotterdam, Netherlands - de Doelen","Hans Gordijn, Netherlands",kk-joe-jackson-2001-02-13.jpg,70.00,není k dispozici,není k dispozici,není k dispozici,"Prelude / Hell of a Town, Stranger Than You, Breaking Us in Two, Is She Really Going Out With Him?, Reelin' In the Years, Happyland, Another World, Be My Number Two, For No One, It's Different for Girls, Drowning, Love Got Lost, Glamour and Pain, Got the Time, Target, Just Because..., Stay / Steppin' Out, Blaze of Glory, A Slow Song",19,https://www.setlist.fm/setlist/joe-jackson/2001/de-doelen-rotterdam-netherlands-63968297.html,kk-joe-jackson-2001-02-13.jpg,tickets
TICKET_0253,konzert-joe-jackson-2001.html,Tour 2001,17th February 2001,"17th February 2001 - London, U.K. - Royal Festival Hall","Steve Whitbread, U.K.",kk-joe-jackson-2001-02-17.jpg,není k dispozici,není k dispozici,není k dispozici,není k dispozici,"Prelude / Hell of a Town, Stranger Than You, Breaking Us in Two, Is She Really Going Out With Him?, Reelin' In the Years, Happyland, Another World, Be My Number Two, For No One, It's Different for Girls, Drowning, Love Got Lost, Glamour and Pain, Got the Time, Target, Just Because..., Stay / Steppin' Out, Blaze of Glory, A Slow Song",19,https://www.setlist.fm/setlist/joe-jackson/2001/royal-festival-hall-london-U.K.-7bccba24.html,kk-joe-jackson-2001-02-17.jpg,tickets
TICKET_0254,konzert-joe-jackson-2001.html,Tour 2001,19th February 2001,"19th February 2001 - Birmingham, U.K. - Symphony Hall","Mike Baggaley, U.K.",kk-joe-jackson-2001-02-19.jpg,8.50,není k dispozici,není k dispozici,není k dispozici,"A Slow Song, Is She Really Going Out With Him?",2,https://www.setlist.fm/setlist/joe-jackson/2001/symphony-hall-birmingham-U.K.-73ccba25.html,kk-joe-jackson-2001-02-19.jpg,tickets
TICKET_0255,konzert-joe-jackson-2001.html,Tour 2001,20th February 2001,"20th February 2001 - Manchester, U.K. - Apollo","Gert Schaumlöffel, Germany",kk-joe-jackson-2001-02-20.jpg,není k dispozici,není k dispozici,není k dispozici,není k dispozici,"Prelude / Hell of a Town, You Can't Get What You Want (Till You Know What You Want), Stranger Than You, Fools in Love, Another World, Chinatown, Is She Really Going Out With Him?, Breaking Us in Two, Be My Number Two, Home Town, Any Major Dude Will Tell You, For No One, It's Different for Girls, Love Got Lost, Real Men, Stranger Than Fiction, Glamour and Pain, Target, Just Because..., Got the Time, Stay / Steppin' Out, One More Time, A Slow Song",23,https://www.setlist.fm/setlist/joe-jackson/2001/manchester-apollo-manchester-U.K.-73d922ad.html,kk-joe-jackson-2001-02-20.jpg,tickets
TICKET_0256,konzert-joe-jackson-2001.html,Tour 2001,12th March 2001,"12th March 2001 - Washington, DC, U.S.A. - Warner Theatre","Norm Friedlander, U.S.A.",kk-joe-jackson-2001-03-12.jpg,32.50,není k dispozici,"ROW: IBOX, SEAT: Palce",není k dispozici,"Prelude / Hell of a Town, You Can't Get What You Want (Till You Know What You Want), Happyland, Fools in Love, Another World, Is She Really Going Out With Him?, Stranger Than You, Love Got Lost, Breaking Us in Two, Home Town, For No One, Be My Number Two, It's Different for Girls, Drowning, Real Men, Glamour and Pain, Target, Just Because..., Got the Time, Stay / Steppin' Out, Blaze of Glory, A Slow Song",22,https://www.setlist.fm/setlist/joe-jackson/2001/warner-theatre-washington-dc-3bdc68ac.html,kk-joe-jackson-2001-03-12.jpg,tickets
TICKET_0257,konzert-joe-jackson-2001.html,Tour 2001,13th March 2001,"13th March 2001 - Upper Darby, PA, U.S.A. - Tower Theater","Sheva Golkow, U.S.A.",kk-joe-jackson-2001-03-13.jpg,není k dispozici,není k dispozici,"Sec: tion, Seat: Admission",není k dispozici,není k dispozici,0,https://www.setlist.fm/setlist/joe-jackson/2001/tower-theatre-upper-darby-pa-7b8efe6c.html,kk-joe-jackson-2001-03-13.jpg,tickets
TICKET_0258,konzert-joe-jackson-2001.html,Tour 2001,15th March 2001,"15th March 2001 - New York, NY, U.S.A. - Tribeca Performing Arts Center (acoustic show)","Gert Schaumlöffel, Germany",kk-joe-jackson-2001-03-15.jpg,50.00,není k dispozici,sec: tion,není k dispozici,není k dispozici,0,https://www.setlist.fm/setlist/joe-jackson/2001/tribeca-performing-arts-center-new-york-ny-53848f25.html,kk-joe-jackson-2001-03-15.jpg,tickets
TICKET_0259,konzert-joe-jackson-2001.html,Tour 2001,15th March 2001,"15th March 2001 New York, NY, U.S.A. Tribeca Performing Arts Center (acoustic show)","John Nyman, U.S.A.",kk-jn-17.jpg,není k dispozici,není k dispozici,sec: noaaisu,není k dispozici,není k dispozici,0,https://www.setlist.fm/setlist/joe-jackson/2001/tribeca-performing-arts-center-new-york-ny-53848f25.html,kk-jn-17.jpg,tickets
TICKET_0260,konzert-joe-jackson-2001.html,Tour 2001,17th March 2001,"17th March 2001 Red Bank, NJ, U.S.A. - Count Basie Theatre","John Nyman, U.S.A.",kk-jn-04.jpg,není k dispozici,není k dispozici,sec: uocale,není k dispozici,"Prelude / Hell of a Town, You Can't Get What You Want (Till You Know What You Want), Fools in Love, Stranger Than You, Another World, Reelin' In the Years, Is She Really Going Out With Him?, Breaking Us in Two, Home Town, It's Different for Girls, The Man Who Wrote Danny Boy, Cancer, Love Got Lost, Real Men, Glamour and Pain, Target, Just Because..., Got the Time, Stay / Steppin' Out, One More Time, A Slow Song",21,https://www.setlist.fm/setlist/joe-jackson/2001/count-basie-theatre-red-bank-nj-6b86160e.html,kk-jn-04.jpg,tickets
TICKET_0261,konzert-joe-jackson-2001.html,Tour 2001,17th March 2001,"17th March 2001 - Red Bank, NJ, U.S.A. - Count Basie Theatre","Benjamin Davis, U.S.A.",kk-joe-jackson-2001-03-17-2.jpg,není k dispozici,není k dispozici,"SEC: TON, ROw: Sacurda, SEAT: SALE",není k dispozici,"Prelude / Hell of a Town, You Can't Get What You Want (Till You Know What You Want), Fools in Love, Stranger Than You, Another World, Reelin' In the Years, Is She Really Going Out With Him?, Breaking Us in Two, Home Town, It's Different for Girls, The Man Who Wrote Danny Boy, Cancer, Love Got Lost, Real Men, Glamour and Pain, Target, Just Because..., Got the Time, Stay / Steppin' Out, One More Time, A Slow Song",21,https://www.setlist.fm/setlist/joe-jackson/2001/count-basie-theatre-red-bank-nj-6b86160e.html,kk-joe-jackson-2001-03-17-2.jpg,tickets
TICKET_0262,konzert-joe-jackson-2001.html,Tour 2001,29th March 2001,"29th March 2001 - Chicago, IL, U.S.A. - The Riviera","Gert Schaumlöffel, Germany",kk-joe-jackson-2001-03-29.jpg,není k dispozici,není k dispozici,není k dispozici,není k dispozici,"Prelude / Hell of a Town, You Can't Get What You Want (Till You Know What You Want), Dear Mom, Fools in Love, Stranger Than You, Cancer, Is She Really Going Out With Him?, Not Here, Not Now, Be My Number Two, Any Major Dude Will Tell You, It's Different for Girls, Down to London / The ""In"" Crowd, Love Got Lost, Another World, Glamour and Pain, Target, Just Because..., Got the Time, Stay / Steppin' Out, A Slow Song",20,https://www.setlist.fm/setlist/joe-jackson/2001/riviera-theatre-chicago-il-63d7ba93.html,kk-joe-jackson-2001-03-29.jpg,tickets
TICKET_0263,konzert-joe-jackson-2001.html,Tour 2001,31th March 2001,"31th March 2001 - Minneapolis, MN, U.S.A. - Historic State Theatre","Shan Lines, U.S.A.",kk-joe-jackson-2001-03-31.jpg,není k dispozici,není k dispozici,SEC: TIONIAISLE,není k dispozici,"Prelude / Hell of a Town, You Can't Get What You Want (Till You Know What You Want), Fools in Love, Stranger Than You, Cancer, Is She Really Going Out With Him?, Not Here, Not Now, Be My Number Two, It's Different for Girls, Down to London / The ""In"" Crowd, Love Got Lost, Another World, Glamour and Pain, Target, Just Because..., Got the Time, Stay / Steppin' Out, A Slow Song",18,https://www.setlist.fm/setlist/joe-jackson/2001/state-theatre-minneapolis-mn-1bed01f4.html,kk-joe-jackson-2001-03-31.jpg,tickets
TICKET_0264,konzert-joe-jackson-2001.html,Tour 2001,1st April 2001,"1st April 2001 - Milwaukee, WI, U.S.A. - Riverside Theatre","Ian Bowes, South Africa",kk-joe-jackson-2001-04-01.jpg,není k dispozici,není k dispozici,"SEC: TIONIAISLE, ROW: IBOX, SEAT: ADMISSION",není k dispozici,"Prelude / Hell of a Town, You Can't Get What You Want (Till You Know What You Want), Fools in Love, Stranger Than You, Another World, Chinatown, Is She Really Going Out With Him?, Breaking Us in Two, Be My Number Two, For No One, Home Town, Love Got Lost, Real Men, It's Different for Girls, Glamour and Pain, Target, Just Because..., Got the Time, Stay / Steppin' Out, Blaze of Glory, A Slow Song",21,https://www.setlist.fm/setlist/joe-jackson/2001/riverside-theater-milwaukee-wi-2bd9843a.html,kk-joe-jackson-2001-04-01.jpg,tickets
TICKET_0265,konzert-joe-jackson-2001.html,Tour 2001,3rd April 2001,"3rd April 2001 - Boulder, CO, U.S.A. - Boulder Theatre","Ian Bowes, South Africa",kk-joe-jackson-2001-04-03.jpg,3.20,není k dispozici,SEC: TIONAISLE,není k dispozici,"Prelude / Hell of a Town, You Can't Get What You Want (Till You Know What You Want), Fools in Love, Stranger Than You, Another World, Chinatown, Is She Really Going Out With Him?, Not Here, Not Now, Be My Number Two, Any Major Dude Will Tell You, The In Crowd / Down to London, Love Got Lost, Cancer, Nineteen Forever, Glamour and Pain, Target, Just Because..., Got the Time, Stay / Steppin' Out, ""Heroes"", One More Time, A Slow Song",22,https://www.setlist.fm/setlist/joe-jackson/2001/boulder-theater-boulder-co-3be64850.html,kk-joe-jackson-2001-04-03.jpg,tickets
TICKET_0266,konzert-joe-jackson-2001.html,Tour 2001,15th April 2001,"15th April 2001 - San Diego, CA, U.S.A. - 4th & B","Jenniffer Woodson, U.S.A.",kk-jw-07.jpg,není k dispozici,není k dispozici,"Sec: tion, Seat: Admission",není k dispozici,"Prelude / Hell of a Town, You Can't Get What You Want (Till You Know What You Want), Fools in Love, Stranger Than You, Another World, Is She Really Going Out With Him?, Breaking Us in Two, Be My Number Two, Home Town, It's Different for Girls, Love Got Lost, Stranger Than Fiction, Glamour and Pain, Target, Just Because..., Got the Time, Stay / Steppin' Out, Blaze of Glory, One More Time, A Slow Song",20,https://www.setlist.fm/setlist/joe-jackson/2001/4th-and-b-san-diego-ca-bf421d6.html,kk-jw-07.jpg,tickets
TICKET_0267,konzert-joe-jackson-2001.html,Tour 2001,16th April 2001,"16th April 2001 - Los Angeles, CA, U.S.A. - John Anson Ford Theatre (open air)","Jenniffer Woodson, U.S.A.",kk-jw-05.jpg,37.50,není k dispozici,"Row: 7go, Seat: s",není k dispozici,"Prelude / Hell of a Town, You Can't Get What You Want (Till You Know What You Want), Fools in Love, Stranger Than You, Another World, Is She Really Going Out With Him?, Be My Number Two, Blue Flame, Home Town, Cancer, Love Got Lost, Nineteen Forever, Glamour and Pain, Target, Just Because..., Got the Time, Stay / Steppin' Out, It's Different for Girls, One More Time, A Slow Song",20,https://www.setlist.fm/setlist/joe-jackson/2001/john-anson-ford-amphitheatre-los-angeles-ca-13ea81e5.html,kk-jw-05.jpg,tickets
TICKET_0268,konzert-joe-jackson-2001.html,Tour 2001,20th April 2001,"20th April 2001 - New York, NY, U.S.A. - Beacon Theatre","John Nyman, U.S.A.",kk-jn-05.jpg,není k dispozici,není k dispozici,"sec: tion, SeAT: Rk",není k dispozici,"Prelude / Hell of a Town, You Can't Get What You Want (Till You Know What You Want), Happyland, Fools in Love, Stranger Than You, Another World, Cancer, Is She Really Going Out With Him?, It's Different for Girls, Be My Number Two, Any Major Dude Will Tell You, Home Town, Drowning, Down to London / The ""In"" Crowd, Love Got Lost, Stranger Than Fiction, Glamour and Pain, Target, Just Because..., Got the Time, Stay / Steppin' Out, ""Heroes"", One More Time, A Slow Song",24,https://www.setlist.fm/setlist/joe-jackson/2001/beacon-theatre-new-york-ny-23c3bc9b.html,kk-jn-05.jpg,tickets
TICKET_0269,konzert-joe-jackson-2001.html,Tour 2001,2001,2000 / 2001 - Tourpass,"Gert Schaumlöffel, Germany",kk-joe-jackson-2000-pass.jpg,není k dispozici,není k dispozici,není k dispozici,není k dispozici,není k dispozici,0,není k dispozici,kk-joe-jackson-2000-pass.jpg,passes
TICKET_0270,konzert-joe-jackson-1989.html,BLAZE OF GLORY Tour,29th June 1989,"29th June 1989 - Münster, Germany -  Jovel","Gert Schaumlöffel, Germany",kk-jj-gs-1989-06-29.jpg,20.00,není k dispozici,platz: anspruch,není k dispozici,"You Can't Get What You Want (Till You Know What You Want), Right and Wrong, Is She Really Going Out With Him?, Tomorrow's World, Me and You (Against the World), Down to London, Home Town, Not Here, Not Now, The Jet Set, Rant and Rave, Nineteen Forever, The Best I Can Do, Steppin' Out, I'm the Man, Blaze of Glory, A Slow Song",16,https://www.setlist.fm/setlist/joe-jackson/1989/jovel-music-hall-munster-germany-23e1ec4b.html,kk-jj-gs-1989-06-29.jpg,tickets
TICKET_0271,konzert-joe-jackson-1989.html,BLAZE OF GLORY Tour,2nd August 1989,"2nd August 1989 - Boston, MA, U.S.A. - Orpheum Theatre","Gert Schaumlöffel, Germany",kk-joe-jackson-1989-08-02.jpg,není k dispozici,není k dispozici,sec: rionhax,není k dispozici,není k dispozici,0,https://www.setlist.fm/setlist/joe-jackson/1989/orpheum-theatre-boston-ma-4b8e8352.html,kk-joe-jackson-1989-08-02.jpg,tickets
TICKET_0272,konzert-joe-jackson-1989.html,BLAZE OF GLORY Tour,6th August 1989,"6th August 1989 - Columbia, MD, U.S.A. - Merriweather Post Pavilion","Gert Schaumlöffel, Germany",kk-joe-jackson-1989-08-06.jpg,není k dispozici,není k dispozici,není k dispozici,není k dispozici,"You Can't Get What You Want (Till You Know What You Want), Right and Wrong, Is She Really Going Out With Him?, Home Town, It's Different for Girls, The Jet Set, Tomorrow's World, Me and You (Against the World), Down to London, Sentimental Thing, Acropolis Now, Blaze of Glory, Breaking Us in Two, Rant and Rave, Nineteen Forever, The Best I Can Do, Evil Empire, Discipline, The Human Touch, Steppin' Out, I'm the Man, What’s the Use of Getting Sober (When You’re Gonna Get Drunk Again)?, Jumpin' Jive, Take the ""A"" Train, A Slow Song",25,https://www.setlist.fm/setlist/joe-jackson/1989/merriweather-post-pavilion-columbia-md-7bfd26fc.html,kk-joe-jackson-1989-08-06.jpg,tickets
TICKET_0273,konzert-joe-jackson-1989.html,BLAZE OF GLORY Tour,9th August 1989,"9th August 1989 New York, NY, U.S.A. - Beacon Theatre","John Nyman, U.S.A.",kk-jn-16.jpg,není k dispozici,není k dispozici,není k dispozici,není k dispozici,"You Can't Get What You Want (Till You Know What You Want), Right and Wrong, Is She Really Going Out With Him?, Cha Cha Loco, Not Here, Not Now, Fifty Dollar Love Affair, The Jet Set, Tomorrow's World, Me and You (Against the World), Down to London, Sentimental Thing, Acropolis Now, Blaze of Glory, Breaking Us in Two, Rant and Rave, Nineteen Forever, The Best I Can Do, Evil Empire, Discipline, The Human Touch, Steppin' Out, I'm the Man, What’s the Use of Getting Sober (When You’re Gonna Get Drunk Again)?, Jumpin' Jive, Take the ""A"" Train, A Slow Song",26,https://www.setlist.fm/setlist/joe-jackson/1989/beacon-theatre-new-york-ny-4bc2ffce.html,kk-jn-16.jpg,tickets
TICKET_0274,konzert-joe-jackson-1989.html,BLAZE OF GLORY Tour,12th August 1989,"12th August 1989 - Royal Oak, MI, U.S.A. - Royal Oak Music Theatre","Gert Schaumlöffel, Germany",kk-joe-jackson-1989-08-12.jpg,není k dispozici,není k dispozici,"SEC: IBOX, Row: SEAT",není k dispozici,není k dispozici,0,https://www.setlist.fm/setlist/joe-jackson/1989/royal-oak-music-theatre-royal-oak-mi-1b9c9570.html,kk-joe-jackson-1989-08-12.jpg,tickets
TICKET_0275,konzert-joe-jackson-1989.html,BLAZE OF GLORY Tour,13th August 1989,"13th August 1989 - Chicago, IL, U.S.A. - Chicago Theatre","Gert Schaumlöffel, Germany",kk-joe-jackson-1989-08-13.jpg,není k dispozici,není k dispozici,"SEC: TIONIAISLE, Seat: PRICE, SEC: TIONIAISLE, Row: ibox, SEAT: 275",není k dispozici,"You Can't Get What You Want (Till You Know What You Want), Right and Wrong, Is She Really Going Out With Him?, Cha Cha Loco, It's Different for Girls, Fifty Dollar Love Affair, The Jet Set, Tomorrow's World, Me and You (Against the World), Down to London, Sentimental Thing, Acropolis Now, Blaze of Glory, Breaking Us in Two, Rant and Rave, Nineteen Forever, The Best I Can Do, Evil Empire, Discipline, The Human Touch, Steppin' Out, I'm the Man, What’s the Use of Getting Sober (When You’re Gonna Get Drunk Again)?, Jumpin' Jive, Take the ""A"" Train, A Slow Song",26,https://www.setlist.fm/setlist/joe-jackson/1989/the-chicago-theatre-chicago-il-3bd984b0.html,kk-joe-jackson-1989-08-13.jpg,tickets
TICKET_0276,konzert-joe-jackson-1989.html,BLAZE OF GLORY Tour,19th August 1989,"19th August 1989 - Berkeley, CA, U.S.A. - Gr","Gert Schaumlöffel, Germany",kk-joe-jackson-1989-08-19.jpg,není k dispozici,není k dispozici,"SeC: TioniaisLe, SeAT: Admis, SEC: TIONIAISLE, SEAT: ORT1222",není k dispozici,"Tomorrow's World, Me and You (Against the World), Down to London, Sentimental Thing, Acropolis Now, Blaze of Glory, Rant and Rave, Nineteen Forever, The Best I Can Do, Evil Empire, Discipline, The Human Touch",12,https://www.setlist.fm/setlist/joe-jackson/1989/majestic-theatre-dallas-tx-5bff5334.html,kk-joe-jackson-1989-08-19.jpg,tickets
TICKET_0277,konzert-joe-jackson-1989.html,BLAZE OF GLORY Tour,25th August 1989,"25th August 1989 - Berkeley, CA, U.S.A. - Greek Theatre (open air)","Gert Schaumlöffel, Germany",kk-joe-jackson-1989-08-25.jpg,není k dispozici,není k dispozici,není k dispozici,není k dispozici,"You Can't Get What You Want (Till You Know What You Want), Right and Wrong, Is She Really Going Out With Him?, Cha Cha Loco, Home Town, It's Different for Girls, The Jet Set, Tomorrow's World, Me and You (Against the World), Down to London, Sentimental Thing, Acropolis Now, Blaze of Glory, Breaking Us in Two, Rant and Rave, Nineteen Forever, The Best I Can Do, Evil Empire, Discipline, The Human Touch, Steppin' Out, I'm the Man, What’s the Use of Getting Sober (When You’re Gonna Get Drunk Again)?, Jumpin' Jive, Jumping With Symphony Sid, A Slow Song",26,https://www.setlist.fm/setlist/joe-jackson/1989/william-randolph-hearst-greek-theatre-berkeley-ca-2bdbc8fe.html,kk-joe-jackson-1989-08-25.jpg,tickets
TICKET_0278,konzert-joe-jackson-1989.html,BLAZE OF GLORY Tour,26th August 1989,"26th August 1989 - San Diego, CA, U.S.A. - San Diego State Open Air Theatre","Gert Schaumlöffel, Germany",kk-joe-jackson-1989-08-26.jpg,není k dispozici,není k dispozici,"SEC: IION, SEC: TION, SEAT: AI",není k dispozici,není k dispozici,0,https://www.setlist.fm/setlist/joe-jackson/1989/sdsu-open-air-theatre-san-diego-state-university-san-diego-ca-7bce0af8.html,kk-joe-jackson-1989-08-26.jpg,tickets
TICKET_0279,konzert-joe-jackson-1989.html,BLAZE OF GLORY Tour,28th August 1989,"28th August 1989 - 30th August 1989 - Los Angeles, CA, U.S.A. - The Wiltern Theatre","Gert Schaumlöffel, Germany","kk-joe-jackson-1989-08-28.jpg, kk-joe-jackson-1989-08-30.jpg",22.50,není k dispozici,"SEC: TIONYAISLE, Seat: 4DMISSION, SEC: TICNAISLE, SEAT: OHG",není k dispozici,není k dispozici,0,https://www.setlist.fm/setlist/joe-jackson/1989/wiltern-theatre-los-angeles-ca-438e833f.html,"kk-joe-jackson-1989-08-28.jpg, kk-joe-jackson-1989-08-30.jpg",tickets
TICKET_0280,konzert-joe-jackson-1989.html,BLAZE OF GLORY Tour,13th September 1989,"13th September 1989 - Minneapolis, MN, U.S.A. - Orpheum Theatre","Shan Lines, U.S.A.",kk-joe-jackson-1989-09-13.jpg,13.19,není k dispozici,SEAT: 0AV182,není k dispozici,není k dispozici,0,https://www.setlist.fm/setlist/joe-jackson/1989/orpheum-theatre-minneapolis-mn-4b8e832a.html,kk-joe-jackson-1989-09-13.jpg,tickets
TICKET_0281,konzert-joe-jackson-1989.html,BLAZE OF GLORY Tour,14th September 1989,"14th September 1989 - Milwaukee, WI, U.S.A. - Riverside Theatre","Gert Schaumlöffel, Germany",kk-joe-jackson-1989-09-14.jpg,není k dispozici,není k dispozici,není k dispozici,není k dispozici,není k dispozici,0,https://www.setlist.fm/setlist/joe-jackson/1989/riverside-theater-milwaukee-wi-438e832f.html,kk-joe-jackson-1989-09-14.jpg,tickets
TICKET_0282,konzert-joe-jackson-1989.html,BLAZE OF GLORY Tour,20th September 1989,"20th September 1989 - Poughkeepsie, NY, U.S.A. - Hudson Civic Center","Gert Schaumlöffel, Germany",kk-joe-jackson-1989-09-20.jpg,20.19,není k dispozici,"SEC: TIOnibox, Sec: tion, Row: SeaT",není k dispozici,"Piano Overture, You Can't Get What You Want (Till You Know What You Want), Right and Wrong, Is She Really Going Out With Him?, Cha Cha Loco, We Can't Live Together, The Jet Set, Friday, Tomorrow's World, Me and You (Against the World), Down to London, Sentimental Thing, Acropolis Now, Blaze of Glory, Breaking Us in Two, Rant and Rave, Nineteen Forever, The Best I Can Do, Evil Empire, Discipline, The Human Touch, Steppin' Out, I'm the Man, What's the Use of Getting Sober / Jumpin' Jive, A Slow Song",25,https://www.setlist.fm/setlist/joe-jackson/1989/mid-hudson-civic-center-poughkeepsie-ny-63cdae03.html,kk-joe-jackson-1989-09-20.jpg,tickets
TICKET_0283,konzert-joe-jackson-1989.html,BLAZE OF GLORY Tour,25th September 1989,"25th September 1989 New Brunswick, NJ U.S.A. Rutgers University","John Nyman, U.S.A.",kk-jn-01.jpg,814.00,není k dispozici,není k dispozici,není k dispozici,není k dispozici,0,https://www.setlist.fm/setlist/joe-jackson/1989/rutgers-university-new-brunswick-new-brunswick-nj-5b8e8320.html,kk-jn-01.jpg,tickets
TICKET_0284,konzert-joe-jackson-1989.html,BLAZE OF GLORY Tour,13th October 1989,"13th October 1989 - 14th October 1989 - London, U.K. - Hammersmith Odeon - Mike Baggaley, U.K.","Gert Schaumlöffel, Germany","kk-joe-jackson-1989-10-13.jpg, kk-joe-jackson-1989-10-14.jpg",14.10,není k dispozici,"SEAT: ING, ROW: SEAT",není k dispozici,"Tomorrow's World, Me and You (Against the World), Down to London, Sentimental Thing, Acropolis Now, Blaze of Glory, Rant and Rave, Nineteen Forever, The Best I Can Do, Evil Empire, Discipline, The Human Touch",12,https://www.setlist.fm/setlist/joe-jackson/1989/hammersmith-odeon-london-U.K.-43d1df57.html,"kk-joe-jackson-1989-10-13.jpg, kk-joe-jackson-1989-10-14.jpg",tickets
TICKET_0285,konzert-joe-jackson-1989.html,BLAZE OF GLORY Tour,17th Octoberber 1989,"17th Octoberber 1989 - Zürich, Suisse - Kongresshaus Zürich","Gert Schaumlöffel, Germany",kk-joe-jackson-1989-10-17.jpg,20.30,není k dispozici,"REIHE: LIVE, PLATZ: PARKETT, REIHE: PLATZ, PLATZ: KARTE, PLATZ: KAATE",není k dispozici,není k dispozici,0,není k dispozici,kk-joe-jackson-1989-10-17.jpg,tickets
TICKET_0286,konzert-joe-jackson-1989.html,BLAZE OF GLORY Tour,18th October 1989,"18th October 1989 - München (Munich), Germany - Deutsches Museum","Robert Keller, Germany",kk-joe-jackson-1989-10-18.jpg,není k dispozici,není k dispozici,Reihe: Sitz,není k dispozici,"You Can't Get What You Want (Till You Know What You Want), Right and Wrong, Is She Really Going Out With Him?, Home Town, It's Different for Girls, The Jet Set, Friday, Tomorrow's World, Me and You (Against the World), Down to London, Sentimental Thing, Acropolis Now, Blaze of Glory, Breaking Us in Two, Rant and Rave, Nineteen Forever, The Best I Can Do, Evil Empire, Discipline, The Human Touch, Steppin' Out, I'm the Man, What’s the Use of Getting Sober (When You’re Gonna Get Drunk Again)?, Jumpin' Jive, Take the ""A"" Train, A Slow Song",26,https://www.setlist.fm/setlist/joe-jackson/1989/deutsches-museum-munich-germany-33edf4a1.html,kk-joe-jackson-1989-10-18.jpg,tickets
TICKET_0287,konzert-joe-jackson-1989.html,BLAZE OF GLORY Tour,19th October 1989,"19th October 1989 - Milan, Italy - Teatro Smeraldo","Gert Schaumlöffel, Germany",kk-joe-jackson-1989-10-19.jpg,21.00,není k dispozici,není k dispozici,není k dispozici,"You Can't Get What You Want (Till You Know What You Want), Right and Wrong, Is She Really Going Out With Him?, Cha Cha Loco, Home Town, It's Different for Girls, The Jet Set, Friday, Tomorrow's World, Me and You (Against the World), Down to London, Sentimental Thing, Blaze of Glory, Breaking Us in Two, Rant and Rave, Nineteen Forever, The Best I Can Do, Steppin' Out, I'm the Man, What’s the Use of Getting Sober (When You’re Gonna Get Drunk Again)?, Jumpin' Jive, A Slow Song",22,https://www.setlist.fm/setlist/joe-jackson/1989/teatro-smeraldo-milan-italy-73cdaa91.html,kk-joe-jackson-1989-10-19.jpg,tickets
TICKET_0288,konzert-joe-jackson-1989.html,BLAZE OF GLORY Tour,1989,"27 th October 1989 - Hamburg, Germany - CCH 1","Gert Schaumlöffel, Germany",kk-joe-jackson-1989-10-27.jpg,10.89,není k dispozici,"Platz: 36, Sec: h",není k dispozici,není k dispozici,0,není k dispozici,kk-joe-jackson-1989-10-27.jpg,tickets
TICKET_0289,konzert-joe-jackson-1989.html,BLAZE OF GLORY Tour,3rd November 1989,"3rd November 1989 Düsseldorf, Germany -  Philipshalle","Gert Schaumlöffel, Germany",kk-joe-jackson-1989-11-03.jpg,není k dispozici,není k dispozici,platz: reservierung,není k dispozici,"You Can't Get What You Want (Till You Know What You Want), Right and Wrong, Is She Really Going Out With Him?, Cha Cha Loco, Home Town, The Jet Set, Friday, Tomorrow's World, Me and You (Against the World), Down to London, Sentimental Thing, Acropolis Now, Blaze of Glory, Breaking Us in Two, Rant and Rave, Nineteen Forever, The Best I Can Do, Evil Empire, Discipline, The Human Touch, Steppin' Out, I'm the Man, Jumpin' Jive, Take the ""A"" Train, A Slow Song",25,https://www.setlist.fm/setlist/joe-jackson/1989/philipshalle-dusseldorf-germany-43f2cb0f.html,kk-joe-jackson-1989-11-03.jpg,tickets
TICKET_0290,konzert-joe-jackson-1989.html,BLAZE OF GLORY Tour,4th November 1989,"4th November 1989 - Rotterdam, Netherlands - Ahoy Sportpalais","Gert Schaumlöffel, Germany","kk-joe-jackson-1989-11-04-1.jpg, kk-joe-jackson-1989-11-04-2.jpg",20.00,není k dispozici,není k dispozici,není k dispozici,"You Can't Get What You Want (Till You Know What You Want), Right and Wrong, Is She Really Going Out With Him?, We Can't Live Together, It's Different for Girls, The Jet Set, Friday, Tomorrow's World, Me and You (Against the World), Down to London, Sentimental Thing, Acropolis Now, Blaze of Glory, Breaking Us in Two, Rant and Rave, Nineteen Forever, The Best I Can Do, Evil Empire, Discipline, The Human Touch, Steppin' Out, I'm the Man, Jumpin' Jive, Take the ""A"" Train, A Slow Song",25,https://www.setlist.fm/setlist/joe-jackson/1989/ahoy-rotterdam-netherlands-2bf1783a.html,"kk-joe-jackson-1989-11-04-1.jpg, kk-joe-jackson-1989-11-04-2.jpg",tickets
TICKET_0291,konzert-joe-jackson-1989.html,BLAZE OF GLORY Tour,6th November 1989,"6th November 1989 - Paris, France -  Olympia - Björn Krüger, Germany - 7th November 1989 - Paris, France -  Olympia - 1989 - Paris, France -  Backside","Gert Schaumlöffel, Germany","kk-joe-jackson-1989-11-06.jpg, kk-joe-jackson-1989-paris-back.jpg, kk-joe-jackson-1989-11-07.jpg",není k dispozici,není k dispozici,není k dispozici,není k dispozici,není k dispozici,0,https://www.setlist.fm/setlist/joe-jackson/1989/lolympia-bruno-coquatrix-paris-france-4b8e8312.html,"kk-joe-jackson-1989-11-06.jpg, kk-joe-jackson-1989-paris-back.jpg, kk-joe-jackson-1989-11-07.jpg",tickets
TICKET_0292_a,konzert-joe-jackson-1989.html,BLAZE OF GLORY Tour,1989,1989 - Tourpass,"John Nyman, U.S.A.",kk-jn-09.jpg,není k dispozici,není k dispozici,není k dispozici,není k dispozici,není k dispozici,0,není k dispozici,kk-jn-09.jpg,passes
TICKET_0292_b,konzert-joe-jackson-1989.html,BLAZE OF GLORY Tour,1989,1989 - Tourpass,"Gert Schaumlöffel, Germany",kk-joe-jackson-1989-pass-2.jpg,není k dispozici,není k dispozici,není k dispozici,není k dispozici,není k dispozici,0,není k dispozici,kk-joe-jackson-1989-pass-2.jpg,passes
TICKET_0292_c,konzert-joe-jackson-1989.html,BLAZE OF GLORY Tour,1989,1989 - Tourpass,"Gert Schaumlöffel, Germany",kk-joe-jackson-1989-pass-4.jpg,není k dispozici,není k dispozici,není k dispozici,není k dispozici,není k dispozici,0,není k dispozici,kk-joe-jackson-1989-pass-4.jpg,passes
TICKET_0292_d,konzert-joe-jackson-1989.html,BLAZE OF GLORY Tour,1989,1989 - Tourpass,"Gert Schaumlöffel, Germany",kk-joe-jackson-1989-pass-3.jpg,není k dispozici,není k dispozici,není k dispozici,není k dispozici,není k dispozici,0,není k dispozici,kk-joe-jackson-1989-pass-3.jpg,passes
TICKET_0292_e,konzert-joe-jackson-1989.html,BLAZE OF GLORY Tour,1989,1989 - Tourpass,"Gert Schaumlöffel, Germany",kk-joe-jackson-1989-pass-1.jpg,není k dispozici,není k dispozici,není k dispozici,není k dispozici,není k dispozici,0,není k dispozici,kk-joe-jackson-1989-pass-1.jpg,passes
TICKET_0292_f,konzert-joe-jackson-1989.html,BLAZE OF GLORY Tour,1989,1989 - Tourpass,"Gert Schaumlöffel, Germany",kk-joe-jackson-1989-pass-5.jpg,není k dispozici,není k dispozici,není k dispozici,není k dispozici,není k dispozici,0,není k dispozici,kk-joe-jackson-1989-pass-5.jpg,passes
TICKET_0293,konzert-joe-jackson-2022.html,"Sing, You Sinners! - Tour 2022",4th April 2022,"Frankfurt, Germany - Alte Oper - 4th April 2022 - CANCELLED  ➛  24th July 2022","Andreas Wostrack, Germany",kk-joe-jackson-2022-04-04.jpg,20.00,není k dispozici,není k dispozici,není k dispozici,není k dispozici,0,není k dispozici,kk-joe-jackson-2022-04-04.jpg,tickets
TICKET_0294,konzert-joe-jackson-2022.html,"Sing, You Sinners! - Tour 2022",8th April 2022,"Berlin, Germany - Theater am Potsdamer Platz - 8th April 2022 - CANCELLED  ➛  19th July 2022","Rolf Thalmann, Germany",kk-joe-jackson-2022-04-08.jpg,20.00,není k dispozici,Platz: ZAHLMANN,není k dispozici,není k dispozici,0,není k dispozici,kk-joe-jackson-2022-04-08.jpg,tickets
TICKET_0295,konzert-joe-jackson-2022.html,"Sing, You Sinners! - Tour 2022",13th May 2022,"Allentown, PA, U.S.A. - Miller Symphony Hall - 13th May 2022","John Nyman, U.S.A.",kk-joe-jackson-2022-05-13.jpg,není k dispozici,není k dispozici,"ROW: IROX, SEC: 7ONRISLE, sec: orCh",není k dispozici,"One More Time, Fabulously Absolute, Sunday Papers, Dave, Look Sharp!, Fool, Solo (So Low), Real Men, Girl, A Place in the Rain, Kings of the City, Nineteen Forever, You Can't Get What You Want (Till You Know What You Want), Sing You Sinners, Is She Really Going Out With Him?, It's Different for Girls, I'm the Man, Blaze of Glory, Steppin' Out",19,https://www.setlist.fm/setlist/joe-jackson/2022/miller-symphony-hall-allentown-pa-43b73fcb.html,kk-joe-jackson-2022-05-13.jpg,tickets
TICKET_0296,konzert-joe-jackson-2022.html,"Sing, You Sinners! - Tour 2022",11th June 2022,"Phoenix, AZ, U.S.A. - Celebrity Theatre 11th June 2022","Kevin Walsh, U.S.A.",kk-joe-jackson-2022-06-11.jpg,6.30,není k dispozici,"SEC: T, SEAT: A",není k dispozici,"One More Time, Big Black Cloud, Sunday Papers, Dave, Look Sharp!, Fabulously Absolute, Solo (So Low), Real Men, Any Major Dude Will Tell You, Love at First Light, Kings of the City, Blaze of Glory, Fool, Sing You Sinners, Is She Really Going Out With Him?, It's Different for Girls, I'm the Man, You Can't Get What You Want (Till You Know What You Want), Steppin' Out",19,https://www.setlist.fm/setlist/joe-jackson/2022/celebrity-theatre-phoenix-az-4bb4134e.html,kk-joe-jackson-2022-06-11.jpg,tickets
TICKET_0297,konzert-joe-jackson-2022.html,"Sing, You Sinners! - Tour 2022",5th July 2022,"Bordeaux, France - Theatre Femina - 5th July 2022","Kike Morey, Spain",kk-joe-jackson-2022-07-05.jpg,77.30,EUR,Rang: Place,není k dispozici,"One More Time, Big Black Cloud, Sunday Papers, Dave, Look Sharp!, Fabulously Absolute, Solo (So Low), Real Men, Big Yellow Taxi, A Place in the Rain, Kings of the City, Blaze of Glory, Fool, Sing You Sinners, Is She Really Going Out With Him?, It's Different for Girls, I'm the Man, You Can't Get What You Want (Till You Know What You Want), Steppin' Out",19,https://www.setlist.fm/setlist/joe-jackson/2022/theatre-femina-bordeaux-france-23b514fb.html,kk-joe-jackson-2022-07-05.jpg,tickets
TICKET_0298,konzert-joe-jackson-2022.html,"Sing, You Sinners! - Tour 2022",8th July 2022,"Stuttgart, Germany - Altes Schloss - 8th July 2022","Andreas Wostrack, Germany",kk-joe-jackson-2022-07-08.jpg,90.00,EUR,"platz: 6, Reihe: Platz",není k dispozici,"One More Time, Big Black Cloud, Sunday Papers, Dave, Look Sharp!, Fabulously Absolute, Solo (So Low), Real Men, Big Yellow Taxi, Blaze of Glory, Fool, Sing You Sinners, Is She Really Going Out With Him?, It's Different for Girls, I'm the Man, You Can't Get What You Want (Till You Know What You Want), Steppin' Out, Alchemy",18,https://www.setlist.fm/setlist/joe-jackson/2022/altes-schloss-stuttgart-germany-3bb564e8.html,kk-joe-jackson-2022-07-08.jpg,tickets
TICKET_0299,konzert-joe-jackson-2022.html,"Sing, You Sinners! - Tour 2022",10th July 2022,"Brussels, Belgium - Ancienne Belgique, Grote Zaal - 10th July 2022","Marc Alsemgeest, Netherlands",kk-joe-jackson-2022-07-10.jpg,není k dispozici,není k dispozici,není k dispozici,není k dispozici,"One More Time, Big Black Cloud, Sunday Papers, Dave, Look Sharp!, Fabulously Absolute, Solo (So Low), Real Men, The Mayor of Simpleton, The Blue Time, Nineteen Forever, Blaze of Glory, Fool, Sing You Sinners, Is She Really Going Out With Him?, It's Different for Girls, I'm the Man, You Can't Get What You Want (Till You Know What You Want), Steppin' Out",19,https://www.setlist.fm/setlist/joe-jackson/2022/ancienne-belgique-brussels-belgium-4bb573ee.html,kk-joe-jackson-2022-07-10.jpg,tickets
TICKET_0300,konzert-joe-jackson-2022.html,"Sing, You Sinners! - Tour 2022",21th July 2022,"Hamburg, Germany - Stadtpark Open Air - 21th July 2022","Rolf Thalmann, Germany",kk-joe-jackson-2022-07-21.jpg,77.99,EUR,Reihe: Platz,není k dispozici,"One More Time, Big Black Cloud, Sunday Papers, Dave, Look Sharp!, Fabulously Absolute, Solo (So Low), Knowing Me, Knowing You, Real Men, Kings of the City, Blaze of Glory, Fool, Sing You Sinners, Is She Really Going Out With Him?, It's Different for Girls, I'm the Man, You Can't Get What You Want (Till You Know What You Want), Steppin' Out",18,https://www.setlist.fm/setlist/joe-jackson/2022/stadtpark-freilichtbuhne-hamburg-germany-bb2c9c2.html,kk-joe-jackson-2022-07-21.jpg,tickets
TICKET_0301,konzert-joe-jackson-2022.html,"Sing, You Sinners! - Tour 2022",24th July 2022,"Frankfurt, Germany - Jahrhunderthalle - 24th July 2022","Andreas Wostrack, Germany",kk-joe-jackson-2022-07-24.jpg,není k dispozici,není k dispozici,Platz: Hochparkett,není k dispozici,"Sing You Sinners, One More Time, Big Black Cloud, Sunday Papers, Dave, Look Sharp!, Fabulously Absolute, Solo (So Low), Real Men, Big Yellow Taxi, Kings of the City, Tomorrow's World, Blaze of Glory, Fool, Sing You Sinners, Is She Really Going Out With Him?, It's Different for Girls, I'm the Man, You Can't Get What You Want (Till You Know What You Want), Steppin' Out, Alchemy",21,https://www.setlist.fm/setlist/joe-jackson/2022/jahrhunderthalle-frankfurt-germany-6bb2ca32.html,kk-joe-jackson-2022-07-24.jpg,tickets
TICKET_0302,konzert-joe-jackson-1973.html,Edward Bear,14th December 1973,"14th December 1973 - Technical High School, Portsmouth, U.K.","Tom-Robarts Arnold, U.K.",kk-edward-bear-1973.jpg,30,p,není k dispozici,není k dispozici,není k dispozici,1,není k dispozici,kk-edward-bear-1973.jpg,tickets
TICKET_0303,konzert-joe-jackson-2002.html,VOLUME 4 Tour,19th September 2002,"Brighton, U.K. - Concorde 2 - 19th September 2002","Martin Ayling, U.K.",kk-joe-jackson-2002-09-19.jpg,není k dispozici,není k dispozici,není k dispozici,není k dispozici,"On Your Radio, Still Alive, Take It Like a Man, Look Sharp!, Stranger Than You, Thugz 'R' Us, Is She Really Going Out With Him?, One More Time, Blue Flame, Home Town, Any Major Dude Will Tell You, Be My Number Two, Fairy Dust, Sunday Papers, Little Bit Stupid, Bright Grey, I'm the Man, It's Different for Girls, Got the Time",19,https://www.setlist.fm/setlist/joe-jackson/2002/concorde-2-brighton-U.K.-1387a175.html,kk-joe-jackson-2002-09-19.jpg,tickets
TICKET_0304,konzert-joe-jackson-2002.html,VOLUME 4 Tour,21st September 2002,"21st September 2002 - Oxford, U.K. - The Zodiac","Bert Bos, Netherlands",kk-joe-jackson-2002-09-21.jpg,není k dispozici,není k dispozici,není k dispozici,není k dispozici,"One More Time, Awkward Age, Take It Like a Man, Look Sharp!, Chrome, Thugz 'R' Us, Is She Really Going Out With Him?, On Your Radio, Love at First Light, Real Men, For No One, Be My Number Two, Stranger Than Fiction, Fairy Dust, Little Bit Stupid, Sunday Papers, Got the Time, It's Different for Girls, I'm the Man",19,https://www.setlist.fm/setlist/joe-jackson/2002/the-zodiac-oxford-U.K.-23eff0b7.html,kk-joe-jackson-2002-09-21.jpg,tickets
TICKET_0305,konzert-joe-jackson-2002.html,VOLUME 4 Tour,23rd September 2002,"23rd September 2002 - Portsmouth, U.K. - Wedgewood Rooms","Gert Schaumlöffel, Germany",kk-joe-jackson-2002-09-23.jpg,416.00,není k dispozici,není k dispozici,není k dispozici,"On Your Radio, Awkward Age, Take It Like a Man, Stranger Than You, Sunday Papers, Still Alive, Bright Grey, Is She Really Going Out With Him?, Blue Flame, Be My Number Two, Real Men, Eleanor Rigby, Home Town, Dirty Martini, Fairy Dust, Look Sharp!, Little Bit Stupid, One More Time, It's Different for Girls, I'm the Man",20,https://www.setlist.fm/setlist/joe-jackson/2002/wedgewood-rooms-portsmouth-U.K.-2beff0b2.html,kk-joe-jackson-2002-09-23.jpg,tickets
TICKET_0306,konzert-joe-jackson-2002.html,VOLUME 4 Tour,26th September 2002,"26th September 2002 - London, U.K. - The Marquee","Gert Schaumlöffel, Germany",kk-joe-jackson-2002-09-26.jpg,není k dispozici,není k dispozici,není k dispozici,není k dispozici,"One More Time, Awkward Age, Take It Like a Man, Look Sharp!, Chrome, Thugz 'R' Us, Is She Really Going Out With Him?, On Your Radio, Love at First Light, Be My Number Two, Real Men, You Can't Be Too Strong, Home Town, Stranger Than Fiction, Fairy Dust, Little Bit Stupid, Sunday Papers, Got the Time, It's Different for Girls, I'm the Man",20,https://www.setlist.fm/setlist/joe-jackson/2002/marquee-club-london-U.K.-6bf37a72.html,kk-joe-jackson-2002-09-26.jpg,tickets
TICKET_0307,konzert-joe-jackson-2002.html,VOLUME 4 Tour,27th September 2002,"27th September 2002 - Northampton, U.K. - Soundhaus","Mike Baggaley, U.K.",kk-joe-jackson-2002-09-27.jpg,není k dispozici,není k dispozici,není k dispozici,není k dispozici,"One More Time, Still Alive, Take It Like a Man, Look Sharp!, Bright Grey, Dirty Martini, Is She Really Going Out With Him?, On Your Radio, Blue Flame, Home Town, Satin Doll, Be My Number Two, Stranger Than Fiction, Fairy Dust, Little Bit Stupid, Sunday Papers, Got the Time, It's Different for Girls, I'm the Man",19,https://www.setlist.fm/setlist/joe-jackson/2002/the-soundhaus-northampton-U.K.-7bd922d4.html,kk-joe-jackson-2002-09-27.jpg,tickets
TICKET_0308,konzert-joe-jackson-2002.html,VOLUME 4 Tour,2002,2002 - Tourpass,"Gert Schaumlöffel, Germany","kk-joe-jackson-2002-pass-front.jpg, kk-joe-jackson-2002-pass-back.jpg",není k dispozici,není k dispozici,není k dispozici,není k dispozici,není k dispozici,0,není k dispozici,"kk-joe-jackson-2002-pass-front.jpg, kk-joe-jackson-2002-pass-back.jpg",passes
TICKET_0309,konzert-joe-jackson-1985.html,Unique Performance,17th March 1985,"Tokyo Symphony Orchestra performing: SHIJIN NO IE (HOUSE OF THE POET) 17th March 1985 - Tsubuka, Japan - Opening EXPO 85",anonymous,kk-joe-jackson-1985-03-17.jpg,není k dispozici,není k dispozici,není k dispozici,není k dispozici,není k dispozici,0,není k dispozici,kk-joe-jackson-1985-03-17.jpg,tickets
TICKET_0310,konzert-joe-jackson-1984.html,BODY AND SOUL Tour,3rd April 1984,"3rd April 1984 - Dublin, Ireland - R.D.S. - Main Hall - Gert Schaumlöffel, Germany","John Foyle, Ireland","kk-joe-jackson-1984-04-03.jpg, kk-joe-jackson-1984-04-03-2.jpg",7.50,není k dispozici,není k dispozici,není k dispozici,není k dispozici,0,https://www.setlist.fm/setlist/joe-jackson/1984/rds-simmonscourt-dublin-ireland-638e924b.html,"kk-joe-jackson-1984-04-03.jpg, kk-joe-jackson-1984-04-03-2.jpg",tickets
TICKET_0311,konzert-joe-jackson-1984.html,BODY AND SOUL Tour,7th April 1984,"7th April 1984 - Manchester, U.K. - Apollo Theatre","Gert Schaumlöffel, Germany",kk-joe-jackson-1984-04-07.jpg,7.30,není k dispozici,není k dispozici,není k dispozici,není k dispozici,0,https://www.setlist.fm/setlist/joe-jackson/1984/manchester-apollo-manchester-U.K.-239064a3.html,kk-joe-jackson-1984-04-07.jpg,tickets
TICKET_0312,konzert-joe-jackson-1984.html,BODY AND SOUL Tour,8th April 1984,"8th April 1984 - Birmingham, U.K. - Odeon Theatre","Mike Baggaley, U.K.",kk-joe-jackson-1984-04-08.jpg,7.30,není k dispozici,není k dispozici,není k dispozici,není k dispozici,0,https://www.setlist.fm/setlist/joe-jackson/1984/birmingham-odeon-birmingham-U.K.-23ea147f.html,kk-joe-jackson-1984-04-08.jpg,tickets
TICKET_0313,konzert-joe-jackson-1984.html,BODY AND SOUL Tour,11th April 1984,"11th April 1984 - London, U.K. -  Hammersmith Odeon","Gert Schaumlöffel, Germany",kk-joe-jackson-1984-04-11.jpg,není k dispozici,není k dispozici,není k dispozici,není k dispozici,není k dispozici,0,https://www.setlist.fm/setlist/joe-jackson/1984/hammersmith-odeon-london-U.K.-1bd91d68.html,kk-joe-jackson-1984-04-11.jpg,tickets
TICKET_0314,konzert-joe-jackson-1984.html,BODY AND SOUL Tour,12th April 1984,"12th April 1984 - London, U.K. -  Hammersmith Odeon - Gert Schaumlöffel, Germany - 12th April 1984 - London, U.K. -  Hammersmith Odeon - Gert Schaumlöffel, Germany","Alex Wilde, U.K.","kk-gs-joe-jackson-1984-04-12.jpg, kk-joe-jackson-1984-04-12-b.jpg, kk-joe-jackson-1984-04-12-c.jpg",není k dispozici,není k dispozici,není k dispozici,není k dispozici,"Body and Soul, Another World, Cha Cha Loco, You Can't Get What You Want (Till You Know What You Want), Not Here, Not Now, It's Different for Girls, The Verdict, Real Men, Is She Really Going Out With Him?, Happy Ending, Soul Makossa, T.V. Age, Memphis, Steppin' Out, Heart of Ice, Is You Is or Is You Ain't (Ma' Baby), Go for It",17,https://www.setlist.fm/setlist/joe-jackson/1984/hammersmith-odeon-london-U.K.-6b8e924e.html,"kk-gs-joe-jackson-1984-04-12.jpg, kk-joe-jackson-1984-04-12-b.jpg, kk-joe-jackson-1984-04-12-c.jpg",tickets
TICKET_0315,konzert-joe-jackson-1984.html,BODY AND SOUL Tour,14th April 1984,"14th April 1984 - Rotterdam, Netherlands -  Ahoy","Lammert Veen, Netherlands",kk-jj-1984-04-14.jpg,20.00,není k dispozici,není k dispozici,není k dispozici,"Body and Soul, Another World, Cha Cha Loco, The Verdict, It's Different for Girls, You Can't Get What You Want (Till You Know What You Want), Breaking Us in Two, Be My Number Two, Is She Really Going Out With Him?, Happy Ending, Soul Makossa / T.V. Age, Memphis, Steppin' Out, Heart of Ice, Is You Is or Is You Ain't (Ma' Baby), Go for It, A Slow Song",17,https://www.setlist.fm/setlist/joe-jackson/1984/ahoy-rotterdam-netherlands-73d93e79.html,kk-jj-1984-04-14.jpg,tickets
TICKET_0316,konzert-joe-jackson-1984.html,BODY AND SOUL Tour,15th April 1984,"15th April 1984 - Rotterdam, Netherlands - Ahoy","Harry Koekkoek, Netherlands",kk-hkk-01.jpg,není k dispozici,není k dispozici,není k dispozici,není k dispozici,"Body and Soul, Another World, Cha Cha Loco, The Verdict, It's Different for Girls, You Can't Get What You Want (Till You Know What You Want), Breaking Us in Two, Be My Number Two, Is She Really Going Out With Him?, Happy Ending, Soul Makossa / T.V. Age, Memphis, Steppin' Out, Heart of Ice, Is You Is or Is You Ain't (Ma' Baby), Go for It, A Slow Song",17,https://www.setlist.fm/setlist/joe-jackson/1984/ahoy-rotterdam-netherlands-2be5205e.html,kk-hkk-01.jpg,tickets
TICKET_0317,konzert-joe-jackson-1984.html,BODY AND SOUL Tour,21st April 1984,"21st April 1984 - Lyon, France - Palais des Sports","Tommy Mariano, France","kk-joe-jackson-1984-04-21-front.jpg, kk-joe-jackson-1984-04-21-back.jpg",není k dispozici,není k dispozici,není k dispozici,není k dispozici,není k dispozici,0,https://www.setlist.fm/setlist/joe-jackson/1984/palais-des-sports-lyon-france-7b8e924c.html,"kk-joe-jackson-1984-04-21-front.jpg, kk-joe-jackson-1984-04-21-back.jpg",tickets
TICKET_0318,konzert-joe-jackson-1984.html,BODY AND SOUL Tour,25th April 1984,"25th April 1984 - Stuttgart, Germany - Liederhalle","Barnie Rupprecht, Germany",kk-joe-jackson-1984-04-25.jpg,20.00,není k dispozici,není k dispozici,není k dispozici,"Body and Soul, Another World, The Verdict, Cha Cha Loco, It's Different for Girls, You Can't Get What You Want (Till You Know What You Want), Not Here, Not Now, Real Men, Soul Makossa / T.V. Age, Beat Crazy, Steppin' Out, Heart of Ice, Jumpin' Jive, Go for It, A Slow Song, Happy Ending, Breaking Us in Two, Be My Number Two, Chinatown, Is She Really Going Out With Him?, Fools in Love",21,https://www.setlist.fm/setlist/joe-jackson/1984/liederhalle-stuttgart-germany-13c41175.html,kk-joe-jackson-1984-04-25.jpg,tickets
TICKET_0319,konzert-joe-jackson-1984.html,BODY AND SOUL Tour,26th April 1984,"26th April 1984 - Offenbach, Germany - Stadthalle","Gert Schaumlöffel, Germany",kk-jj-gs-1984-04-26.jpg,20.00,není k dispozici,není k dispozici,není k dispozici,není k dispozici,0,https://www.setlist.fm/setlist/joe-jackson/1984/stadthalle-offenbach-am-main-germany-4bc7efda.html,kk-jj-gs-1984-04-26.jpg,tickets
TICKET_0320,konzert-joe-jackson-1984.html,BODY AND SOUL Tour,30th April 1984,"30th April 1984 - Düsseldorf, Germany - Philipshalle","Tommy Mariano, France",kk-joe-jackson-1984-04-30.jpg,20.00,není k dispozici,není k dispozici,není k dispozici,"Body and Soul, Another World, The Verdict, Cha Cha Loco, It's Different for Girls, Breaking Us in Two, Be My Number Two, Is She Really Going Out With Him?, You Can't Get What You Want (Till You Know What You Want), Soul Makossa / T.V. Age, Memphis, Steppin' Out, Heart of Ice, Jumpin' Jive, Go for It, A Slow Song",16,https://www.setlist.fm/setlist/joe-jackson/1984/philipshalle-dusseldorf-germany-23ec507b.html,kk-joe-jackson-1984-04-30.jpg,tickets
TICKET_0321,konzert-joe-jackson-1984.html,BODY AND SOUL Tour,29th April 1984,"29th April 1984 - Ludwigshafen, Germany - Friedrich-Ebert-Halle","Gert Schaumlöffel, Germany",kk-joe-jackson-1984-04-29.jpg,není k dispozici,není k dispozici,není k dispozici,není k dispozici,"Body and Soul, Another World, The Verdict, Cha Cha Loco, It's Different for Girls, Breaking Us in Two, Be My Number Two, Is She Really Going Out With Him?, You Can't Get What You Want (Till You Know What You Want), Soul Makossa, T.V. Age, Memphis, Steppin' Out, Heart of Ice, Jumpin' Jive, Go for It, A Slow Song",17,https://www.setlist.fm/setlist/joe-jackson/1984/friedrich-ebert-halle-ludwigshafen-am-rhein-germany-1bdd3590.html,kk-joe-jackson-1984-04-29.jpg,tickets
TICKET_0322,konzert-joe-jackson-1984.html,BODY AND SOUL Tour,2nd May 1984,"2nd May 1984 - Berlin, Germany - ICC","Gert Schaumlöffel, Germany",kk-joe-jackson-1984-05-02.jpg,86.66,není k dispozici,Reihe: TrumB,není k dispozici,"Loisaida, Body and Soul, Another World, The Verdict, Cha Cha Loco, It's Different for Girls, Happy Ending, Breaking Us in Two, Be My Number Two, Is She Really Going Out With Him?, You Can't Get What You Want (Till You Know What You Want), Soul Makossa / T.V. Age, Memphis, Steppin' Out, Heart of Ice, Jumpin' Jive, Go for It, A Slow Song",18,https://www.setlist.fm/setlist/joe-jackson/1984/icc-2-berlin-germany-13ec51c5.html,kk-joe-jackson-1984-05-02.jpg,tickets
TICKET_0323,konzert-joe-jackson-1984.html,BODY AND SOUL Tour,3rd May 1984,"3rd May 1984 - Hamburg, Germany - Congress Centrum Saal 1",anonymous,kk-joe-jackson-1984-05-03.jpg,není k dispozici,není k dispozici,Reihe: Platz,není k dispozici,není k dispozici,0,https://www.setlist.fm/setlist/joe-jackson/1984/cch-saal-1-hamburg-germany-33ec5069.html,kk-joe-jackson-1984-05-03.jpg,tickets
TICKET_0324,konzert-joe-jackson-1984.html,BODY AND SOUL Tour,5th May 1984,"5th May 1984 - Lille, France -  Foire Commerciale","Gert Schaumlöffel, Germany",kk-joe-jackson-1984-05-05.jpg,není k dispozici,není k dispozici,není k dispozici,není k dispozici,není k dispozici,0,https://www.setlist.fm/setlist/joe-jackson/1984/palais-des-sports-saint-sauveur-lille-france-638e9243.html,kk-joe-jackson-1984-05-05.jpg,tickets
TICKET_0325,konzert-joe-jackson-1984.html,BODY AND SOUL Tour,7th May 1984,"7th May 1984 - Paris, France - Le Zenith","Björn Krüger, Germany",kk-joe-jackson-1984-05-07.jpg,není k dispozici,není k dispozici,není k dispozici,není k dispozici,"Be My Number Two, Breaking Us in Two, Real Men",3,https://www.setlist.fm/setlist/joe-jackson/1984/le-zenith-paris-france-7bfea2e0.html,kk-joe-jackson-1984-05-07.jpg,tickets
TICKET_0326,konzert-joe-jackson-1984.html,BODY AND SOUL Tour,14th May 1984,"14th May 1984 - Vancouver, Canada - Queen Elisabeth Theatre","Gert Schaumlöffel, Germany",kk-joe-jackson-1984-05-14.jpg,není k dispozici,není k dispozici,"sec: CTBrsCOMPA, seat: C26apr",není k dispozici,není k dispozici,0,https://www.setlist.fm/setlist/joe-jackson/1984/queen-elizabeth-theatre-vancouver-bc-canada-5bfc7f60.html,kk-joe-jackson-1984-05-14.jpg,tickets
TICKET_0327,konzert-joe-jackson-1984.html,BODY AND SOUL Tour,15th May 1984,"15th May 1984 - Seattle, WA, U.S.A. - Paramount Theatre","Gert Schaumlöffel, Germany",kk-joe-jackson-1984-05-15.jpg,13.00,není k dispozici,"SEC: 2, SEC: 2, SEc: 2ox",není k dispozici,není k dispozici,0,https://www.setlist.fm/setlist/joe-jackson/1984/paramount-theatre-seattle-wa-638e9247.html,kk-joe-jackson-1984-05-15.jpg,tickets
TICKET_0328,konzert-joe-jackson-1984.html,BODY AND SOUL Tour,25th May 1984,"25th May 1984 - Santa Barbara, CA, U.S.A. - Santa Barbara County Bowl","Gert Schaumlöffel, Germany",kk-joe-jackson-1984-05-25.jpg,není k dispozici,není k dispozici,není k dispozici,HOWARD JONES,není k dispozici,0,https://www.setlist.fm/setlist/joe-jackson/1984/santa-barbara-bowl-santa-barbara-ca-738e9239.html,kk-joe-jackson-1984-05-25.jpg,tickets
TICKET_0329,konzert-joe-jackson-1984.html,BODY AND SOUL Tour,2nd June 1984,"2nd June 1984 - Dallas, TX, U.S.A. - State Fair Band Shell","Gert Schaumlöffel, Germany",kk-joe-jackson-1984-06-02.jpg,1.00,není k dispozici,"Row: SEAT, SEC: TION",není k dispozici,není k dispozici,0,https://www.setlist.fm/setlist/joe-jackson/1984/fair-park-band-shell-dallas-tx-43ff533f.html,kk-joe-jackson-1984-06-02.jpg,tickets
TICKET_0330,konzert-joe-jackson-1984.html,BODY AND SOUL Tour,10th June 1984,"10th June 1984 - Poplar Creek, IL, U.S.A. - Poplar Creek Music Theater (open air)","Gert Schaumlöffel, Germany",kk-joe-jackson-1984-06-10.jpg,10.00,není k dispozici,"SeC: IION, Sec: hion",není k dispozici,"Loisaida, Body and Soul, Heart of Ice, Another World, Sunday Papers, The Verdict, Cha Cha Loco, Breaking Us in Two, Is She Really Going Out With Him?, Memphis, Soul Makossa / T.V. Age, Steppin' Out, You Can't Get What You Want (Till You Know What You Want), Jumpin' Jive, Go for It, A Slow Song",16,https://www.setlist.fm/setlist/joe-jackson/1984/poplar-creek-music-theater-hoffman-estates-il-2bd984c2.html,kk-joe-jackson-1984-06-10.jpg,tickets
TICKET_0331,konzert-joe-jackson-1984.html,BODY AND SOUL Tour,18th June 1984,"18th June 1984 - Toronto, Canada - CNE Bandshell","Gert Schaumlöffel, Germany",kk-joe-jackson-1984-06-18.jpg,14.55,není k dispozici,"sec: admission, sec: lbox",není k dispozici,není k dispozici,0,https://www.setlist.fm/setlist/joe-jackson/1984/cne-bandshell-toronto-on-canada-63f0c6df.html,kk-joe-jackson-1984-06-18.jpg,tickets
TICKET_0332,konzert-joe-jackson-1984.html,BODY AND SOUL Tour,21st June 1984,"21st June 1984 - New York, NY, U.S.A. - Madison Square Garden - Gert Schaumlöffel, Germany","Gregory D'Anna, U.S.A.","kk-joe-jackson-1984-06-21.jpg, kk-joe-jackson-1984-06-21-II.jpg",15.00,$,není k dispozici,není k dispozici,"Body and Soul, Heart of Ice, Another World, Sunday Papers, The Verdict, It's Different for Girls, Cha Cha Loco, Breaking Us in Two, Be My Number Two, Is She Really Going Out With Him?, Memphis, Soul Makossa, T.V. Age, Steppin' Out, You Can't Get What You Want (Till You Know What You Want), Happy Ending, Jumpin' Jive, Go for It, A Slow Song",19,https://www.setlist.fm/setlist/joe-jackson/1984/madison-square-garden-new-york-ny-43d20b97.html,"kk-joe-jackson-1984-06-21.jpg, kk-joe-jackson-1984-06-21-II.jpg",tickets
TICKET_0333,konzert-joe-jackson-1984.html,BODY AND SOUL Tour,23rd June 1984,"23rd June 1984 - Columbia, MD, U.S.A. - Merriweather Post Pavilion","Gert Schaumlöffel, Germany",kk-joe-jackson-1984-06-23.jpg,není k dispozici,není k dispozici,není k dispozici,není k dispozici,není k dispozici,0,https://www.setlist.fm/setlist/joe-jackson/1984/merriweather-post-pavilion-columbia-md-3bdc1c68.html,kk-joe-jackson-1984-06-23.jpg,tickets
TICKET_0334,konzert-joe-jackson-1984.html,BODY AND SOUL Tour,26th June 1984,"Gert Schaumlöffel, Germany - Rain Date: 26th June 1984 - Boston, MA, U.S.A. - Boston Common","Gil Bliss, USA","kk-gs-joe-jackson-1984-06-26.jpg, kk-joe-jackson-1984-06-26-backstage.jpg, kk-joe-jackson-1984-06-26-right-side.jpg",není k dispozici,není k dispozici,není k dispozici,není k dispozici,"Body and Soul, Heart of Ice, Another World, Sunday Papers, The Verdict, It's Different for Girls, Cha Cha Loco, Breaking Us in Two, Be My Number Two, Is She Really Going Out With Him?, Memphis, Soul Makossa, T.V. Age, Steppin' Out, You Can't Get What You Want (Till You Know What You Want), Happy Ending, Jumpin' Jive, Go for It, A Slow Song",19,https://www.setlist.fm/setlist/joe-jackson/1984/boston-common-boston-ma-13df4151.html,"kk-gs-joe-jackson-1984-06-26.jpg, kk-joe-jackson-1984-06-26-backstage.jpg, kk-joe-jackson-1984-06-26-right-side.jpg",tickets
TICKET_0335,konzert-joe-jackson-1984.html,BODY AND SOUL Tour,7th July 1984,"7th July 1984 - Torhout, Belgium - Humo Festival - Hervé Lenoach, France","Gert Schaumlöffel, Germany","kk-joe-jackson-1984-07-07.jpg, kk-joe-jackson-1984-07-07-2.jpg",není k dispozici,není k dispozici,není k dispozici,není k dispozici,není k dispozici,0,https://www.setlist.fm/setlist/joe-jackson/1984/achiel-eeckloo-rockweide-torhout-belgium-43c287cb.html,"kk-joe-jackson-1984-07-07.jpg, kk-joe-jackson-1984-07-07-2.jpg",tickets
TICKET_0336,konzert-joe-jackson-1984.html,BODY AND SOUL Tour,8th July 1984,"8th July 1984 - Werchter, Belgium - Humo Festival - Barnie Rupprecht, Germany","Gert Schaumlöffel, Germany","kk-joe-jackson-1984-07-08.jpg, kk-joe-jackson-1984-07-08-2.jpg",není k dispozici,není k dispozici,není k dispozici,není k dispozici,"Another World, Cha Cha Loco, Be My Number Two, Is She Really Going Out With Him?, Steppin' Out, A Slow Song",6,https://www.setlist.fm/setlist/joe-jackson/1984/festivalpark-werchter-belgium-1bc43d04.html,"kk-joe-jackson-1984-07-08.jpg, kk-joe-jackson-1984-07-08-2.jpg",tickets
TICKET_0337,konzert-joe-jackson-1984.html,BODY AND SOUL Tour,10th July 1984,"10th July 1984 - Milan, Italy - Palazzo Dello Sport - 12th July 1984 - Rome, Italy - Ex Mattatoio","Gert Schaumlöffel, Germany","kk-joe-jackson-1984-07-10.jpg, kk-joe-jackson-1984-07-12.jpg",není k dispozici,není k dispozici,není k dispozici,není k dispozici,"Body and Soul, Heart of Ice, Another World, Sunday Papers, It's Different for Girls, The Verdict, Cha Cha Loco, Breaking Us in Two, Be My Number Two, Is She Really Going Out With Him?, Soul Makossa, Beat Crazy, Steppin' Out, You Can't Get What You Want (Till You Know What You Want), Jumpin' Jive, Go for It, A Slow Song",17,https://www.setlist.fm/setlist/joe-jackson/1984/palasport-di-san-siro-milan-italy-38759eb.html,"kk-joe-jackson-1984-07-10.jpg, kk-joe-jackson-1984-07-12.jpg",tickets
TICKET_0338,konzert-joe-jackson-1984.html,BODY AND SOUL Tour,6th August 1984,"6th August 1984 - Osaka, Japan","Shiro Miyata , Japan",kk-joe-jackson-1984-08-06.jpg,710.27,není k dispozici,není k dispozici,není k dispozici,není k dispozici,0,https://www.setlist.fm/setlist/joe-jackson/1984/mainichi-hall-osaka-japan-73bc0e89.html,kk-joe-jackson-1984-08-06.jpg,tickets
TICKET_0339_a,konzert-joe-jackson-1984.html,BODY AND SOUL Tour,1984,1984 - Tourpass,"Gert Schaumlöffel, Germany",kk-joe-jackson-pass-1984-hamburg.jpg,není k dispozici,není k dispozici,není k dispozici,není k dispozici,není k dispozici,0,není k dispozici,kk-joe-jackson-pass-1984-hamburg.jpg,passes
TICKET_0339_b,konzert-joe-jackson-1984.html,BODY AND SOUL Tour,26th May 1984,1984 - Tourpass,"Gert Schaumlöffel, Germany",kk-joe-jackson-1984-05-26-pass.jpg,není k dispozici,není k dispozici,není k dispozici,není k dispozici,není k dispozici,0,není k dispozici,kk-joe-jackson-1984-05-26-pass.jpg,passes
TICKET_0339_c,konzert-joe-jackson-1984.html,BODY AND SOUL Tour,29th May 1984,1984 - Tourpass,"Gert Schaumlöffel, Germany",kk-joe-jackson-1984-05-29-pass.jpg,není k dispozici,není k dispozici,není k dispozici,není k dispozici,není k dispozici,0,není k dispozici,kk-joe-jackson-1984-05-29-pass.jpg,passes
TICKET_0340,konzert-joe-jackson-2003.html,Tour 2003,21st March 2003,"21st March 2003 - Los Angeles, CA, U.S.A. - El Rey Theatre - 22nd March 2003 - Los Angeles, CA, U.S.A. - El Rey Theatre - YAHOO Group - Joe Jackson","Craig Codding, U.S.A.","kk-sm-5.jpg, kk-joe-jackson-2003-03-22.jpg",32.50,není k dispozici,není k dispozici,není k dispozici,"One More Time, Take It Like a Man, Awkward Age, Look Sharp!, Stranger Than You, Still Alive, Fools in Love / For Your Love, On Your Radio, Love at First Light, Home Town, Girl, Real Men, Dirty Martini, Beat Crazy, Little Bit Stupid, Sunday Papers, Got the Time, It's Different for Girls, I'm the Man",19,https://www.setlist.fm/setlist/joe-jackson/2003/el-rey-theatre-los-angeles-ca-6b969a76.html,"kk-sm-5.jpg, kk-joe-jackson-2003-03-22.jpg",tickets
TICKET_0341,konzert-joe-jackson-2003.html,Tour 2003,24th March 2003,"24th March 2003 - San Francisco, CA, U.S.A. - The Fillmore","Gert Schaumlöffel, Germany",kk-joe-jackson-2003-03-24.jpg,není k dispozici,není k dispozici,SEAT: ING,není k dispozici,"One More Time, Take It Like a Man, Awkward Age, Look Sharp!, Fools in Love / For Your Love, Obvious Song, Bright Grey, Is She Really Going Out With Him?, Love at First Light, Girl, Real Men, It's Different for Girls, Fairy Dust, Beat Crazy, Little Bit Stupid, Sunday Papers, Got the Time, Blaze of Glory, I'm the Man",19,https://www.setlist.fm/setlist/joe-jackson/2003/the-fillmore-san-francisco-ca-33de5485.html,kk-joe-jackson-2003-03-24.jpg,tickets
TICKET_0342,konzert-joe-jackson-2003.html,Tour 2003,27th March 2003,"27th March 2003 - Boulder, CO, U.S.A. - Fox Theatre","Ian Bowes, South Africa",kk-joe-jackson-2003-03-27.jpg,není k dispozici,není k dispozici,není k dispozici,není k dispozici,"One More Time, Take It Like a Man, Awkward Age, Look Sharp!, Chrome, Down to London, On Your Radio, Is She Really Going Out With Him?, Love at First Light, Real Men, The Mayor of Simpleton, Steppin' Out, It's Different for Girls, Fairy Dust, Beat Crazy, Sunday Papers, Thugz 'R' Us, Got the Time, Blaze of Glory, I'm the Man",20,https://www.setlist.fm/setlist/joe-jackson/2003/fox-theatre-boulder-co-7bf6b2c8.html,kk-joe-jackson-2003-03-27.jpg,tickets
TICKET_0343,konzert-joe-jackson-2003.html,Tour 2003,29th March 2003,"29th March 2003 - Minneapolis, MN, U.S.A. - First Avenue","Gert Schaumlöffel, Germany",kk-joe-jackson-2003-03-29.jpg,není k dispozici,není k dispozici,není k dispozici,není k dispozici,"One More Time, Take It Like a Man, Awkward Age, Fools in Love / For Your Love, Fairy Dust, Look Sharp!, Obvious Song, Is She Really Going Out With Him?, Love at First Light, Be My Number Two, Girl, Real Men, Dirty Martini, Sunday Papers, Thugz 'R' Us, Don't Wanna Be Like That, Got the Time, It's Different for Girls, I'm the Man",19,https://www.setlist.fm/setlist/joe-jackson/2003/first-avenue-minneapolis-mn-43d9874b.html,kk-joe-jackson-2003-03-29.jpg,tickets
TICKET_0344,konzert-joe-jackson-2003.html,Tour 2003,30th March 2003,"30th March 2003 - Chicago, IL, U.S.A. - Vic Theatre","Ian Bowes, South Africa",kk-joe-jackson-2003-03-30.jpg,30.00,není k dispozici,"Sec: tionzaisle, SeAt: Admission",není k dispozici,"One More Time, Take It Like a Man, On Your Radio, Is She Really Going Out With Him?, Sunday Papers, Awkward Age, Home Town, Steppin' Out, Love at First Light, It's Different for Girls, Fairy Dust, Thugz 'R' Us, Beat Crazy",13,https://www.setlist.fm/setlist/joe-jackson/2003/vic-theatre-chicago-il-7bd7ba9c.html,kk-joe-jackson-2003-03-30.jpg,tickets
TICKET_0345,konzert-joe-jackson-2003.html,Tour 2003,8th April 2003,"8th April 2003 Philadelphia, PA, U.S.A. - Theatre of Living Arts","John Nyman, U.S.A.",kk-jn-02.jpg,není k dispozici,není k dispozici,není k dispozici,není k dispozici,"One More Time, Take It Like a Man, Awkward Age, Chrome, Sunday Papers, Obvious Song, Bright Grey, Is She Really Going Out With Him?, Love at First Light, Real Men, Any Major Dude Will Tell You, Steppin' Out, It's Different for Girls, Dirty Martini, Beat Crazy, Little Bit Stupid, On Your Radio, Got the Time, Look Sharp!, I'm the Man",20,https://www.setlist.fm/setlist/joe-jackson/2003/the-theatre-of-living-arts-philadelphia-pa-bce993e.html,kk-jn-02.jpg,tickets
TICKET_0346,konzert-joe-jackson-2003.html,Tour 2003,11th April 2003,"11th April 2003 - New York, NY, U.S.A. - Irving Plaza","Gert Schaumlöffel, Germany",kk-joe-jackson-2003-04-11-2.jpg,není k dispozici,není k dispozici,"sec: tion, SEC: TION",není k dispozici,není k dispozici,0,není k dispozici,kk-joe-jackson-2003-04-11-2.jpg,tickets
TICKET_0347,konzert-joe-jackson-2003.html,Tour 2003,12th April 2003,"12th April 2003 - Brooklyn, NY, U.S.A. - Warsaw","Gert Schaumlöffel, Germany",kk-joe-jackson-2003-04-12.jpg,30.00,není k dispozici,není k dispozici,není k dispozici,"One More Time, Take It Like a Man, Awkward Age, Look Sharp!, Home Town, Jamie G., Bright Grey, Is She Really Going Out With Him?, Love at First Light, Be My Number Two, You Can't Be Too Strong, Steppin' Out, Dirty Martini, Sunday Papers, Thugz 'R' Us, Don't Wanna Be Like That, Got the Time, It's Different for Girls, I'm the Man",19,https://www.setlist.fm/setlist/joe-jackson/2003/warsaw-brooklyn-ny-bce9946.html,kk-joe-jackson-2003-04-12.jpg,tickets
TICKET_0348,konzert-joe-jackson-2003.html,Tour 2003,13th April 2003,"13th April 2003 New York, NY, U.S.A. - Bowery Ballroom","John Nyman, U.S.A.",kk-jn-06.jpg,není k dispozici,není k dispozici,není k dispozici,není k dispozici,"One More Time, Take It Like a Man, Awkward Age, Look Sharp!, Chrome, Obvious Song, Bright Grey, Is She Really Going Out With Him?, Love at First Light, Be My Number Two, I Feel Possessed, Steppin' Out, Fairy Dust, Beat Crazy, Sunday Papers, Little Bit Stupid, Don't Wanna Be Like That, Got the Time, It's Different for Girls, I'm the Man",20,https://www.setlist.fm/setlist/joe-jackson/2003/bowery-ballroom-new-york-ny-3ce9943.html,kk-jn-06.jpg,tickets
TICKET_0349,konzert-joe-jackson-2003.html,Tour 2003,22nd April 2003,"22nd April 2003 - Hellendoorn, Netherlands - Lantaarn","Lammert Veen, Netherlands",kk-jj-gs-2003-04-22.jpg,21.00,není k dispozici,není k dispozici,není k dispozici,"One More Time, Take It Like a Man, Awkward Age, Down to London, Fools in Love / For Your Love, Fairy Dust, Look Sharp!, Is She Really Going Out With Him?, Love at First Light, Home Town, You Can't Be Too Strong, Steppin' Out, Dirty Martini, Beat Crazy, Little Bit Stupid, Sunday Papers, Got the Time, It's Different for Girls, I'm the Man",19,https://www.setlist.fm/setlist/joe-jackson/2003/de-lantaarn-hellendoorn-netherlands-3beff0ac.html,kk-jj-gs-2003-04-22.jpg,tickets
TICKET_0350,konzert-joe-jackson-2003.html,Tour 2003,24th April 2003,"24th April 2003 - Köln (=Cologne), Germany - Live Music Hall - Gert Schaumlöffel, Germany","Eric Thelen, Germany","kk-joe-jackson-2003-04-24.jpg, kk-eric.jpg",29.52,EUR,není k dispozici,není k dispozici,"One More Time, Take It Like a Man, Awkward Age, Down to London, Fools in Love / For Your Love, Still Alive, On Your Radio, Is She Really Going Out With Him?, Love at First Light, Home Town, Any Major Dude Will Tell You, Real Men, Fairy Dust, Beat Crazy, Little Bit Stupid, Sunday Papers, Got the Time, It's Different for Girls, I'm the Man",19,https://www.setlist.fm/setlist/joe-jackson/2003/live-music-hall-cologne-germany-63cbee33.html,"kk-joe-jackson-2003-04-24.jpg, kk-eric.jpg",tickets
TICKET_0351,konzert-joe-jackson-2003.html,Tour 2003,25th April 2003,"25th April 2003 - Hamburg, Germany - Markthalle","Rolf Thalmann, Germany",kk-joe-jackson-2003-04-25.jpg,30.00,EUR,platz: Snctusive,není k dispozici,"Look Sharp!, Take It Like a Man, Awkward Age, Biology, Chrome, Obvious Song, Bright Grey, Is She Really Going Out With Him?, Love at First Light, Be My Number Two, Girl, Steppin' Out, Fairy Dust, Sunday Papers, Thugz 'R' Us, Don't Wanna Be Like That, Got the Time, It's Different for Girls, I'm the Man",19,https://www.setlist.fm/setlist/joe-jackson/2003/markthalle-hamburg-germany-33cebc35.html,kk-joe-jackson-2003-04-25.jpg,tickets
TICKET_0352,konzert-joe-jackson-2003.html,Tour 2003,27th April 2003,"27th April 2003 - Berlin, Germany - Universal Hall","Björn Krüger, Germany",kk-bk-019.jpg,5.68,není k dispozici,není k dispozici,není k dispozici,"One More Time, Take It Like a Man, Awkward Age, Fools in Love / For Your Love, Chrome, Fairy Dust, On Your Radio, Is She Really Going Out With Him?, Love at First Light, Home Town, Don't Ask Why, Real Men, Dirty Martini, Beat Crazy, Little Bit Stupid, Sunday Papers, Got the Time, Blaze of Glory, I'm the Man",19,https://www.setlist.fm/setlist/joe-jackson/2003/universal-hall-berlin-germany-43ed97ff.html,kk-bk-019.jpg,tickets
TICKET_0353,konzert-joe-jackson-2003.html,Tour 2003,28th April 2003,"28th April 2003 - Frankfurt, Germany - Batschkapp","Andreas Wiethoff, Germany",kk-aw-01.jpg,není k dispozici,není k dispozici,není k dispozici,není k dispozici,"One More Time, Take It Like a Man, Awkward Age, Look Sharp!, Home Town, Fairy Dust, Bright Grey, Is She Really Going Out With Him?, Love at First Light, Be My Number Two, The Mayor of Simpleton, Steppin' Out, Dirty Martini, Beat Crazy, Thugz 'R' Us, Sunday Papers, Got the Time, It's Different for Girls, I'm the Man",19,https://www.setlist.fm/setlist/joe-jackson/2003/batschkapp-frankfurt-germany-63e2b6ff.html,kk-aw-01.jpg,tickets
TICKET_0354,konzert-joe-jackson-2003.html,Tour 2003,2nd May 2003,"2nd May 2003 - Strasbourg, France - La Laiterie - Grande Salle","François Herrb, France",kk-joe-jackson-2003-05-02.jpg,26.55,EUR,není k dispozici,není k dispozici,"One More Time, Take It Like a Man, Awkward Age, Look Sharp!, Chrome, Obvious Song, Sunday Papers, Is She Really Going Out With Him?, Love at First Light, Home Town, I Feel Possessed, Steppin' Out, Blaze of Glory, Fairy Dust, Beat Crazy, Little Bit Stupid, Got the Time, It's Different for Girls, I'm the Man",19,https://www.setlist.fm/setlist/joe-jackson/2003/la-laiterie-strasbourg-france-38ef977.html,kk-joe-jackson-2003-05-02.jpg,tickets
TICKET_0355,konzert-joe-jackson-2003.html,Tour 2003,6th May 2003,"6th May 2003 - Marseille, France - Le Moulin","Gert Schaumlöffel, Germany",kk-joe-jackson-2003-05-06.jpg,není k dispozici,není k dispozici,není k dispozici,není k dispozici,není k dispozici,0,https://www.setlist.fm/setlist/joe-jackson/2003/le-moulin-marseille-france-138ef969.html,kk-joe-jackson-2003-05-06.jpg,tickets
TICKET_0356,konzert-joe-jackson-2003.html,Tour 2003,21st May 2003,"21st May 2003 - Utrecht, Netherlands - Vredenburg","Mike Philippens, Netherlands",kk-joe-jackson-2003-05-21.jpg,35.00,EUR,není k dispozici,není k dispozici,"Look Sharp!, Take It Like a Man, Biology, Awkward Age, Sunday Papers, It's Different for Girls, Friday, Chrome, Is She Really Going Out With Him?, Real Men, Steppin' Out, The Mayor of Simpleton, Blue Flame, Obvious Song, Don't Wanna Be Like That, Blaze of Glory, Got the Time, Little Bit Stupid, I'm the Man",19,https://www.setlist.fm/setlist/joe-jackson/2003/muziekcentrum-vredenburg-utrecht-netherlands-5bd13bb0.html,kk-joe-jackson-2003-05-21.jpg,tickets
TICKET_0357,konzert-joe-jackson-2003.html,Tour 2003,23rd May 2003,"23rd May 2003 - Groningen, Netherlands - Oosterpoort","Lammert Veen, Netherlands",kk-reint-1.jpg,29.00,EUR,není k dispozici,není k dispozici,"One More Time, Take It Like a Man, Awkward Age, Home Town, Fairy Dust, Look Sharp!, On Your Radio, Is She Really Going Out With Him?, Love at First Light, Be My Number Two, I Feel Possessed, Steppin' Out, Still Alive, Little Bit Stupid, Sunday Papers, Beat Crazy, Got the Time, It's Different for Girls, I'm the Man",19,https://www.setlist.fm/setlist/joe-jackson/2003/de-oosterpoort-groningen-netherlands-23eff0cb.html,kk-reint-1.jpg,tickets
TICKET_0358,konzert-joe-jackson-2003.html,Tour 2003,24th May 2003,"24th May 2003 - Amsterdam, Netherlands - Paradiso","Lammert Veen, Netherlands",kk-jj-gs-2003-05-24.jpg,19.00,není k dispozici,není k dispozici,není k dispozici,"One More Time, Take It Like a Man, Awkward Age, Down to London, Jamie G., Chrome, On Your Radio, Is She Really Going Out With Him?, Love at First Light, Real Men, Any Major Dude Will Tell You, Steppin' Out, Fairy Dust, Little Bit Stupid, Beat Crazy, Look Sharp!, Sunday Papers, Got the Time, It's Different for Girls, I'm the Man",20,https://www.setlist.fm/setlist/joe-jackson/2003/grote-zaal-amsterdam-netherlands-73f56e7d.html,kk-jj-gs-2003-05-24.jpg,tickets
TICKET_0359,konzert-joe-jackson-2003.html,Tour 2003,26th May 2003,"26th May 2003 - Paris, France - Le Bataclan","Hervé Lenoach, France",kk-jj-hl-3.jpg,35.20,EUR,není k dispozici,není k dispozici,"One More Time, Take It Like a Man, Awkward Age, Fools in Love / For Your Love, Fairy Dust, Look Sharp!, Bright Grey, Is She Really Going Out With Him?, Love at First Light, Be My Number Two, I Feel Possessed, Steppin' Out, Still Alive, Thugz 'R' Us, Sunday Papers, Don't Wanna Be Like That, Got the Time, It's Different for Girls, I'm the Man",19,https://www.setlist.fm/setlist/joe-jackson/2003/le-bataclan-paris-france-73cc2a55.html,kk-jj-hl-3.jpg,tickets
TICKET_0360,konzert-joe-jackson-2003.html,Tour 2003,26th May 2003,"26th May 2003 - Paris, France - Le Bataclan","Hubert Duhautois, France",kk-hudu-01.jpg,není k dispozici,není k dispozici,není k dispozici,není k dispozici,"One More Time, Take It Like a Man, Awkward Age, Fools in Love / For Your Love, Fairy Dust, Look Sharp!, Bright Grey, Is She Really Going Out With Him?, Love at First Light, Be My Number Two, I Feel Possessed, Steppin' Out, Still Alive, Thugz 'R' Us, Sunday Papers, Don't Wanna Be Like That, Got the Time, It's Different for Girls, I'm the Man",19,https://www.setlist.fm/setlist/joe-jackson/2003/le-bataclan-paris-france-73cc2a55.html,kk-hudu-01.jpg,tickets
TICKET_0361,konzert-joe-jackson-2003.html,Tour 2003,27th May 2003,"27th May 2003 - Paris, France - Le Bataclan","Mathieu Chartier, France",kk-sm-3.jpg,163.99,není k dispozici,není k dispozici,není k dispozici,"Look Sharp!, Take It Like a Man, Awkward Age, Friday, Chrome, Down to London, Jamie G., On Your Radio, One More Time, Is She Really Going Out With Him?, Love at First Light, Real Men, Girl, Steppin' Out, Dirty Martini, Little Bit Stupid, Beat Crazy, Sunday Papers, Got the Time, It's Different for Girls, I'm the Man",21,https://www.setlist.fm/setlist/joe-jackson/2003/le-bataclan-paris-france-b8ef962.html,kk-sm-3.jpg,tickets
TICKET_0362,konzert-joe-jackson-2003.html,Tour 2003,28th May 2003,"28th May 2003 - Euralille, France - L'Aéronef","Claude Chantemarque, France",kk-joe-jackson-2003-05-28.jpg,není k dispozici,není k dispozici,není k dispozici,není k dispozici,není k dispozici,0,https://www.setlist.fm/setlist/joe-jackson/2003/laeronef-lille-france-53cd8369.html,kk-joe-jackson-2003-05-28.jpg,tickets
TICKET_0363,konzert-joe-jackson-2003.html,Tour 2003,27th May 2003,"27th May 2003 - Paris, France - Le Bataclan","Hubert Duhautois, France",kk-hudu-02.jpg,29.70,EUR,není k dispozici,není k dispozici,"Look Sharp!, Take It Like a Man, Awkward Age, Friday, Chrome, Down to London, Jamie G., On Your Radio, One More Time, Is She Really Going Out With Him?, Love at First Light, Real Men, Girl, Steppin' Out, Dirty Martini, Little Bit Stupid, Beat Crazy, Sunday Papers, Got the Time, It's Different for Girls, I'm the Man",21,https://www.setlist.fm/setlist/joe-jackson/2003/le-bataclan-paris-france-b8ef962.html,kk-hudu-02.jpg,tickets
TICKET_0364,konzert-joe-jackson-2003.html,Tour 2003,30th May 2003,"30th May 2003 - Amsterdam, Netherlands - Pepsi Stage","Gert Schaumlöffel, Germany",kk-joe-jackson-2003-05-30.jpg,200320.00,není k dispozici,není k dispozici,není k dispozici,"Look Sharp!, Take It Like a Man, Awkward Age, Fools in Love / For Your Love, Fairy Dust, Obvious Song, Friday, Is She Really Going Out With Him?, Love at First Light, Be My Number Two, Girl, Steppin' Out, Dirty Martini, Thugz 'R' Us, Sunday Papers, Don't Wanna Be Like That, Got the Time, Beat Crazy, It's Different for Girls, I'm the Man",20,https://www.setlist.fm/setlist/joe-jackson/2003/heineken-music-hall-amsterdam-netherlands-3d18143.html,kk-joe-jackson-2003-05-30.jpg,tickets
TICKET_0365,konzert-joe-jackson-2003.html,Tour 2003,1st June 2003,"1st June 2003 - Tilburg, Netherlands - 013 Popcentrum","Annelies Kanbier, Netherlands",kk-joe-jackson-2003-06-01.jpg,25.00,EUR,není k dispozici,není k dispozici,"One More Time, Take It Like a Man, Awkward Age, Fools in Love / For Your Love, Fairy Dust, Obvious Song, Friday, Is She Really Going Out With Him?, Love at First Light, Home Town, Too Tough, Steppin' Out, Still Alive, Little Bit Stupid, Sunday Papers, Beat Crazy, Got the Time, Look Sharp!, It's Different for Girls, I'm the Man",20,https://www.setlist.fm/setlist/joe-jackson/2003/poppodium-013-tilburg-netherlands-63fa0af7.html,kk-joe-jackson-2003-06-01.jpg,tickets
TICKET_0366,konzert-joe-jackson-2003.html,Tour 2003,4th June 2003,"4th June 2003 - London, U.K. - Shepherds Bush Empire","Gert Schaumlöffel, Germany",kk-joe-jackson-2003-06-04.jpg,20.00,není k dispozici,není k dispozici,Special Guests,"One More Time, Take It Like a Man, Awkward Age, Fools in Love, Chrome, Down to London, Beat Crazy, Friday, Is She Really Going Out With Him?, Love at First Light, Real Men, Girl, Be My Number Two, Steppin' Out, Fairy Dust, Little Bit Stupid, Don't Wanna Be Like That, Sunday Papers, Got the Time, Look Sharp!, It's Different for Girls, I'm the Man",22,https://www.setlist.fm/setlist/joe-jackson/2003/shepherds-bush-empire-london-U.K.-23cebc2f.html,kk-joe-jackson-2003-06-04.jpg,tickets
TICKET_0367,konzert-joe-jackson-2003.html,Tour 2003,6th June 2003,"6th June 2003 - Portsmouth, U.K. - Guildhall","Gert Schaumlöffel, Germany",kk-joe-jackson-2003-06-06.jpg,7.30,není k dispozici,není k dispozici,Special Guests,"Look Sharp!, Take It Like a Man, Awkward Age, Fools in Love, Chrome, Down to London, Beat Crazy, Friday, Is She Really Going Out With Him?, Love at First Light, Real Men, Girl, Steppin' Out, Fairy Dust, Little Bit Stupid, Sunday Papers, Don't Wanna Be Like That, Got the Time, Home Town, It's Different for Girls, I'm the Man",21,https://www.setlist.fm/setlist/joe-jackson/2003/portsmouth-guildhall-portsmouth-U.K.-38ef967.html,kk-joe-jackson-2003-06-06.jpg,tickets
TICKET_0368,konzert-joe-jackson-2003.html,Tour 2003,8th June 2003,"8th June 2003 - Manchester, U.K. - Academy","Björn Krüger, Germany",kk-joe-jackson-2003-06-08.jpg,18.50,není k dispozici,není k dispozici,není k dispozici,"One More Time, Take It Like a Man, Awkward Age, Look Sharp!, Chrome, Obvious Song, Friday, Is She Really Going Out With Him?, Love at First Light, Be My Number Two, Real Men, Steppin' Out, Fairy Dust, Little Bit Stupid, Beat Crazy, Sunday Papers, Got the Time, It's Different for Girls, I'm the Man",19,https://www.setlist.fm/setlist/joe-jackson/2003/manchester-academy-1-manchester-U.K.-73d922b1.html,kk-joe-jackson-2003-06-08.jpg,tickets
TICKET_0369,konzert-joe-jackson-2003.html,Tour 2003,12th June 2003,"12th June 2003 - Dublin, Ireland - Vicar Street","Gert Schaumlöffel, Germany",kk-joe-jackson-2003-06-12.jpg,není k dispozici,není k dispozici,není k dispozici,není k dispozici,není k dispozici,0,https://www.setlist.fm/setlist/joe-jackson/2003/vicar-street-dublin-ireland-1b8ef964.html,kk-joe-jackson-2003-06-12.jpg,tickets
TICKET_0370,konzert-joe-jackson-2003.html,Tour 2003,24th June 2003,"24th June 2003 - Bristol, U.K. - Carling Academy","Alex Wilde, U.K.",kk-joe-jackson-2003-06-24.jpg,18.50,není k dispozici,není k dispozici,Special Euests,není k dispozici,0,není k dispozici,kk-joe-jackson-2003-06-24.jpg,tickets
TICKET_0371,konzert-joe-jackson-2003.html,Tour 2003,2nd July 2003,"2nd July 2003 - Amsterdam, Netherlands - Pepsi Stage","Gert Schaumlöffel, Germany",kk-joe-jackson-2003-07-02.jpg,20.00,není k dispozici,není k dispozici,není k dispozici,"One More Time, Take It Like a Man, Awkward Age, Down to London, Jamie G., Chrome, On Your Radio, Is She Really Going Out With Him?, Love at First Light, Real Men, Any Major Dude Will Tell You, Steppin' Out, Fairy Dust, Little Bit Stupid, Beat Crazy, Look Sharp!, Sunday Papers, Got the Time, It's Different for Girls, I'm the Man",20,https://www.setlist.fm/setlist/joe-jackson/2003/pepsi-stage-amsterdam-netherlands-43f09f4b.html,kk-joe-jackson-2003-07-02.jpg,tickets
TICKET_0372,konzert-joe-jackson-2003.html,Tour 2003,10th July 2003,"10th July 2003 - München (Munich), Germany - Olympiapark Musik-Arena - Robert Keller, Germany","Björn Krüger, Germany","kk-joe-jackson-2003-07-10.jpg, kk-joe-jackson-2003-07-10-2.jpg",19.30,není k dispozici,není k dispozici,není k dispozici,"One More Time, Take It Like a Man, Awkward Age, Right and Wrong, Fools in Love / For Your Love, Still Alive, Beat Crazy, Is She Really Going Out With Him?, Love at First Light, Be My Number Two, Girl, Steppin' Out, Fairy Dust, Thugz 'R' Us, Sunday Papers, Don't Wanna Be Like That, Got the Time, Look Sharp!, I'm the Man",19,https://www.setlist.fm/setlist/joe-jackson/2003/olympiapark-munich-germany-6bf55636.html,"kk-joe-jackson-2003-07-10.jpg, kk-joe-jackson-2003-07-10-2.jpg",tickets
TICKET_0373,konzert-joe-jackson-2003.html,Tour 2003,20th July 2003,"20th July 2003 - Rom (Roma), Italy - La Palma Club","Andreas Wostrack, Germany",kk-aw-joe-jackson-2003-07-20.jpg,800.90,není k dispozici,není k dispozici,není k dispozici,"Steppin' Out, Take It Like a Man, Look Sharp!, Awkward Age, Down to London, Jamie G., On Your Radio, Is She Really Going Out With Him?, Blue Flame, Home Town, Be My Number Two, It's Different for Girls, Fairy Dust, Thugz 'R' Us, Sunday Papers, One More Time, Got the Time, Blaze of Glory, I'm the Man",19,https://www.setlist.fm/setlist/joe-jackson/2003/la-palma-club-rome-italy-138ef955.html,kk-aw-joe-jackson-2003-07-20.jpg,tickets
TICKET_0374,konzert-joe-jackson-2003.html,Tour 2003,26th July 2003,"26th July 2003 - Hannover, Germany - Gilde Parkbühne","Thomas Collin, Germany",kk-joe-jackson-2003-07-26.jpg,30.20,EUR,není k dispozici,není k dispozici,"Steppin' Out, Throw It Away, Take It Like a Man, Look Sharp!, Awkward Age, Home Town, Fairy Dust, Friday, Is She Really Going Out With Him?, Blue Flame, Real Men, Too Tough, Be My Number Two, Dirty Martini, Little Bit Stupid, Sunday Papers, On Your Radio, Got the Time, Blaze of Glory, I'm the Man",20,https://www.setlist.fm/setlist/joe-jackson/2003/capitol-hanover-germany-43ed97bb.html,kk-joe-jackson-2003-07-26.jpg,tickets
TICKET_0375,konzert-joe-jackson-2003.html,Tour 2003,27th July 2003,"27th July 2003 - Herford, Germany -  Rathausplatz (open air) - Gert Schaumlöffel, Germany","Björn Krüger, Germany","kk-joe-jackson-2003-07-27.jpg, kk-bk-024.jpg",27.07,není k dispozici,"platz: 9, platz: 8",není k dispozici,"One More Time, Take It Like a Man, Awkward Age, Right and Wrong, Fools in Love / For Your Love, Still Alive, Beat Crazy, Is She Really Going Out With Him?, Love at First Light, Be My Number Two, Girl, Steppin' Out, Fairy Dust, Thugz 'R' Us, Sunday Papers, Don't Wanna Be Like That, Got the Time, Look Sharp!, I'm the Man",19,https://www.setlist.fm/setlist/joe-jackson/2003/rathausplatz-herford-germany-53ed97b1.html,"kk-joe-jackson-2003-07-27.jpg, kk-bk-024.jpg",tickets
TICKET_0376,konzert-joe-jackson-2003.html,Tour 2003,30th July 2003,"30th July 2003 - Hamburg, Germany Stadtpark","Thomas Collin, Germany",kk-joe-jackson-2003-07-30.jpg,30.07,není k dispozici,není k dispozici,není k dispozici,"Steppin' Out, Take It Like a Man, Awkward Age, Fools in Love, Fairy Dust, Friday, Is She Really Going Out With Him?, Love at First Light, Be My Number Two, Girl, It's Different for Girls, Dirty Martini, Little Bit Stupid, Sunday Papers, On Your Radio, Got the Time, Look Sharp!, I'm the Man",18,https://www.setlist.fm/setlist/joe-jackson/2003/stadtpark-freilichtbuhne-hamburg-germany-23cebc1b.html,kk-joe-jackson-2003-07-30.jpg,tickets
TICKET_0377,konzert-joe-jackson-2003.html,Tour 2003,1st August 2003,"1st August 2003 - Mainz, Germany - Phönix-Halle - Peter Steidler, Germany","Gert Schaumlöffel, Germany","kk-joe-jackson-2003-08-01.jpg, kk-joe-jackson-2003-08-01-02.jpg",30.35,EUR,platz: Platzwahl,není k dispozici,"Steppin' Out, Throw It Away, Take It Like a Man, Awkward Age, Right and Wrong, Fools in Love, Still Alive, Friday, Is She Really Going Out With Him?, Love at First Light, Drowning, Home Town, Fairy Dust, Little Bit Stupid, Sunday Papers, Don't Wanna Be Like That, Got the Time, Blaze of Glory, I'm the Man",19,https://www.setlist.fm/setlist/joe-jackson/2003/phonix-halle-mainz-germany-4bed97aa.html,"kk-joe-jackson-2003-08-01.jpg, kk-joe-jackson-2003-08-01-02.jpg",tickets
TICKET_0378,konzert-joe-jackson-2003.html,Tour 2003,9th August 2003,"9th August 2003 Hartford, CT, U.S.A. - Webster Theatre","John Nyman, U.S.A.",kk-jn-03.jpg,není k dispozici,není k dispozici,není k dispozici,není k dispozici,"One More Time, Take It Like a Man, Awkward Age, Down to London, Fools in Love / For Your Love, Still Alive, On Your Radio, Is She Really Going Out With Him?, Love at First Light, Home Town, Any Major Dude Will Tell You, Steppin' Out, Fairy Dust, Thugz 'R' Us, Sunday Papers, Don't Wanna Be Like That, Got the Time, It's Different for Girls, I'm the Man",19,https://www.setlist.fm/setlist/joe-jackson/2003/webster-theater-hartford-ct-7be22ec0.html,kk-jn-03.jpg,tickets
TICKET_0379,konzert-joe-jackson-2003.html,Tour 2003,10th August 2003,"10th August 2003 - Boston, MA, U.S.A. - Avalon Ballroom","John Nyman, U.S.A.",kk-jn-07.jpg,28.75,$,"Seat: onlin, Seat: Includes",není k dispozici,"Steppin' Out, Throw It Away, Take It Like a Man, Awkward Age, Right and Wrong, Fairy Dust, Friday, Is She Really Going Out With Him?, Love at First Light, Be My Number Two, Real Men, A Slow Song, Dirty Martini, Little Bit Stupid, Sunday Papers, Don't Wanna Be Like That, Got the Time, Beat Crazy, Look Sharp!, I'm the Man",20,https://www.setlist.fm/setlist/joe-jackson/2003/avalon-boston-ma-5bfce340.html,kk-jn-07.jpg,tickets
TICKET_0380,konzert-joe-jackson-2003.html,Tour 2003,12th August 2003,"12th August 2003 - New York, NY, U.S.A. - Roseland Ballroom",YAHOO Group - Joe Jackson,kk-sm-4.jpg,není k dispozici,není k dispozici,Sec: tonAisle,není k dispozici,"Steppin' Out, Throw It Away, Take It Like a Man, Awkward Age, Right and Wrong, Fairy Dust, Beat Crazy, Friday, Is She Really Going Out With Him?, Love at First Light, Real Men, Girl, A Slow Song, Dirty Martini, Little Bit Stupid, Sunday Papers, Don't Wanna Be Like That, Got the Time, Blaze of Glory, Look Sharp!, I'm the Man",21,https://www.setlist.fm/setlist/joe-jackson/2003/roseland-ballroom-new-york-ny-2bce988e.html,kk-sm-4.jpg,tickets
TICKET_0381,konzert-joe-jackson-2003.html,Tour 2003,15th August 2003,"15th August 2003 - Atlanta, GA, U.S.A. - Roxy Theatre","Gert Schaumlöffel, Germany",kk-joe-jackson-2003-08-15.jpg,není k dispozici,není k dispozici,"sec: tion, Seat: Aomis",není k dispozici,"Steppin' Out, One More Time, Take It Like a Man, Awkward Age, Fools in Love / For Your Love, Obvious Song, Bright Grey, Is She Really Going Out With Him?, Love at First Light, Real Men, The Mayor of Simpleton, It's Different for Girls, Fairy Dust, Little Bit Stupid, Sunday Papers, Don't Wanna Be Like That, Got the Time, Look Sharp!, I'm the Man",19,https://www.setlist.fm/setlist/joe-jackson/2003/the-roxy-atlanta-ga-73fee2e1.html,kk-joe-jackson-2003-08-15.jpg,tickets
TICKET_0382,konzert-joe-jackson-2003.html,Tour 2003,17th August 2003,"17th August 2003 - Chicago, IL, U.S.A. - Congress Theatre","Gert Schaumlöffel, Germany",kk-joe-jackson-2003-08-17.jpg,29.50,není k dispozici,"sec: tionatisle, Seat: Apmissior",není k dispozici,"Steppin' Out, Throw It Away, Take It Like a Man, Right and Wrong, Awkward Age, Fools in Love / For Your Love, Fairy Dust, Friday, Is She Really Going Out With Him?, Real Men, Girl, A Slow Song, Dirty Martini, Little Bit Stupid, Sunday Papers, Don't Wanna Be Like That, Got the Time, Beat Crazy, I'm the Man",19,https://www.setlist.fm/setlist/joe-jackson/2003/congress-theater-chicago-il-53d07785.html,kk-joe-jackson-2003-08-17.jpg,tickets
TICKET_0383,konzert-joe-jackson-2003.html,Tour 2003,19th August 2003,"19th August 2003 - Englewood, CO, U.S.A. - Gothic Theatre",YAHOO Group - Joe Jackson,kk-sm-1.jpg,30.00,není k dispozici,není k dispozici,není k dispozici,"Steppin' Out, Throw It Away, Take It Like a Man, Awkward Age, Down to London, Beat Crazy, Bright Grey, Is She Really Going Out With Him?, Love at First Light, Be My Number Two, Girl, A Slow Song, Fairy Dust, Little Bit Stupid, Sunday Papers, On Your Radio, Got the Time, Look Sharp!, I'm the Man",19,https://www.setlist.fm/setlist/joe-jackson/2003/gothic-theatre-englewood-co-be58956.html,kk-sm-1.jpg,tickets
TICKET_0384,konzert-joe-jackson-2003.html,Tour 2003,27th August 2003,"27th August 2003 - San Francisco, CA, U.S.A. - The Warfield","Michael Weaver, U.S.A.",kk-joe-jackson-2003-08-27.jpg,není k dispozici,není k dispozici,není k dispozici,není k dispozici,"Steppin' Out, Throw It Away, Take It Like a Man, Awkward Age, Down to London, Home Town, Fairy Dust, On Your Radio, Is She Really Going Out With Him?, Love at First Light, Be My Number Two, The Mayor of Simpleton, A Slow Song, Dirty Martini, Thugz 'R' Us, Sunday Papers, Don't Wanna Be Like That, Got the Time, Friday, Look Sharp!, I'm the Man",21,https://www.setlist.fm/setlist/joe-jackson/2003/the-fillmore-san-francisco-ca-1b96eda4.html,kk-joe-jackson-2003-08-27.jpg,tickets
TICKET_0385,konzert-joe-jackson-2003.html,Tour 2003,28th August 2003,"28th August 2003 - West Hollywood, CA, U.S.A. - House of Blues",YAHOO Group - Joe Jackson,kk-sm-6.jpg,není k dispozici,není k dispozici,není k dispozici,není k dispozici,"Steppin' Out, One More Time, Take It Like a Man, Awkward Age, Down to London, Fools in Love / For Your Love, Fairy Dust, On Your Radio, Is She Really Going Out With Him?, Love at First Light, Real Men, Girl, A Slow Song, Still Alive, Little Bit Stupid, Sunday Papers, Don't Wanna Be Like That, Got the Time, Look Sharp!, It's Different for Girls, I'm the Man",21,https://www.setlist.fm/setlist/joe-jackson/2003/house-of-blues-west-hollywood-ca-23c248e3.html,kk-sm-6.jpg,tickets
TICKET_0386,konzert-joe-jackson-2003.html,Tour 2003,29th August 2003,"29th August 2003 - Anaheim, CA, U.S.A. - House of Blues",YAHOO Group - Joe Jackson,kk-sm-7.jpg,není k dispozici,není k dispozici,není k dispozici,není k dispozici,"Steppin' Out, One More Time, Take It Like a Man, Awkward Age, Down to London, Fools in Love / For Your Love, Beat Crazy, On Your Radio, Is She Really Going Out With Him?, Love at First Light, Real Men, Girl, A Slow Song, Fairy Dust, Little Bit Stupid, Sunday Papers, Don't Wanna Be Like That, Got the Time, Look Sharp!, I'm the Man",20,https://www.setlist.fm/setlist/joe-jackson/2003/house-of-blues-anaheim-ca-53eb47b9.html,kk-sm-7.jpg,tickets
TICKET_0387,konzert-joe-jackson-2003.html,Tour 2003,31st August 2003,"31st August 2003 - San Diego, CA, U.S.A. - 4th & B","Jenniffer Woodson, U.S.A.",kk-jw-06.jpg,není k dispozici,není k dispozici,"Sec: tion, RoW: Seat",SPECIAL GUEST,"Steppin' Out, One More Time, Take It Like a Man, Awkward Age, Down to London, Fools in Love / For Your Love, Beat Crazy, On Your Radio, Is She Really Going Out With Him?, Love at First Light, Be My Number Two, Real Men, Girl, A Slow Song, Fairy Dust, Little Bit Stupid, Sunday Papers, Don't Wanna Be Like That, Got the Time, Look Sharp!, I'm the Man",21,https://www.setlist.fm/setlist/joe-jackson/2003/4th-and-b-san-diego-ca-7bffcae8.html,kk-jw-06.jpg,tickets
TICKET_0388,konzert-joe-jackson-2003.html,Tour 2003,16th September 2003,"16th September 2003 - Sydney, Australia - State Theatre","Gert Schaumlöffel, Germany",kk-joe-jackson-2003-09-16.jpg,80.00,není k dispozici,"SEC: TION, ROW: SEA4, SEC: TION, SEAT: COHP",není k dispozici,"Steppin' Out, One More Time, Take It Like a Man, Awkward Age, Right and Wrong, Obvious Song, Bright Grey, Is She Really Going Out With Him?, Love at First Light, Be My Number Two, Real Men, The Mayor of Simpleton, It's Different for Girls, Fairy Dust, Thugz 'R' Us, Sunday Papers, Don't Wanna Be Like That, Got the Time, Look Sharp!, I'm the Man",20,https://www.setlist.fm/setlist/joe-jackson/2003/state-theatre-sydney-australia-338ef8f9.html,kk-joe-jackson-2003-09-16.jpg,tickets
TICKET_0389,konzert-joe-jackson-2003.html,Tour 2003,17th September 2003,"17th September 2003 - Brisbane, Australia - Lyric Theatre","Thomas Collin, Germany",kk-joe-jackson-2003-09-17.jpg,není k dispozici,není k dispozici,není k dispozici,není k dispozici,"Steppin' Out, One More Time, Take It Like a Man, Awkward Age, Fools in Love / For Your Love, Fairy Dust, Beat Crazy, On Your Radio, Is She Really Going Out With Him?, Love at First Light, Real Men, Girl, Home Town, Dirty Martini, Little Bit Stupid, Sunday Papers, Don't Wanna Be Like That, Got the Time, Look Sharp!, It's Different for Girls, I'm the Man",21,https://www.setlist.fm/setlist/joe-jackson/2003/lyric-theatre-brisbane-australia-5bead324.html,kk-joe-jackson-2003-09-17.jpg,tickets
TICKET_0390,konzert-joe-jackson-2003.html,Tour 2003,19th October 2003,"19th October 2003 Göttingen, Germany - Deutsches Theather - Bookreading with Heinz Rudolf Kunze","Gert Schaumlöffel, Germany",kk-joe-jackson-2003-10-19.jpg,19.00,není k dispozici,není k dispozici,není k dispozici,není k dispozici,0,není k dispozici,kk-joe-jackson-2003-10-19.jpg,tickets
TICKET_0391_a,konzert-joe-jackson-2003.html,Tour 2003,2003,2003 - Tourpass,"Gert Schaumlöffel, Germany",kk-joe-jackson-2003-pass.jpg,není k dispozici,není k dispozici,není k dispozici,není k dispozici,není k dispozici,0,není k dispozici,kk-joe-jackson-2003-pass.jpg,passes
TICKET_0391_b,konzert-joe-jackson-2003.html,Tour 2003,17th September 2003,2003 - Tourpass,"Gert Schaumlöffel, Germany",kk-joe-jackson-2003-09-17-pass.jpg,není k dispozici,není k dispozici,není k dispozici,není k dispozici,není k dispozici,0,není k dispozici,kk-joe-jackson-2003-09-17-pass.jpg,passes
TICKET_0391_c,konzert-joe-jackson-2003.html,Tour 2003,18th July 2003,2003 - Tourpass,"Gert Schaumlöffel, Germany",kk-joe-jackson-2003-07-18-pass.jpg,není k dispozici,není k dispozici,není k dispozici,není k dispozici,není k dispozici,0,není k dispozici,kk-joe-jackson-2003-07-18-pass.jpg,passes
TICKET_0391_d,konzert-joe-jackson-2003.html,Tour 2003,15 September 2003,2003 - Tourpass,"Gert Schaumlöffel, Germany",kk-joe-jackson-2003-09-15-pass.jpg,není k dispozici,není k dispozici,není k dispozici,není k dispozici,není k dispozici,0,není k dispozici,kk-joe-jackson-2003-09-15-pass.jpg,passes
TICKET_0392,konzert-joe-jackson-2015.html,Fast Forward Tour 2015,10th October 2015,"10th October 2015 - Dallas, TX, U.S.A. - Majestic Theatre","Peter Brennan, U.S.A.",kk-joe-jackson-2015-10-10.jpg,70.20,není k dispozici,"SEC: IION, ROW: SEAI",není k dispozici,"It's Different for Girls, Home Town, Be My Number Two, Girl, Fast Forward, Is She Really Going Out With Him?, Real Men, You Can't Get What You Want (Till You Know What You Want), A Little Smile, Kings of the City, Poor Thing, Love at First Light, Another World, Scary Monsters (and Super Creeps), Sunday Papers, Keep On Dreaming, Ode to Joy, Steppin' Out, See No Evil, One More Time, A Slow Song",21,https://www.setlist.fm/setlist/joe-jackson/2015/majestic-theatre-dallas-tx-6bf47636.html,kk-joe-jackson-2015-10-10.jpg,tickets
TICKET_0393,konzert-joe-jackson-2015.html,Fast Forward Tour 2015,15th October 2015,"Atlanta, GA, U.S.A. - Center Stage Theater - 15th October 2015","Shawn J., U.S.A.",kk-joe-jackson-2015-10-15.jpg,není k dispozici,není k dispozici,"SEC: HON, Row: Hox, SeC: nsn, Row: AM",není k dispozici,"It's Different for Girls, Be My Number Two, Home Town, Big Yellow Taxi, Fast Forward, Is She Really Going Out With Him?, Real Men, You Can't Get What You Want (Till You Know What You Want), Kings of the City, A Little Smile, The Blue Time, Another World, Chinatown, Sunday Papers, Keep On Dreaming, Ode to Joy, Steppin' Out, It Don't Mean a Thing (If It Ain't Got That Swing), One More Time, A Slow Song",20,https://www.setlist.fm/setlist/joe-jackson/2015/center-stage-atlanta-ga-13f44989.html,kk-joe-jackson-2015-10-15.jpg,tickets
TICKET_0394,konzert-joe-jackson-2015.html,Fast Forward Tour 2015,17th October 2015,"17th October 2015 - Glenside, PA, U.S.A. - Keswick Theatre - John Nyman, U.S.A.",anonymous,kk-joe-jackson-missing-2.html,není k dispozici,není k dispozici,není k dispozici,není k dispozici,"It's Different for Girls, Home Town, Be My Number Two, Big Yellow Taxi, Fast Forward, Is She Really Going Out With Him?, Real Men, You Can't Get What You Want (Till You Know What You Want), A Little Smile, Kings of the City, Poor Thing, Another World, Love at First Light, Sunday Papers, See No Evil, Keep On Dreaming, Ode to Joy, Steppin' Out, Peter Gunn, One More Time, A Slow Song",21,https://www.setlist.fm/setlist/joe-jackson/2015/keswick-theatre-glenside-pa-bf45142.html,kk-joe-jackson-missing-2.html,tickets
TICKET_0395,konzert-joe-jackson-2015.html,Fast Forward Tour 2015,20th October 2015,"20th October 2015 - New York, NY - U.S.A. - Town Hall","Gert Schaumlöffel, Germany",kk-joe-jackson-2015-10-20.jpg,není k dispozici,není k dispozici,Sec: non,není k dispozici,"It's Different for Girls, Be My Number Two, Home Town, Girl, Fast Forward, Is She Really Going Out With Him?, Real Men, You Can't Get What You Want (Till You Know What You Want), Junkie Diva, Kings of the City, A Little Smile, Chinatown, The Blue Time, Scary Monsters (and Super Creeps), Sunday Papers, Keep On Dreaming, Ode to Joy, Steppin' Out, See No Evil, One More Time, A Slow Song",21,https://www.setlist.fm/setlist/joe-jackson/2015/the-town-hall-new-york-ny-bf5a912.html,kk-joe-jackson-2015-10-20.jpg,tickets
TICKET_0396,konzert-joe-jackson-2015.html,Fast Forward Tour 2015,30th October 2015,"30th October 2015 - Toronto, Canada - Danforth Music Hall Computer ticket --- Signed after the show !","Gary Katsof, Canada",kk-joe-jackson-2015-10-30.jpg,není k dispozici,není k dispozici,není k dispozici,není k dispozici,"It's Different for Girls, Home Town, Be My Number Two, Big Yellow Taxi, Fast Forward, Is She Really Going Out With Him?, Real Men, You Can't Get What You Want (Till You Know What You Want), Poor Thing, Kings of the City, A Little Smile, Another World, The Blue Time, Scary Monsters (and Super Creeps), Sunday Papers, Keep On Dreaming, Ode to Joy, Steppin' Out, See No Evil, One More Time, A Slow Song",21,https://www.setlist.fm/setlist/joe-jackson/2015/danforth-music-hall-toronto-on-canada-2bf5e44e.html,kk-joe-jackson-2015-10-30.jpg,tickets
TICKET_0397,konzert-joe-jackson-2015.html,Fast Forward Tour 2015,3rd November 2015,"3rd November 2015 - Chicago, IL, U.S.A. - Thalia Hall - Marina Tang, U.S.A.",anonymous,kk-joe-jackson-missing-4.html,není k dispozici,není k dispozici,není k dispozici,není k dispozici,není k dispozici,0,https://www.setlist.fm/setlist/joe-jackson/2015/thalia-hall-chicago-il-6bf5ca32.html,kk-joe-jackson-missing-4.html,tickets
TICKET_0398,konzert-joe-jackson-2015.html,Fast Forward Tour 2015,4th November 2015,"4th November 2015 - St. Paul, MN, U.S.A. - Fitzgerald Theater","Shan Lines, U.S.A.",kk-joe-jackson-2015-11-04.jpg,není k dispozici,není k dispozici,"Sec: tn, Row: FAST, Sec: lion, Row: Seal",není k dispozici,"It's Different for Girls, Home Town, Be My Number Two, Big Yellow Taxi, Fast Forward, Is She Really Going Out With Him?, Real Men, You Can't Get What You Want (Till You Know What You Want), Junkie Diva, Kings of the City, A Little Smile, Another World, Love at First Light, Sunday Papers, Scary Monsters (and Super Creeps), Keep On Dreaming, Ode to Joy, Steppin' Out, See No Evil, One More Time, A Slow Song",21,https://www.setlist.fm/setlist/joe-jackson/2015/fitzgerald-theater-st-paul-mn-73f5ca31.html,kk-joe-jackson-2015-11-04.jpg,tickets
TICKET_0399,konzert-joe-jackson-2015.html,Fast Forward Tour 2015,14th November 2015,"14th November 2015 - Antwerp, Belgium - Sportpaleis - Reint Lubbers, Belgium","Gert Schaumlöffel, Germany","kk-joe-jackson-2015-11-14.jpg, kk-joe-jackson-2015-11-14-2.jpg",119.21,EUR,není k dispozici,není k dispozici,"Home Town, Steppin' Out, Is She Really Going Out With Him?, A Slow Song",4,https://www.setlist.fm/setlist/joe-jackson/2015/sportpaleis-merksem-belgium-73f57229.html,"kk-joe-jackson-2015-11-14.jpg, kk-joe-jackson-2015-11-14-2.jpg",tickets
TICKET_0400,konzert-joe-jackson-1983.html,BODY AND SOUL Tour,11th January 1983,"11th January 1983 - London, U.K. - Hammersmith Odeon","Gert Schaumlöffel, Germany","kk-joe-jackson-1983-01-11-1.jpg, kk-joe-jackson-1983-01-11-2.jpg",není k dispozici,není k dispozici,není k dispozici,není k dispozici,není k dispozici,0,https://www.setlist.fm/setlist/joe-jackson/1983/hammersmith-odeon-london-U.K.-63f37a7f.html,"kk-joe-jackson-1983-01-11-1.jpg, kk-joe-jackson-1983-01-11-2.jpg",tickets
TICKET_0401,konzert-joe-jackson-1983.html,BODY AND SOUL Tour,14th January 1983,"14th January 1983 - Portsmouth, U.K. - The Guildhall","Gert Schaumlöffel, Germany",kk-joe-jackson-1983-01-14.jpg,není k dispozici,není k dispozici,není k dispozici,není k dispozici,"A Slow Song, Is She Really Going Out With Him?",2,https://www.setlist.fm/setlist/joe-jackson/1983/portsmouth-guildhall-portsmouth-U.K.-33e8bc4d.html,kk-joe-jackson-1983-01-14.jpg,tickets
TICKET_0402,konzert-joe-jackson-1983.html,BODY AND SOUL Tour,25th January 1983,"25th January 1983 - Milan, Italy - Rolling Stone","Dino Cattaneo, Italy",kk-joe-jackson-1983-01-25.jpg,není k dispozici,není k dispozici,není k dispozici,není k dispozici,"On Your Radio, Another World, Sunday Papers, Look Sharp!, Cancer, Real Men, Is She Really Going Out With Him?, Target, T.V. Age, Tuxedo Junction, Steppin' Out, Beat Crazy, One More Time, A Slow Song, Uptight / Tears of a Clown / I'm Gonna Make You Love Me / How Sweet It Is (To Be Loved By You) / Heatwave / Uptight, Got the Time, I'm the Man",17,https://www.setlist.fm/setlist/joe-jackson/1983/rolling-stone-milan-italy-23da341b.html,kk-joe-jackson-1983-01-25.jpg,tickets
TICKET_0403,konzert-joe-jackson-1983.html,BODY AND SOUL Tour,31st January 1983,"31st January 1983 - Paris, France - Casino de Paris & Invitation Ticket - Hervé Lenoach, France","Gert Schaumlöffel, Germany","kk-joe-jackson-12.jpg, kk-joe-jackson-1983-01-31.jpg",není k dispozici,není k dispozici,není k dispozici,není k dispozici,"On Your Radio, Another World, Sunday Papers, Look Sharp!, Fools in Love, Cancer, Real Men, Is She Really Going Out With Him?, One More Time, Breaking Us in Two, Moonlight, It's Different for Girls, Target, T.V. Age, Tuxedo Junction, Beat Crazy, Got the Time, A Slow Song, I'm Gonna Make You Love Me, Uptight (Everything's Alright), I'm the Man",21,https://www.setlist.fm/setlist/joe-jackson/1983/hippodrome-de-pantin-paris-france-1bfe9104.html,"kk-joe-jackson-12.jpg, kk-joe-jackson-1983-01-31.jpg",tickets
TICKET_0404,konzert-joe-jackson-1983.html,BODY AND SOUL Tour,2nd February 1983,"2nd February 1983 - Rouen, France - Parc des Expositions","Gert Schaumlöffel, Germany",kk-joe-jackson-1983-02-02.jpg,není k dispozici,není k dispozici,není k dispozici,není k dispozici,není k dispozici,0,není k dispozici,kk-joe-jackson-1983-02-02.jpg,tickets
TICKET_0405,konzert-joe-jackson-1983.html,BODY AND SOUL Tour,4th February 1983,"4th February 1983 - Brest, France - Hall de Penfeld","Gert Schaumlöffel, Germany",kk-joe-jackson-1983-02-04.jpg,není k dispozici,není k dispozici,není k dispozici,není k dispozici,není k dispozici,0,https://www.setlist.fm/setlist/joe-jackson/1983/unknown-venue-brest-france-638e961f.html,kk-joe-jackson-1983-02-04.jpg,tickets
TICKET_0406,konzert-joe-jackson-1983.html,BODY AND SOUL Tour,9th February 1983,"9th February 1983 - Nijmegen, Netherlands - De Vereeniging","Gert Schaumlöffel, Germany",kk-joe-jackson-1983-02-09.jpg,8.30,není k dispozici,není k dispozici,není k dispozici,není k dispozici,0,https://www.setlist.fm/setlist/joe-jackson/1983/de-vereeniging-nijmegen-netherlands-beb91f6.html,kk-joe-jackson-1983-02-09.jpg,tickets
TICKET_0407,konzert-joe-jackson-1983.html,BODY AND SOUL Tour,21th February 1983,"21th February 1983 - Hamburg, Germany - Markthalle","Gert Schaumlöffel, Germany",kk-joe-jackson-1983-02-21.jpg,není k dispozici,není k dispozici,není k dispozici,není k dispozici,"On Your Radio, Another World, Sunday Papers, Look Sharp!, Breaking Us in Two, Cancer, Real Men, Is She Really Going Out With Him?, Cosmopolitan, Target, T.V. Age, Tuxedo Junction, Steppin' Out, Beat Crazy, One More Time, A Slow Song, Uptight (Everything's Alright), The Tears of a Clown, I'm Gonna Make You Love Me, How Sweet It Is (To Be Loved by You), Heat Wave, Uptight (Everything's Alright), I'm the Man",23,https://www.setlist.fm/setlist/joe-jackson/1983/markthalle-hamburg-germany-33ed90b9.html,kk-joe-jackson-1983-02-21.jpg,tickets
TICKET_0408,konzert-joe-jackson-1983.html,BODY AND SOUL Tour,25th March 1983,"25th March 1983 - Richmond, VA, U.S.A. - Mosque not in JJ-Archive",anonymous,,není k dispozici,není k dispozici,není k dispozici,není k dispozici,Billie Jean,1,https://www.setlist.fm/setlist/michael-jackson/1983/pasadena-civic-auditorium-pasadena-ca-43c7eb87.html,,tickets
TICKET_0409,konzert-joe-jackson-1983.html,BODY AND SOUL Tour,26th March 1983,"Flyer - 26th March 1983 - Charlottesville, VA, U.S.A. - University - not in JJ-Archive","Sheva Golkow, U.S.A.","kk-joe-jackson-1983-03-26.jpg, kk-joe-jackson-1983-03-26-flyer.jpg",není k dispozici,není k dispozici,není k dispozici,není k dispozici,Steppin' Out,1,https://www.setlist.fm/setlist/joe-jackson/1983/university-hall-charlottesville-va-53893319.html,"kk-joe-jackson-1983-03-26.jpg, kk-joe-jackson-1983-03-26-flyer.jpg",tickets
TICKET_0410,konzert-joe-jackson-1983.html,BODY AND SOUL Tour,30th March 1983,"30th March 1983 - Orlando, FL, U.S.A. - Bob Carr Performing Arts Centre","Gert Schaumlöffel, Germany",kk-joe-jackson-1983-03-30.jpg,510.00,není k dispozici,není k dispozici,není k dispozici,není k dispozici,0,https://www.setlist.fm/setlist/joe-jackson/1983/bob-carr-performing-arts-centre-orlando-fl-738e9611.html,kk-joe-jackson-1983-03-30.jpg,tickets
TICKET_0411,konzert-joe-jackson-1983.html,BODY AND SOUL Tour,31st March 1983,"31st March 1983 - St. Petersburg, FL, U.S.A.","Gert Schaumlöffel, Germany",kk-joe-jackson-1983-03-31.jpg,není k dispozici,není k dispozici,"sEC: ADMISSIONE, ROW: PRICE, SEAT: SEC, SEAT: TAX",není k dispozici,není k dispozici,0,https://www.setlist.fm/setlist/joe-jackson/1983/bayfront-center-st-petersburg-fl-638e9617.html,kk-joe-jackson-1983-03-31.jpg,tickets
TICKET_0412,konzert-joe-jackson-1983.html,BODY AND SOUL Tour,1st April 1983,"1st April 1983 - Miami, Florida, U.S.A. - James L. Knight International Center","Gert Schaumlöffel, Germany","kk-joe-jackson-1983-04-01-1.jpg, kk-joe-jackson-1983-04-01-2.jpg",11.75,není k dispozici,"sec: TEKC, seat: sec, row: seat",není k dispozici,není k dispozici,0,https://www.setlist.fm/setlist/joe-jackson/1983/james-l-knight-center-miami-fl-73f356e9.html,"kk-joe-jackson-1983-04-01-1.jpg, kk-joe-jackson-1983-04-01-2.jpg",tickets
TICKET_0413,konzert-joe-jackson-1983.html,BODY AND SOUL Tour,8th April 1983,"8th April 1983 - Tokyo, Japan - Nakano Sun Plaza","Gert Schaumlöffel, Germany",kk-joe-jackson-1983-04-08.jpg,3.90,není k dispozici,není k dispozici,není k dispozici,není k dispozici,0,https://www.setlist.fm/setlist/joe-jackson/1983/nakano-sunplaza-tokyo-japan-439477af.html,kk-joe-jackson-1983-04-08.jpg,tickets
TICKET_0414,konzert-joe-jackson-1983.html,BODY AND SOUL Tour,17th April 1983,"17th April 1983 - Essen, Germany - 12. Rockpalastnacht - Grugahalle","Michael Marsch @ Rockpalast Archiv, Germany",kk-joe-jackson-1983-04-17-1.jpg,není k dispozici,není k dispozici,není k dispozici,není k dispozici,není k dispozici,0,není k dispozici,kk-joe-jackson-1983-04-17-1.jpg,tickets
TICKET_0415,konzert-joe-jackson-1983.html,BODY AND SOUL Tour,27th April 1983,"27th April 1983 - Melbourne, Australia - Melbourne Concert Hall","Gert Schaumlöffel, Germany",kk-joe-jackson-1983-04-27.jpg,16.90,není k dispozici,není k dispozici,není k dispozici,není k dispozici,0,https://www.setlist.fm/setlist/joe-jackson/1983/melbourne-concert-hall-melbourne-australia-7b8e9614.html,kk-joe-jackson-1983-04-27.jpg,tickets
TICKET_0416,konzert-joe-jackson-1983.html,BODY AND SOUL Tour,1983,1983 - Tourpass,"John Dix, New Zealand Gert Schaumlöffel, Germany",kk-joe-jackson-1983-pass.jpg,není k dispozici,není k dispozici,není k dispozici,není k dispozici,není k dispozici,0,není k dispozici,kk-joe-jackson-1983-pass.jpg,passes
TICKET_0417,konzert-joe-jackson-1983.html,BODY AND SOUL Tour,14th December 1983,"14th December 1983 - Poughkeepsie, NY, U.S.A. - The Chance","Gert Schaumlöffel, Germany",kk-joe-jackson-1983-12-14.jpg,812.50,není k dispozici,není k dispozici,není k dispozici,není k dispozici,0,https://www.setlist.fm/setlist/joe-jackson/1983/the-chance-poughkeepsie-ny-738e9255.html,kk-joe-jackson-1983-12-14.jpg,tickets
TICKET_0418,konzert-joe-jackson-1983.html,BODY AND SOUL Tour,16th December 1983,"16th December 1983 - New Haven, CT, U.S.A. - Toad's Place","Gert Schaumlöffel, Germany",kk-joe-jackson-1983-12-16.jpg,10.50,není k dispozici,seat: ing,není k dispozici,není k dispozici,0,https://www.setlist.fm/setlist/joe-jackson/1983/toads-place-new-haven-ct-7b8e9254.html,kk-joe-jackson-1983-12-16.jpg,tickets
TICKET_0419,konzert-joe-jackson-2019.html,Tour 2019,5th February 2019,"Knoxville, TN, U.S.A. - Bijou Theatre - 5th February 2019","Jeremy Hubbs, U.S.A.",kk-joe-jackson-2019-02-05.jpg,není k dispozici,není k dispozici,není k dispozici,není k dispozici,"Alchemy, One More Time, Is She Really Going Out With Him?, Big Black Cloud, Fabulously Absolute, Another World, Breaking Us in Two, Real Men, Rain, Citizen Sane, Wasted Time, Friend Better, Fool, Stranger Than Fiction, Drowning, Sunday Papers, You Can't Get What You Want (Till You Know What You Want), King of the World, Ode to Joy, I'm the Man, Steppin' Out, Got the Time, Alchemy",23,https://www.setlist.fm/setlist/joe-jackson/2019/us-cellular-stage-at-the-bijou-theatre-knoxville-tn-6b952eba.html,kk-joe-jackson-2019-02-05.jpg,tickets
TICKET_0420,konzert-joe-jackson-2019.html,Tour 2019,5th February 2019,"Knoxville, TN, U.S.A. - Bijou Theatre - 5th February 2019","Joe Jackson (Same Name!), U.S.A.",kk-joe-jackson-2019-02-05-2.jpg,573.00,není k dispozici,"SEC: HON, SEC: TION, ROW: 8, SEAT: JOE",není k dispozici,"Alchemy, One More Time, Is She Really Going Out With Him?, Big Black Cloud, Fabulously Absolute, Another World, Breaking Us in Two, Real Men, Rain, Citizen Sane, Wasted Time, Friend Better, Fool, Stranger Than Fiction, Drowning, Sunday Papers, You Can't Get What You Want (Till You Know What You Want), King of the World, Ode to Joy, I'm the Man, Steppin' Out, Got the Time, Alchemy",23,https://www.setlist.fm/setlist/joe-jackson/2019/us-cellular-stage-at-the-bijou-theatre-knoxville-tn-6b952eba.html,kk-joe-jackson-2019-02-05-2.jpg,tickets
TICKET_0421,konzert-joe-jackson-2019.html,Tour 2019,7th February 2019,"Atlanta, GA, U.S.A. - Center Stage Theater - 7th February 2019","Shawn J., U.S.A.",kk-joe-jackson-2019-02-07.jpg,není k dispozici,není k dispozici,"SEC: TioN, sec: tohittsi",není k dispozici,"Alchemy, One More Time, Is She Really Going Out With Him?, Another World, Big Black Cloud, Fabulously Absolute, Breaking Us in Two, Stranger Than Fiction, Drowning, Cancer, Citizen Sane, Rain, Invisible Man, Dave, Fool, Sunday Papers, King of the World, You Can't Get What You Want (Till You Know What You Want), Ode to Joy, I'm the Man, Steppin' Out, Got the Time, Alchemy",23,https://www.setlist.fm/setlist/joe-jackson/2019/center-stage-atlanta-ga-1b951960.html,kk-joe-jackson-2019-02-07.jpg,tickets
TICKET_0422,konzert-joe-jackson-2019.html,Tour 2019,12th February 2019,"Collingswood, NJ, U.S.A. - Scottish Rite Auditorium - 12th February 2019","Gregory Coben, U.S.A.",kk-joe-jackson-2019-02-12-best.jpg,7.30,není k dispozici,"SEC: TION, ROW: SEAT",není k dispozici,"Alchemy, One More Time, Is She Really Going Out With Him?, Another World, Big Black Cloud, Fabulously Absolute, Dave, Breaking Us in Two, Stranger Than Fiction, My House, Real Men, Rain, Invisible Man, Wasted Time, Fool, Sunday Papers, King of the World, You Can't Get What You Want (Till You Know What You Want), Ode to Joy, I'm the Man, Steppin' Out, Got the Time, Alchemy",23,https://www.setlist.fm/setlist/joe-jackson/2019/scottish-rite-auditorium-collingswood-nj-3395701d.html,kk-joe-jackson-2019-02-12-best.jpg,tickets
TICKET_0423,konzert-joe-jackson-2019.html,Tour 2019,12th February 2019,"Collingswood, NJ, U.S.A. - Scottish Rite Auditorium - 12th February 2019","Sheva Golkow, U.S.A.",kk-joe-jackson-2019-02-12-2.jpg,79.50,$,sEc: ilon,není k dispozici,"Alchemy, One More Time, Is She Really Going Out With Him?, Another World, Big Black Cloud, Fabulously Absolute, Dave, Breaking Us in Two, Stranger Than Fiction, My House, Real Men, Rain, Invisible Man, Wasted Time, Fool, Sunday Papers, King of the World, You Can't Get What You Want (Till You Know What You Want), Ode to Joy, I'm the Man, Steppin' Out, Got the Time, Alchemy",23,https://www.setlist.fm/setlist/joe-jackson/2019/scottish-rite-auditorium-collingswood-nj-3395701d.html,kk-joe-jackson-2019-02-12-2.jpg,tickets
TICKET_0424,konzert-joe-jackson-2019.html,Tour 2019,15th February 2019,"New York, NY, U.S.A. - Town Hall - 15th February 2019","Gary Gelb, U.S.A.",kk-joe-jackson-2019-02-15.jpg,není k dispozici,není k dispozici,"SEC: TION, ROW: SEAT",není k dispozici,"Alchemy, One More Time, Is She Really Going Out With Him?, Another World, Big Black Cloud, Fabulously Absolute, Breaking Us in Two, Stranger Than Fiction, My House, Real Men, Rain, Invisible Man, Wasted Time, Friend Better, Fool, Sunday Papers, King of the World, You Can't Get What You Want (Till You Know What You Want), Ode to Joy, I'm the Man, Steppin' Out, Got the Time, Alchemy",23,https://www.setlist.fm/setlist/joe-jackson/2019/the-town-hall-new-york-ny-139565cd.html,kk-joe-jackson-2019-02-15.jpg,tickets
TICKET_0425,konzert-joe-jackson-2019.html,Tour 2019,16th February 2019,"New York, NY, U.S.A. - Town Hall - 16th February 2019","Gert Schaumlöffel, Germany",kk-joe-jackson-2019-02-16-2.jpg,není k dispozici,není k dispozici,sec: rbrca,není k dispozici,"Alchemy, One More Time, Is She Really Going Out With Him?, Another World, Fabulously Absolute, Dave, Breaking Us in Two, Stranger Than Fiction, Drowning, Cancer, Citizen Sane, Rain, Invisible Man, Strange Land, Fool, Sunday Papers, King of the World, You Can't Get What You Want (Till You Know What You Want), Ode to Joy, I'm the Man, Steppin' Out, Got the Time, Alchemy",23,https://www.setlist.fm/setlist/joe-jackson/2019/the-town-hall-new-york-ny-1b9565c0.html,kk-joe-jackson-2019-02-16-2.jpg,tickets
TICKET_0426,konzert-joe-jackson-2019.html,Tour 2019,2nd March 2019,"San Francisco, CA, U.S.A. - The Masonic - 2nd March 2019","Kevin Walsh, U.S.A.","kk-joe-jackson-2019-03-02-1.jpg, kk-joe-jackson-2019-03-02-2.jpg, kk-joe-jackson-2019-03-02-3.jpg",2.20,není k dispozici,"SEC: TION, ROW: SEAT",není k dispozici,"Alchemy, One More Time, Is She Really Going Out With Him?, Another World, Big Black Cloud, Fabulously Absolute, Real Men, Stranger Than Fiction, Drowning, Rain, Invisible Man, Wasted Time, Friend Better, Fool, Sunday Papers, King of the World, You Can't Get What You Want (Till You Know What You Want), Ode to Joy, I'm the Man, Steppin' Out, Got the Time, Alchemy",22,https://www.setlist.fm/setlist/joe-jackson/2019/masonic-auditorium-san-francisco-ca-6b92eaea.html,"kk-joe-jackson-2019-03-02-1.jpg, kk-joe-jackson-2019-03-02-2.jpg, kk-joe-jackson-2019-03-02-3.jpg",tickets
TICKET_0427,konzert-joe-jackson-2019.html,Tour 2019,16th March 2019,"Reint Lubbers, Netherlands - Antwerp, Belgium - De Roma - 16th March 2019 - Eugene Malikow, Russia","Ksenia Vorotyntseva, Russia","kk-joe-jackson-2019-03-16.jpg, kk-joe-jackson-2019-03-16-2.jpg, kk-joe-jackson-2019-03-16-3.jpg",31.00,€,není k dispozici,není k dispozici,"Alchemy, One More Time, Is She Really Going Out With Him?, Another World, Big Black Cloud, Fabulously Absolute, Real Men, Stranger Than Fiction, Drowning, Rain, Invisible Man, Strange Land, Fool, Sunday Papers, King of the World, You Can't Get What You Want (Till You Know What You Want), Ode to Joy, I'm the Man, Steppin' Out, Got the Time, Alchemy",21,https://www.setlist.fm/setlist/joe-jackson/2019/de-roma-borgerhout-belgium-1b927988.html,"kk-joe-jackson-2019-03-16.jpg, kk-joe-jackson-2019-03-16-2.jpg, kk-joe-jackson-2019-03-16-3.jpg",tickets
TICKET_0428,konzert-joe-jackson-2019.html,Tour 2019,17th March 2019,"Bert Bos, Netherlands - Groningen, Netherlands - De Oosterpoort - 17th March 2019 - Marc Alsemgeest, Netherlands","Gert Schaumlöffel, Germany","kk-joe-jackson-2019-03-17.jpg, kk-joe-jackson-2019-03-17-2.jpg, kk-joe-jackson-2019-03-17-3.jpg",3.51,€,Rang: Ongepiaceerd,není k dispozici,"Alchemy, One More Time, Is She Really Going Out With Him?, Another World, Fabulously Absolute, Strange Land, Stranger Than Fiction, Real Men, Cancer, Citizen Sane, Wasted Time, Friend Better, Fool, Sunday Papers, King of the World, You Can't Get What You Want (Till You Know What You Want), Ode to Joy, I'm the Man, Steppin' Out, Got the Time, Alchemy",21,https://www.setlist.fm/setlist/joe-jackson/2019/de-oosterpoort-groningen-netherlands-43927fc7.html,"kk-joe-jackson-2019-03-17.jpg, kk-joe-jackson-2019-03-17-2.jpg, kk-joe-jackson-2019-03-17-3.jpg",tickets
TICKET_0429,konzert-joe-jackson-2019.html,Tour 2019,22th March 2019,"Milano, Italy - Teatro Dal Verme - 22th March 2019","Alessandro Nespoli, Italy",kk-joe-jackson-2019-03-22.jpg,21.00,není k dispozici,"Sec: onda, Sec: onda",není k dispozici,"Alchemy, One More Time, Is She Really Going Out With Him?, Another World, Big Black Cloud, Fabulously Absolute, Real Men, Stranger Than Fiction, Drowning, Rain, Citizen Sane, Wasted Time, Fool, Sunday Papers, King of the World, You Can't Get What You Want (Till You Know What You Want), Ode to Joy, I'm the Man, Steppin' Out, Got the Time, Alchemy",21,https://www.setlist.fm/setlist/joe-jackson/2019/teatro-dal-verme-milan-italy-3b93bc18.html,kk-joe-jackson-2019-03-22.jpg,tickets
TICKET_0430,konzert-joe-jackson-2019.html,Tour 2019,23th March 2019,"Torino, Italy - Teatro Colosseo - 23th March 2019","Herve LE Noach, France",kk-joe-jackson-2019-03-23.jpg,21.00,není k dispozici,není k dispozici,není k dispozici,"Alchemy, One More Time, Is She Really Going Out With Him?, Another World, Fabulously Absolute, Strange Land, Stranger Than Fiction, Real Men, Cancer, Invisible Man, Wasted Time, Fool, Sunday Papers, King of the World, You Can't Get What You Want (Till You Know What You Want), Ode to Joy, I'm the Man, Steppin' Out, Got the Time, Alchemy",20,https://www.setlist.fm/setlist/joe-jackson/2019/teatro-colosseo-turin-italy-3393a8f9.html,kk-joe-jackson-2019-03-23.jpg,tickets
TICKET_0431,konzert-joe-jackson-2019.html,Tour 2019,25th March 2019,"Zürich, Switzerland - Kaufleuten - 25th March 2019 - Carmen Rodriguez, Switzerland","Cornelia Wagner, Germany","kk-joe-jackson-2019-03-25.jpg, kk-joe-jackson-2019-03-25-2.jpg",25.03,není k dispozici,"platz: 8001, platz: entgegen",není k dispozici,"Alchemy, One More Time, Is She Really Going Out With Him?, Another World, Fabulously Absolute, Strange Land, Stranger Than Fiction, Real Men, Rain, Invisible Man, Wasted Time, Friend Better, Fool, Sunday Papers, King of the World, You Can't Get What You Want (Till You Know What You Want), Ode to Joy, I'm the Man, Steppin' Out, Got the Time, Alchemy",21,https://www.setlist.fm/setlist/joe-jackson/2019/kaufleuten-zurich-switzerland-7b93a648.html,"kk-joe-jackson-2019-03-25.jpg, kk-joe-jackson-2019-03-25-2.jpg",tickets
TICKET_0432,konzert-joe-jackson-2019.html,Tour 2019,28th March 2019,"Berlin, Germany - Admiralspalast - 28th March 2019","Björn Krüger, Germany",kk-joe-jackson-2019-03-28.jpg,84.90,EUR,Reihe: Platz,není k dispozici,"Alchemy, One More Time, Is She Really Going Out With Him?, Another World, Big Black Cloud, Fabulously Absolute, Strange Land, Stranger Than Fiction, My House, Real Men, Rain, Invisible Man, Wasted Time, Fool, Sunday Papers, King of the World, You Can't Get What You Want (Till You Know What You Want), Ode to Joy, I'm the Man, Steppin' Out, Got the Time, Alchemy",22,https://www.setlist.fm/setlist/joe-jackson/2019/admiralspalast-berlin-germany-439393db.html,kk-joe-jackson-2019-03-28.jpg,tickets
TICKET_0433_a,konzert-joe-jackson-2019.html,Tour 2019,29th March 2019,"Hamburg, Germany - Fabrik - 29th March 2019","Iris Thalmann, Germany",kk-joe-jackson-2019-03-29-design.jpg,30.00,EUR,"platz: Laute, platz: anspruch",není k dispozici,není k dispozici,0,není k dispozici,kk-joe-jackson-2019-03-29-design.jpg,tickets
TICKET_0433_b,konzert-joe-jackson-2019.html,Tour 2019,2019,"Hamburg, Germany - Fabrik - 29th March 2019","Bert Bos, Netherlands",kk-joe-jackson-2019-03-29.jpg,30.00,EUR,"platz: Laute, platz: anspruch",není k dispozici,není k dispozici,0,není k dispozici,kk-joe-jackson-2019-03-29.jpg,tickets
TICKET_0433_c,konzert-joe-jackson-2019.html,Tour 2019,2019,"Hamburg, Germany - Fabrik - 29th March 2019","Rolf Thalmann, Germany",kk-joe-jackson-2019-03-29-3.jpg,30.00,EUR,"platz: Laute, platz: anspruch",není k dispozici,není k dispozici,0,není k dispozici,kk-joe-jackson-2019-03-29-3.jpg,tickets
TICKET_0433_d,konzert-joe-jackson-2019.html,Tour 2019,2019,"Hamburg, Germany - Fabrik - 29th March 2019","Thomas Collin, Germany",kk-joe-jackson-2019-03-29-4.jpg,30.00,EUR,"platz: Laute, platz: anspruch",není k dispozici,není k dispozici,0,není k dispozici,kk-joe-jackson-2019-03-29-4.jpg,tickets
TICKET_0434,konzert-joe-jackson-2019.html,Tour 2019,31st March 2019,"Cornelia Wagner, Germany - Stuttgart, Germany - Liederhalle, Beethoven-Saal - 31st March 2019 - Gert Schaumlöffel, Germany","Klaus Scherer, Germany","kk-joe-jackson-2019-03-31-2.jpg, kk-joe-jackson-2019-03-31-3.jpg, kk-joe-jackson-2019-03-31.jpg",03.20,není k dispozici,"Platz: 13, Platz: 1, Reihe: 3, Platz: 52",není k dispozici,"Alchemy, One More Time, Is She Really Going Out With Him?, Another World, Fabulously Absolute, Strange Land, Real Men, Stranger Than Fiction, My House, Citizen Sane, Wasted Time, Fool, Sunday Papers, King of the World, You Can't Get What You Want (Till You Know What You Want), Ode to Joy, I'm the Man, Steppin' Out, Got the Time, Alchemy",20,https://www.setlist.fm/setlist/joe-jackson/2019/beethoven-saal-stuttgart-germany-3393f8d9.html,"kk-joe-jackson-2019-03-31-2.jpg, kk-joe-jackson-2019-03-31-3.jpg, kk-joe-jackson-2019-03-31.jpg",tickets
TICKET_0435,konzert-joe-jackson-2019.html,Tour 2019,1st April 2019,"München (Munich), Germany - Muffathalle - 1st April 2019","Cornelia Wagner, Germany",kk-joe-jackson-2019-04-01.jpg,01.04,není k dispozici,"Platz: wahl, platz: 59, platz: 59",není k dispozici,"Alchemy, One More Time, Is She Really Going Out With Him?, Another World, Fabulously Absolute, Strange Land, Stranger Than Fiction, Real Men, Cancer, Rain, Invisible Man, Wasted Time, Friend Better, Fool, Sunday Papers, King of the World, You Can't Get What You Want (Till You Know What You Want), Ode to Joy, I'm the Man, Home Town, Steppin' Out, Got the Time, Alchemy",23,https://www.setlist.fm/setlist/joe-jackson/2019/muffathalle-munich-germany-13938565.html,kk-joe-jackson-2019-04-01.jpg,tickets
TICKET_0436,konzert-joe-jackson-2019.html,Tour 2019,3rd April 2019,"Köln (Cologne), Germany - Gloria - 3rd April 2019 - Cornelia Wagner, Germany","Gert Schaumlöffel, Germany","kk-joe-jackson-2019-04-03.jpg, kk-joe-jackson-2019-04-03-2.jpg",57.90,není k dispozici,platz: VRS,není k dispozici,"Alchemy, One More Time, Is She Really Going Out With Him?, Another World, Big Black Cloud, Fabulously Absolute, Real Men, Stranger Than Fiction, Drowning, Rain, Invisible Man, Wasted Time, Fool, Sunday Papers, King of the World, You Can't Get What You Want (Till You Know What You Want), Ode to Joy, I'm the Man, Steppin' Out, Got the Time, Alchemy",21,https://www.setlist.fm/setlist/joe-jackson/2019/gloria-theater-cologne-germany-7393ee01.html,"kk-joe-jackson-2019-04-03.jpg, kk-joe-jackson-2019-04-03-2.jpg",tickets
TICKET_0437,konzert-joe-jackson-2019.html,Tour 2019,4th April 2019,"Utrecht, Netherlands - Tivoli Vredenburg - 4th April 2019","Astrid Zimmerman, Netherlands",kk-joe-jackson-2019-04-04.jpg,20.15,není k dispozici,není k dispozici,není k dispozici,"Alchemy, One More Time, Is She Really Going Out With Him?, Another World, Fabulously Absolute, Strange Land, Stranger Than Fiction, My House, Real Men, Rain, Invisible Man, Wasted Time, Fool, Sunday Papers, King of the World, You Can't Get What You Want (Till You Know What You Want), Ode to Joy, I'm the Man, Steppin' Out, Got the Time, Alchemy",21,https://www.setlist.fm/setlist/joe-jackson/2019/ronda-utrecht-netherlands-1393f105.html,kk-joe-jackson-2019-04-04.jpg,tickets
TICKET_0438,konzert-joe-jackson-2019.html,Tour 2019,8th April 2019,"Amsterdam, Netherlands - Paradiso - 8th April 2019","Albert Holland, Netherlands",kk-joe-jackson-2019-04-08.jpg,2.30,není k dispozici,není k dispozici,není k dispozici,"Alchemy, One More Time, Is She Really Going Out With Him?, Another World, Big Black Cloud, Fabulously Absolute, Real Men, Stranger Than Fiction, Drowning, Rain, Invisible Man, Dave, Fool, Sunday Papers, King of the World, You Can't Get What You Want (Till You Know What You Want), Ode to Joy, I'm the Man, Steppin' Out, Got the Time, Alchemy",21,https://www.setlist.fm/setlist/joe-jackson/2019/grote-zaal-amsterdam-netherlands-4393d74f.html,kk-joe-jackson-2019-04-08.jpg,tickets
TICKET_0439,konzert-joe-jackson-2019.html,Tour 2019,11th April 2019,"Marc Alsemgeest, Netherlands - Nijmegen, Netherlands - Concertgebouw De Vereeniging - 11th April 2019 - Geert Joosten, Netherlands","Linda Grijn, Netherlands","kk-joe-jackson-2019-04-11.jpg, kk-joe-jackson-2019-04-11-3.jpg, kk-joe-jackson-2019-04-11-2.jpg",0.00,EUR,"Seat: ing, Seat: wave",není k dispozici,"Alchemy, One More Time, Is She Really Going Out With Him?, Another World, Big Black Cloud, Fabulously Absolute, Real Men, Stranger Than Fiction, Rain, Invisible Man, Drowning, Friend Better, Fool, Sunday Papers, King of the World, You Can't Get What You Want (Till You Know What You Want), Ode to Joy, I'm the Man, Steppin' Out, Got the Time, Alchemy",21,https://www.setlist.fm/setlist/joe-jackson/2019/de-vereeniging-nijmegen-netherlands-6393c297.html,"kk-joe-jackson-2019-04-11.jpg, kk-joe-jackson-2019-04-11-3.jpg, kk-joe-jackson-2019-04-11-2.jpg",tickets
TICKET_0440,konzert-joe-jackson-2019.html,Tour 2019,14th April 2019,"Paris, France - L'Olympia - 14th April 2019 - Corné van de Ketterij, Netherlands","Olivier Popincourt, France","kk-joe-jackson-2019-04-14.jpg, kk-joe-jackson-2019-04-14-op.jpg",99.40,€,Rang: 12,není k dispozici,"Alchemy, One More Time, Is She Really Going Out With Him?, Another World, Big Black Cloud, Fabulously Absolute, Real Men, Stranger Than Fiction, Drowning, Rain, Invisible Man, Strange Land, Fool, Sunday Papers, King of the World, You Can't Get What You Want (Till You Know What You Want), Ode to Joy, I'm the Man, Steppin' Out, Got the Time, Alchemy",21,https://www.setlist.fm/setlist/joe-jackson/2019/lolympia-bruno-coquatrix-paris-france-2b931c5e.html,"kk-joe-jackson-2019-04-14.jpg, kk-joe-jackson-2019-04-14-op.jpg",tickets
TICKET_0441,konzert-joe-jackson-2019.html,Tour 2019,15th April 2019,"Brussels, Belgium - Ancienne Belgique - 15th April 2019","Sophie Tuyteleers, Belgium",kk-joe-jackson-2019-04-15.jpg,20.00,není k dispozici,není k dispozici,není k dispozici,"Alchemy, One More Time, Is She Really Going Out With Him?, Another World, Fabulously Absolute, Strange Land, Real Men, Stranger Than Fiction, My House, Rain, Invisible Man, Wasted Time, Fool, Sunday Papers, King of the World, You Can't Get What You Want (Till You Know What You Want), Ode to Joy, I'm the Man, Steppin' Out, Got the Time, Alchemy",21,https://www.setlist.fm/setlist/joe-jackson/2019/ancienne-belgique-brussels-belgium-73930e11.html,kk-joe-jackson-2019-04-15.jpg,tickets
TICKET_0442,konzert-joe-jackson-2019.html,Tour 2019,17th April 2019,"London, U.K.- Palladium - 17th April 2019 - Alex Wilde, U.K.","Simon Gardner, U.K.","kk-joe-jackson-2019-04-17.jpg, kk-joe-jackson-2019-04-17-2.jpg",40.00,není k dispozici,"Row: S, Seat: 27",Special guests,"Alchemy, One More Time, Is She Really Going Out With Him?, Another World, Fabulously Absolute, Strange Land, Stranger Than Fiction, My House, Real Men, Rain, Invisible Man, Wasted Time, Dave, Fool, Sunday Papers, King of the World, You Can't Get What You Want (Till You Know What You Want), Ode to Joy, I'm the Man, Steppin' Out, Got the Time, Alchemy",22,https://www.setlist.fm/setlist/joe-jackson/2019/london-palladium-london-U.K.-b93111a.html,"kk-joe-jackson-2019-04-17.jpg, kk-joe-jackson-2019-04-17-2.jpg",tickets
TICKET_0443,konzert-joe-jackson-2019.html,Tour 2019,18th April 2019,"Birmingham, U.K.- The O2 Institute - 18th April 2019","Alex Wilde, U.K.",kk-joe-jackson-2019-04-18.jpg,28.00,GBP,"Seat: ing, Seat: wave",není k dispozici,"Alchemy, One More Time, Is She Really Going Out With Him?, Another World, Big Black Cloud, Fabulously Absolute, Real Men, Stranger Than Fiction, Cancer, Rain, Citizen Sane, Fool, Sunday Papers, King of the World, You Can't Get What You Want (Till You Know What You Want), Ode to Joy, I'm the Man, Steppin' Out, Got the Time, Alchemy",20,https://www.setlist.fm/setlist/joe-jackson/2019/o2-institute-birmingham-U.K.-73937ac5.html,kk-joe-jackson-2019-04-18.jpg,tickets
TICKET_0444,konzert-joe-jackson-2019.html,Tour 2019,21th April 2019,"Manchester, U.K. - O2 Ritz - 21th April 2019","Helen Swallow, U.K.",kk-joe-jackson-2019-04-21.jpg,3.75,není k dispozici,není k dispozici,není k dispozici,"Alchemy, One More Time, Is She Really Going Out With Him?, Another World, Fabulously Absolute, Strange Land, Stranger Than Fiction, Real Men, Rain, Invisible Man, It's Different for Girls, Dave, Fool, Sunday Papers, King of the World, You Can't Get What You Want (Till You Know What You Want), Ode to Joy, I'm the Man, Steppin' Out, Got the Time, Alchemy",21,https://www.setlist.fm/setlist/joe-jackson/2019/o2-ritz-manchester-U.K.-1b937180.html,kk-joe-jackson-2019-04-21.jpg,tickets
TICKET_0445,konzert-joe-jackson-2019.html,Tour 2019,23th April 2019,"Cork, Ireland - Cork Opera House - 23th April 2019","Gert Schaumlöffel, Germany",kk-joe-jackson-2019-04-23.jpg,20.00,není k dispozici,"Row: E, Seat: 6",není k dispozici,"Alchemy, One More Time, Is She Really Going Out With Him?, Another World, Big Black Cloud, Fabulously Absolute, Stranger Than Fiction, Real Men, Rain, Invisible Man, It's Different for Girls, Fool, Sunday Papers, King of the World, You Can't Get What You Want (Till You Know What You Want), Ode to Joy, I'm the Man, Steppin' Out, Got the Time, Alchemy",20,https://www.setlist.fm/setlist/joe-jackson/2019/cork-opera-house-cork-ireland-73935e69.html,kk-joe-jackson-2019-04-23.jpg,tickets
TICKET_0446,konzert-joe-jackson-2019.html,Tour 2019,24th April 2019,"Dublin, Ireland - Olympia Theatre - 24th April 2019","John Foyle, Ireland",kk-joe-jackson-2019-04-24.jpg,není k dispozici,není k dispozici,ROW: SEAT,není k dispozici,není k dispozici,0,https://www.setlist.fm/setlist/joe-jackson/2019/olympia-theatre-dublin-ireland-5390a3c5.html,kk-joe-jackson-2019-04-24.jpg,tickets
TICKET_0447,konzert-joe-jackson-2019.html,Tour 2019,6th May 2019,"Milwaukee, WI, U.S.A. The Pabst Theater 6th May 2019","Tracy Solomon, U.S.A.",kk-joe-jackson-2019-05-06-1.jpg,není k dispozici,není k dispozici,Sec: ton,není k dispozici,"Alchemy, One More Time, Is She Really Going Out With Him?, Another World, Fabulously Absolute, Strange Land, Stranger Than Fiction, Real Men, Rain, Invisible Man, It's Different for Girls, Fool, Sunday Papers, King of the World, You Can't Get What You Want (Till You Know What You Want), Ode to Joy, I'm the Man, Steppin' Out, Got the Time, Alchemy",20,https://www.setlist.fm/setlist/joe-jackson/2019/pabst-theater-milwaukee-wi-4b90ef12.html,kk-joe-jackson-2019-05-06-1.jpg,tickets
TICKET_0448,konzert-joe-jackson-2019.html,Tour 2019,12th May 2019,"Quebec, Canada - Palais Montcalm - 12th May 2019","Gert Schaumlöffel, Germany",kk-joe-jackson-2019-05-12.jpg,80.00,$,Sec: tion,není k dispozici,"Alchemy, One More Time, Is She Really Going Out With Him?, Another World, Fabulously Absolute, Strange Land, Stranger Than Fiction, Real Men, Rain, Invisible Man, It's Different for Girls, Fool, Sunday Papers, King of the World, You Can't Get What You Want (Till You Know What You Want), Ode to Joy, I'm the Man, Steppin' Out, Got the Time, Alchemy",20,https://www.setlist.fm/setlist/joe-jackson/2019/palais-montcalm-quebec-city-qc-canada-b90c122.html,kk-joe-jackson-2019-05-12.jpg,tickets
TICKET_0449,konzert-joe-jackson-2019.html,Tour 2019,15th May 2019,"Northhampton, MA, U.S.A. - The Academy Of Music Theatre - 15th May 2019","Jim Zoino, U.S.A.",kk-joe-jackson-2019-05-15.jpg,875.00,není k dispozici,"Sec: Orchestra, Row: G, Seat: 5, Seat: ing",není k dispozici,"Alchemy, One More Time, Is She Really Going Out With Him?, Another World, Fabulously Absolute, Strange Land, Stranger Than Fiction, Real Men, Rain, Dave, It's Different for Girls, Invisible Man, Fool, Sunday Papers, King of the World, You Can't Get What You Want (Till You Know What You Want), Ode to Joy, I'm the Man, Steppin' Out, Got the Time, Alchemy",21,https://www.setlist.fm/setlist/joe-jackson/2019/academy-of-music-theatre-northampton-ma-43902b6f.html,kk-joe-jackson-2019-05-15.jpg,tickets
TICKET_0450,konzert-joe-jackson-2019.html,Tour 2019,18th May 2019,"New Brunswick, NJ, U.S.A. - State Theatre - 18th May 2019 - Sheva Golkow, U.S.A.","Gert Schaumlöffel, Germany","kk-joe-jackson-2019-05-18.jpg, kk-joe-jackson-2019-05-18-2.jpg",595.50,není k dispozici,Seat: 0,není k dispozici,"Alchemy, One More Time, Is She Really Going Out With Him?, Another World, Big Black Cloud, Fabulously Absolute, Goin' Downtown, Drowning, Real Men, Rain, Invisible Man, It's Different for Girls, Fool, Sunday Papers, King of the World, You Can't Get What You Want (Till You Know What You Want), Ode to Joy, I'm the Man, Steppin' Out, Got the Time, Alchemy",21,https://www.setlist.fm/setlist/joe-jackson/2019/state-theatre-new-brunswick-nj-6390129f.html,"kk-joe-jackson-2019-05-18.jpg, kk-joe-jackson-2019-05-18-2.jpg",tickets
TICKET_0451,konzert-joe-jackson-2019.html,Tour 2019,31th May 2019,"Austin, TX, U.S.A. - Paramount Theatre - 31th May 2019","Katy Costello Smith, U.S.A.",kk-joe-jackson-2019-05-31.jpg,není k dispozici,není k dispozici,"SEC: ORCH, ROW: H, SEAT: 1",není k dispozici,"Alchemy, One More Time, Is She Really Going Out With Him?, Another World, Fabulously Absolute, Strange Land, Goin' Downtown, Real Men, Dave, Rain, Invisible Man, It's Different for Girls, Fool, Sunday Papers, King of the World, You Can't Get What You Want (Till You Know What You Want), Ode to Joy, I'm the Man, Steppin' Out, Got the Time, Alchemy",21,https://www.setlist.fm/setlist/joe-jackson/2019/paramount-theatre-austin-tx-5b91b7a4.html,kk-joe-jackson-2019-05-31.jpg,tickets
TICKET_0452,konzert-joe-jackson-2019.html,Tour 2019,1st June 2019,"Dallas, TX, U.S.A. - Majestic Theatre - 1st June 2019","Lindsey Maglito Smith, U.S.A.",kk-joe-jackson-2019-06-01.jpg,65.00,$,"SEC: TION, ROW: SEAT, SEC: TION, ROW: SEAT",není k dispozici,"Alchemy, One More Time, Is She Really Going Out With Him?, Big Black Cloud, Fabulously Absolute, Another World, Stranger Than Fiction, Drowning, Real Men, Rain, Invisible Man, It's Different for Girls, Fool, Sunday Papers, King of the World, You Can't Get What You Want (Till You Know What You Want), Ode to Joy, I'm the Man, Steppin' Out, Got the Time, Alchemy",21,https://www.setlist.fm/setlist/joe-jackson/2019/majestic-theatre-dallas-tx-6391b2e7.html,kk-joe-jackson-2019-06-01.jpg,tickets
TICKET_0453,konzert-joe-jackson-2019.html,Tour 2019,27th June 2019,"Rolf Thalmann, Germany - Hannover, Germany - Theater am Aegi - 27th June 2019 - Ralph Kortewille, Germany","Gert Schaumlöffel, Germany","kk-joe-jackson-2019-06-27.jpg, kk-joe-jackson-2019-06-27-2.jpg, kk-joe-jackson-2019-06-27-3.jpg",73.90,není k dispozici,Reihe: Platz,není k dispozici,"Alchemy, One More Time, Is She Really Going Out With Him?, Another World, Fabulously Absolute, Strange Land, Obvious Song, The Other Me, Real Men, Rain, Invisible Man, It's Different for Girls, Fool, Sunday Papers, King of the World, You Can't Get What You Want (Till You Know What You Want), Ode to Joy, I'm the Man, Steppin' Out, Got the Time, Alchemy",21,https://www.setlist.fm/setlist/joe-jackson/2019/theater-am-aegi-hanover-germany-4b916b8a.html,"kk-joe-jackson-2019-06-27.jpg, kk-joe-jackson-2019-06-27-2.jpg, kk-joe-jackson-2019-06-27-3.jpg",tickets
TICKET_0454,konzert-joe-jackson-2019.html,Tour 2019,29th Juny 2019,"Karlsruhe, Germany - Tollhaus (Zeltival) - 29th Juny 2019","Klaus Scherer, Germany",kk-joe-jackson-2019-06-29.jpg,29.06,není k dispozici,není k dispozici,není k dispozici,není k dispozici,0,není k dispozici,kk-joe-jackson-2019-06-29.jpg,tickets
TICKET_0455,konzert-joe-jackson-2019.html,Tour 2019,2nd July 2019,"Paris, France - Le Cigale - 2nd July 2019 - Sonja Granshaw","Olivier Popincourt, France","kk-joe-jackson-2019-07-02.jpg, kk-joe-jackson-2019-07-02-op.jpg",84.00,EUR,není k dispozici,není k dispozici,není k dispozici,0,https://www.setlist.fm/setlist/joe-jackson/2019/la-cigale-paris-france-b914502.html,"kk-joe-jackson-2019-07-02.jpg, kk-joe-jackson-2019-07-02-op.jpg",tickets
TICKET_0456,konzert-joe-jackson-2019.html,Tour 2019,5th July 2019,"Lyon, France - Le Transbordeur - 5th July 2019 - Herve LE Noach, France","Gert Schaumlöffel, Germany","kk-joe-jackson-2019-07-05.jpg, kk-joe-jackson-2019-07-05-2.jpg",56.50,EUR,není k dispozici,není k dispozici,"Alchemy, One More Time, Is She Really Going Out With Him?, Big Black Cloud, Fabulously Absolute, Drowning, Real Men, Rain, Invisible Man, It's Different for Girls, Fool, Sunday Papers, King of the World, You Can't Get What You Want (Till You Know What You Want), Ode to Joy, I'm the Man, Steppin' Out, Got the Time, Alchemy",19,https://www.setlist.fm/setlist/joe-jackson/2019/le-transbordeur-villeurbanne-france-5b9eaf84.html,"kk-joe-jackson-2019-07-05.jpg, kk-joe-jackson-2019-07-05-2.jpg",tickets
TICKET_0457,konzert-joe-jackson-2019.html,Tour 2019,6th July 2019,"Bruges (Brügge), Belgium - Cactus Festival - 6th July 2019","Ksenia Vorotyntseva, Russia",kk-joe-jackson-2019-07-06.jpg,06.07,€,není k dispozici,není k dispozici,"One More Time, Is She Really Going Out With Him?, Fabulously Absolute, Strange Land, Another World, Real Men, Rain, Invisible Man, It's Different for Girls, Fool, Sunday Papers, You Can't Get What You Want (Till You Know What You Want), Ode to Joy, I'm the Man, Steppin' Out",15,https://www.setlist.fm/setlist/joe-jackson/2019/minnewaterpark-bruges-belgium-39eb9cf.html,kk-joe-jackson-2019-07-06.jpg,tickets
TICKET_0458,konzert-joe-jackson-2019.html,Tour 2019,11th July 2019,"Dresden, Germany - Alter Schlachthof - 11th July 2019","Henrik Konarkowski, Russia",kk-joe-jackson-2019-07-11.jpg,67.90,EUR,Reihe: Platz,není k dispozici,není k dispozici,0,https://www.setlist.fm/setlist/joe-jackson/2019/alter-schlachthof-dresden-germany-738efad5.html,kk-joe-jackson-2019-07-11.jpg,tickets
TICKET_0459,konzert-joe-jackson-2019.html,Tour 2019,24th July 2019,"Barcelona, Spain - Greg Festival de Barcelona, Barts - 24th July 2019",carbobueno - Spain,kk-joe-jackson-2019-07-24.jpg,36.00,není k dispozici,SEc: Tof,není k dispozici,"Alchemy, One More Time, Is She Really Going Out With Him?, Big Black Cloud, Fabulously Absolute, Another World, Strange Land, Real Men, Invisible Man, It's Different for Girls, Fool, Sunday Papers, King of the World, You Can't Get What You Want (Till You Know What You Want), Ode to Joy, I'm the Man, Steppin' Out, Got the Time, Alchemy",19,https://www.setlist.fm/setlist/joe-jackson/2019/barts-barcelona-spain-539e7bdd.html,kk-joe-jackson-2019-07-24.jpg,tickets
TICKET_0460,konzert-joe-jackson-2019.html,Tour 2019,25th July 2019,"San Sebastin, Spain - Kursaal Donostia (Heineken Jazzaldia) - 25th July 2019","Kike Morey, Spain",kk-joe-jackson-2019-07-25.jpg,18.00,není k dispozici,rada: Eserlekua,není k dispozici,"Alchemy, One More Time, Is She Really Going Out With Him?, Another World, Fabulously Absolute, Strange Land, Goin' Downtown, Real Men, Rain, Invisible Man, It's Different for Girls, Fool, Sunday Papers, You Can't Get What You Want (Till You Know What You Want), Ode to Joy, I'm the Man, Steppin' Out, Got the Time, Alchemy",19,https://www.setlist.fm/setlist/joe-jackson/2019/teatro-kursaal-san-sebastian-spain-139e0949.html,kk-joe-jackson-2019-07-25.jpg,tickets
TICKET_0461_a,konzert-joe-jackson-2019.html,Tour 2019,2019,2019 - Tourpass - Milwaukee,"Tracy Solomon, U.S.A.",kk-joe-jackson-2019-05-06-2.jpg,není k dispozici,není k dispozici,není k dispozici,není k dispozici,není k dispozici,0,není k dispozici,kk-joe-jackson-2019-05-06-2.jpg,passes
TICKET_0461_b,konzert-joe-jackson-2019.html,Tour 2019,2019,2019 - Tourpass - Berlin,"Gert Schaumlöffel, Germany",kk-joe-jackson-2019-pass-berlin.jpg,není k dispozici,není k dispozici,není k dispozici,není k dispozici,není k dispozici,0,není k dispozici,kk-joe-jackson-2019-pass-berlin.jpg,passes
TICKET_0462,konzert-joe-jackson-2012.html,The Duke Tour 2012,18th September 2012,"18th September 2012 - Glenside, PA, U.S.A. - Keswick Theatre","John Nyman, U.S.A.",kk-joe-jackson-2012-09-18.jpg,7.30,není k dispozici,"SEC: TION, ROW: 2E, SEAT: 10",není k dispozici,"It Don't Mean a Thing (If It Ain't Got That Swing), Be My Number Two, In a Sentimental Mood, Caravan, You Can't Get What You Want (Till You Know What You Want), Breaking Us in Two, I'm Beginning to See the Light / Taking the 'A' Train / Cotton Tail, Mood Indigo, Rockin' in Rhythm, Invisible Man, The Other Me, Home Town, Perdido / Satin Doll, The Mooche / Black and Tan Fantasy, It's Different for Girls, Another World, Target, Steppin' Out, It Don't Mean a Thing (If It Ain't Got That Swing), Is She Really Going Out With Him?, Sunday Papers, A Slow Song",22,https://www.setlist.fm/setlist/joe-jackson/2012/keswick-theatre-glenside-pa-43dd8f67.html,kk-joe-jackson-2012-09-18.jpg,tickets
TICKET_0463,konzert-joe-jackson-2012.html,The Duke Tour 2012,21st September 2012,"21st September 2012 - New York, NY, U.S.A. - Town Hall - John Nyman, U.S.A.","Gert Schaumlöffel, Germany","kk-joe-jackson-2012-09-21.jpg, kk-joe-jackson-2012-09-21-2.jpg",není k dispozici,není k dispozici,Row: Kx,není k dispozici,"It Don't Mean a Thing (If It Ain't Got That Swing), Be My Number Two, In a Sentimental Mood, Caravan, You Can't Get What You Want (Till You Know What You Want), Breaking Us in Two, I'm Beginning to See the Light / Taking the 'A' Train / Cotton Tail, Mood Indigo, Rockin' in Rhythm, Invisible Man, The Other Me, Home Town, Perdido / Satin Doll, The Mooche / Black and Tan Fantasy, Another World, Target, Steppin' Out, It Don't Mean a Thing (If It Ain't Got That Swing), Is She Really Going Out With Him?, Sunday Papers, A Slow Song",21,https://www.setlist.fm/setlist/joe-jackson/2012/the-town-hall-new-york-ny-1bddf9cc.html,"kk-joe-jackson-2012-09-21.jpg, kk-joe-jackson-2012-09-21-2.jpg",tickets
TICKET_0464,konzert-joe-jackson-2012.html,The Duke Tour 2012,22st September 2012,"22st September 2012 - New York, NY, U.S.A. - Town Hall","Gert Schaumlöffel, Germany",kk-joe-jackson-2012-09-22.jpg,není k dispozici,není k dispozici,SEAT: PHbf8P22,není k dispozici,"It Don't Mean a Thing (If It Ain't Got That Swing), Be My Number Two, In a Sentimental Mood, Caravan, You Can't Get What You Want (Till You Know What You Want), Breaking Us in Two, I'm Beginning to See the Light / Taking the 'A' Train / Cotton Tail, Mood Indigo, Rockin' in Rhythm, Invisible Man, My House, Home Town, Perdido / Satin Doll, The Mooche / Black and Tan Fantasy, Another World, Target, Steppin' Out, It Don't Mean a Thing (If It Ain't Got That Swing), Is She Really Going Out With Him?, Sunday Papers, A Slow Song",21,https://www.setlist.fm/setlist/joe-jackson/2012/the-town-hall-new-york-ny-23ddf88f.html,kk-joe-jackson-2012-09-22.jpg,tickets
TICKET_0465,konzert-joe-jackson-2012.html,The Duke Tour 2012,25st September 2012,"25st September 2012 - Red Bank, NJ, U.S.A. - Count Basie Thtaetr","Gert Schaumlöffel, Germany",kk-joe-jackson-2012-09-25.jpg,595.00,není k dispozici,"SEC: TION, ROW: fea",není k dispozici,"It Don't Mean a Thing (If It Ain't Got That Swing), Be My Number Two, In a Sentimental Mood, Caravan, You Can't Get What You Want (Till You Know What You Want), Breaking Us in Two, I'm Beginning to See the Light / Taking the 'A' Train / Cotton Tail, Mood Indigo, Rockin' in Rhythm, Invisible Man, The Other Me, Home Town, Perdido / Satin Doll, The Mooche / Black and Tan Fantasy, It's Different for Girls, Another World, Target, Steppin' Out, It Don't Mean a Thing (If It Ain't Got That Swing), Is She Really Going Out With Him?, Sunday Papers, A Slow Song",22,https://www.setlist.fm/setlist/joe-jackson/2012/count-basie-theatre-red-bank-nj-1bdde1e0.html,kk-joe-jackson-2012-09-25.jpg,tickets
TICKET_0466,konzert-joe-jackson-2012.html,The Duke Tour 2012,27th September 2012,"27th September 2012 - Ann Arbor, MI, U.S.A. - Michigan Theater","Gert Schaumlöffel, Germany",kk-joe-jackson-2012-09-27.jpg,není k dispozici,není k dispozici,není k dispozici,není k dispozici,"It Don't Mean a Thing (If It Ain't Got That Swing), Be My Number Two, In a Sentimental Mood, Caravan, You Can't Get What You Want (Till You Know What You Want), It's Different for Girls, I'm Beginning to See the Light / Taking the 'A' Train / Cotton Tail, Mood Indigo, Rockin' in Rhythm, We Can't Live Together, Real Men, Perdido / Satin Doll, The Mooche / Black and Tan Fantasy, Another World, Target, Steppin' Out, It Don't Mean a Thing (If It Ain't Got That Swing), Is She Really Going Out With Him?, Sunday Papers, A Slow Song",20,https://www.setlist.fm/setlist/joe-jackson/2012/michigan-theatre-ann-arbor-mi-53dddbf5.html,kk-joe-jackson-2012-09-27.jpg,tickets
TICKET_0467,konzert-joe-jackson-2012.html,The Duke Tour 2012,4th October 2012,"4th October 2012 - Saratoga, CA, U.S.A. - The Lilian Fontaine Garden Theatre at Montalvo","Gert Schaumlöffel, Germany",kk-joe-jackson-2012-10-04.jpg,není k dispozici,není k dispozici,Row: Box,není k dispozici,není k dispozici,0,https://www.setlist.fm/setlist/joe-jackson/2012/montalvo-garden-theatre-saratoga-ca-13c4c9c5.html,kk-joe-jackson-2012-10-04.jpg,tickets
TICKET_0468,konzert-joe-jackson-2012.html,The Duke Tour 2012,16th October 2012,"16th October 2012 - Köln (Cologne), Germany - Theater am Tanzbrunnen","Gert Schaumlöffel, Germany",kk-joe-jackson-2012-10-16.jpg,16.10,není k dispozici,"Reihe: 2, Platz: 20, platz: Rheirıparkwey",není k dispozici,"It Don't Mean a Thing (If It Ain't Got That Swing), Be My Number Two, It's Different for Girls, Caravan, You Can't Get What You Want (Till You Know What You Want), I'm Beginning to See the Light / Taking the 'A' Train / Cotton Tail, Mood Indigo, Rockin' in Rhythm, Invisible Man, The Other Me, Home Town, Perdido / Satin Doll, The Mooche / Black and Tan Fantasy, Another World, Target, Steppin' Out, It Don't Mean a Thing (If It Ain't Got That Swing), Is She Really Going Out With Him?, Sunday Papers, A Slow Song",20,https://www.setlist.fm/setlist/joe-jackson/2012/tanzbrunnen-cologne-germany-43cebf87.html,kk-joe-jackson-2012-10-16.jpg,tickets
TICKET_0469,konzert-joe-jackson-2012.html,The Duke Tour 2012,19th October 2012,"19th October 2012 - München (Munich), Germany - Circus Krone","Stefan ?????, Germany",kk-joe-jackson-2012-10-19.jpg,10.20,není k dispozici,"Reihe: PIztz, platz: Magstabe",není k dispozici,není k dispozici,0,https://www.setlist.fm/setlist/joe-jackson/2012/circus-krone-munich-germany-bdd7d9e.html,kk-joe-jackson-2012-10-19.jpg,tickets
TICKET_0470,konzert-joe-jackson-2012.html,The Duke Tour 2012,26th October 2012,"26th October 2012 - Strasbourg, France - La Laiterie","Gert Schaumlöffel, Germany",kk-joe-jackson-2012-10-26.jpg,34.00,EUR,není k dispozici,není k dispozici,"It Don't Mean a Thing (If It Ain't Got That Swing), It's Different for Girls, Caravan, You Can't Get What You Want (Till You Know What You Want), I'm Beginning to See the Light / Taking the 'A' Train / Cotton Tail, Mood Indigo, Rockin' in Rhythm, Invisible Man, We Can't Live Together, Home Town, Perdido / Satin Doll, The Mooche / Black and Tan Fantasy, Another World, Target, Steppin' Out, It Don't Mean a Thing (If It Ain't Got That Swing), Is She Really Going Out With Him?, Sunday Papers, A Slow Song",19,https://www.setlist.fm/setlist/joe-jackson/2012/la-laiterie-strasbourg-france-4bdd5fee.html,kk-joe-jackson-2012-10-26.jpg,tickets
TICKET_0471,konzert-joe-jackson-2012.html,The Duke Tour 2012,2nd November 2012,"2nd November 2012 - Amsterdam, Netherlands - Melkweg","Lammert Veen, Netherlands",kk-joe-jackson-2012-11-02.jpg,19.30,není k dispozici,není k dispozici,není k dispozici,"It Don't Mean a Thing (If It Ain't Got That Swing), It's Different for Girls, Caravan, You Can't Get What You Want (Till You Know What You Want), I'm Beginning to See the Light / Taking the 'A' Train / Cotton Tail, Mood Indigo, Rockin' in Rhythm, Invisible Man, Be My Number Two, Stranger Than Fiction, Home Town, The Mooche / Black and Tan Fantasy, Perdido / Satin Doll, Another World, Target, Steppin' Out, It Don't Mean a Thing (If It Ain't Got That Swing), Is She Really Going Out With Him?, Sunday Papers, A Slow Song",20,https://www.setlist.fm/setlist/joe-jackson/2012/the-max-amsterdam-netherlands-13dabdc5.html,kk-joe-jackson-2012-11-02.jpg,tickets
TICKET_0472,konzert-joe-jackson-2012.html,The Duke Tour 2012,3rd November 2012,"3rd November 2012 - Utrecht, Netherlands - Vredenburg Leidsche Rijn","Gert Schaumlöffel, Germany",kk-joe-jackson-2012-11-03.jpg,není k dispozici,není k dispozici,není k dispozici,není k dispozici,"It Don't Mean a Thing (If It Ain't Got That Swing), It's Different for Girls, Caravan, You Can't Get What You Want (Till You Know What You Want), Breaking Us in Two, I'm Beginning to See the Light / Taking the 'A' Train / Cotton Tail, Mood Indigo, Rockin' in Rhythm, Invisible Man, We Can't Live Together, Home Town, Perdido / Satin Doll, The Mooche / Black and Tan Fantasy, Another World, Target, Steppin' Out, It Don't Mean a Thing (If It Ain't Got That Swing), Is She Really Going Out With Him?, Sunday Papers, A Slow Song",20,https://www.setlist.fm/setlist/joe-jackson/2012/vredenburg-leidsche-rijn-utrecht-netherlands-7bc83e9c.html,kk-joe-jackson-2012-11-03.jpg,tickets
TICKET_0473,konzert-joe-jackson-2012.html,The Duke Tour 2012,4th November 2012,"4th November 2012 - Groningen, Netherlands - De Osterport, Grote Zaal","Bert Bos, Netherlands",kk-joe-jackson-2012-11-04.jpg,3.10,není k dispozici,není k dispozici,není k dispozici,"It Don't Mean a Thing (If It Ain't Got That Swing), It's Different for Girls, Caravan, You Can't Get What You Want (Till You Know What You Want), Real Men, I'm Beginning to See the Light / Taking the 'A' Train / Cotton Tail, Mood Indigo, Rockin' in Rhythm, Invisible Man, My House, Home Town, The Mooche / Black and Tan Fantasy, Perdido / Satin Doll, Another World, Target, Steppin' Out, It Don't Mean a Thing (If It Ain't Got That Swing), Is She Really Going Out With Him?, Sunday Papers, A Slow Song",20,https://www.setlist.fm/setlist/joe-jackson/2012/de-oosterpoort-groningen-netherlands-2beff0d2.html,kk-joe-jackson-2012-11-04.jpg,tickets
TICKET_0474,konzert-joe-jackson-2012.html,The Duke Tour 2012,6th November 2012,"6th November 2012 - Berlin, Germany - Admiralspalast","Rolf Thalmann, Germany",kk-joe-jackson-2012-11-06.jpg,66.95,EUR,Reihe: latz,není k dispozici,"It Don't Mean a Thing (If It Ain't Got That Swing), It's Different for Girls, Caravan, You Can't Get What You Want (Till You Know What You Want), I'm Beginning to See the Light / Taking the 'A' Train / Cotton Tail, Mood Indigo, Rockin' in Rhythm, Invisible Man, Be My Number Two, Stranger Than Fiction, Home Town, The Mooche / Black and Tan Fantasy, Perdido / Satin Doll, Another World, Target, Steppin' Out, It Don't Mean a Thing (If It Ain't Got That Swing), Is She Really Going Out With Him?, Sunday Papers, A Slow Song",20,https://www.setlist.fm/setlist/joe-jackson/2012/admiralspalast-berlin-germany-7bedb2b0.html,kk-joe-jackson-2012-11-06.jpg,tickets
TICKET_0475,konzert-joe-jackson-2012.html,The Duke Tour 2012,8th November 2012,"8th November 2012 - London, U.K. - Cadogan Hall","Alex Wilde, U.K.",kk-joe-jackson-2012-11-08.jpg,19.00,není k dispozici,"SEAT: S, Seat: 8, Seat: 8",není k dispozici,"It Don't Mean a Thing (If It Ain't Got That Swing), It's Different for Girls, Caravan, You Can't Get What You Want (Till You Know What You Want), I'm Beginning to See the Light / Taking the 'A' Train / Cotton Tail, Mood Indigo, Rockin' in Rhythm, Invisible Man, Be My Number Two, We Can't Live Together, Home Town, Perdido / Satin Doll, The Mooche / Black and Tan Fantasy, Another World, Target, Steppin' Out, It Don't Mean a Thing (If It Ain't Got That Swing), Is She Really Going Out With Him?, Sunday Papers, A Slow Song",20,https://www.setlist.fm/setlist/joe-jackson/2012/cadogan-hall-london-U.K.-63d922d3.html,kk-joe-jackson-2012-11-08.jpg,tickets
TICKET_0476,konzert-joe-jackson-2012.html,The Duke Tour 2012,10th November 2012,"10th November 2012 - London, U.K. - Cadogan Hall","Mike Baggaley, U.K.",kk-joe-jackson-2012-11-10.jpg,35.00,není k dispozici,není k dispozici,není k dispozici,"It Don't Mean a Thing (If It Ain't Got That Swing), It's Different for Girls, Caravan, You Can't Get What You Want (Till You Know What You Want), Real Men, I'm Beginning to See the Light / Taking the 'A' Train / Cotton Tail, Mood Indigo, Rockin' in Rhythm, Invisible Man, My House, The Other Me, Home Town, The Mooche / Black and Tan Fantasy, Perdido / Satin Doll, Another World, Target, Steppin' Out, It Don't Mean a Thing (If It Ain't Got That Swing), Is She Really Going Out With Him?, Sunday Papers, A Slow Song",21,https://www.setlist.fm/setlist/joe-jackson/2012/cadogan-hall-london-U.K.-13da8ddd.html,kk-joe-jackson-2012-11-10.jpg,tickets
TICKET_0477,konzert-joe-jackson-2012.html,The Duke Tour 2012,11th November 2012,"11th November 2012 - Paris, France - L'Olympia","Olivier Popincourt, France",kk-joe-jackson-2012-11-11-op.jpg,není k dispozici,není k dispozici,není k dispozici,není k dispozici,"It Don't Mean a Thing (If It Ain't Got That Swing), It's Different for Girls, Caravan, You Can't Get What You Want (Till You Know What You Want), I'm Beginning to See the Light / Taking the 'A' Train / Cotton Tail, Mood Indigo, Rockin' in Rhythm, Invisible Man, Be My Number Two, Stranger Than Fiction, Home Town, Perdido / Satin Doll, The Mooche / Black and Tan Fantasy, Another World, Target, Steppin' Out, It Don't Mean a Thing (If It Ain't Got That Swing), Is She Really Going Out With Him?, Sunday Papers, A Slow Song",20,https://www.setlist.fm/setlist/joe-jackson/2012/lolympia-bruno-coquatrix-paris-france-73db0681.html,kk-joe-jackson-2012-11-11-op.jpg,tickets
TICKET_0478,konzert-joe-jackson-2012.html,The Duke Tour 2012,16th November 2012,"16th November 2012 - Antwerp, Belgium - Muziekcentrum Trix","Bert Bos, Netherlands",kk-joe-jackson-2012-11-16.jpg,není k dispozici,není k dispozici,není k dispozici,není k dispozici,"It Don't Mean a Thing (If It Ain't Got That Swing), It's Different for Girls, Caravan, You Can't Get What You Want (Till You Know What You Want), I'm Beginning to See the Light / Taking the 'A' Train / Cotton Tail, Mood Indigo, Rockin' in Rhythm, Invisible Man, Be My Number Two, We Can't Live Together, Home Town, Perdido / Satin Doll, The Mooche / Black and Tan Fantasy, Another World, Target, Steppin' Out, It Don't Mean a Thing (If It Ain't Got That Swing), Is She Really Going Out With Him?, Sunday Papers, A Slow Song",20,https://www.setlist.fm/setlist/joe-jackson/2012/trix-borgerhout-belgium-4bdaf7be.html,kk-joe-jackson-2012-11-16.jpg,tickets
TICKET_0479,konzert-joe-jackson-2012.html,The Duke Tour 2012,17th November 2012,"17th November 2012 - Amiens, France - Auditorium Mégacité","Gert Schaumlöffel, Germany",kk-joe-jackson-2012-11-17.jpg,39.09,EUR,není k dispozici,není k dispozici,"It Don't Mean a Thing (If It Ain't Got That Swing), It's Different for Girls, Caravan, You Can't Get What You Want (Till You Know What You Want), Real Men, I'm Beginning to See the Light / Taking the 'A' Train / Cotton Tail, Mood Indigo, Rockin' in Rhythm, Invisible Man, The Other Me, Home Town, Perdido / Satin Doll, The Mooche / Black and Tan Fantasy, Another World, Target, Steppin' Out, It Don't Mean a Thing (If It Ain't Got That Swing), Is She Really Going Out With Him?, Sunday Papers, A Slow Song",20,https://www.setlist.fm/setlist/joe-jackson/2012/megacite-amiens-france-638efa07.html,kk-joe-jackson-2012-11-17.jpg,tickets
TICKET_0480_a,konzert-joe-jackson-2012.html,The Duke Tour 2012,2012,2012 - Tourpass,"Gert Schaumlöffel, Germany",kk-joe-jackson-2012-pass-1.jpg,není k dispozici,není k dispozici,není k dispozici,není k dispozici,není k dispozici,0,není k dispozici,kk-joe-jackson-2012-pass-1.jpg,passes
TICKET_0480_b,konzert-joe-jackson-2012.html,The Duke Tour 2012,2012,2012 - Tourpass,"Gert Schaumlöffel, Germany",kk-joe-jackson-2012-pass-2.jpg,není k dispozici,není k dispozici,není k dispozici,není k dispozici,není k dispozici,0,není k dispozici,kk-joe-jackson-2012-pass-2.jpg,passes
TICKET_0481,konzert-joe-jackson-1995.html,Tour 1995,20th January 1995,"20th January 1995 - Porthsmouth, U.K. - Guildhall","Ian Bowes, South Africa",kk-joe-jackson-1995-01-20.jpg,7.30,není k dispozici,není k dispozici,není k dispozici,"Home Town, Real Men, Nocturne No. 4, Is She Really Going Out With Him? / It's Different for Girls, Stranger Than Fiction, The Other Me, Down to London, Sea of Secrets, Nocturne No. 2, The Man Who Wrote Danny Boy, Ever After, Only the Future, Another World, Chinatown, Breaking Us in Two, You Can't Get What You Want (Till You Know What You Want), Got the Time, What’s the Use of Getting Sober (When You’re Gonna Get Drunk Again)?, I'm the Man, Steppin' Out",20,https://www.setlist.fm/setlist/joe-jackson/1995/portsmouth-guildhall-portsmouth-U.K.-7b87ba08.html,kk-joe-jackson-1995-01-20.jpg,tickets
TICKET_0482,konzert-joe-jackson-1995.html,Tour 1995,21th January 1995,"21th January 1995 - London, U.K. - Hammersmith Apollo - Ian Bowes, South Africa","Gert Schaumlöffel, Germany","kk-joe-jackson-1995-01-21.jpg, kk-joe-jackson-1995-01-21-2.jpg",17.50,není k dispozici,není k dispozici,není k dispozici,"Home Town, Real Men, Nocturne No. 4, Is She Really Going Out With Him? / It's Different for Girls, Stranger Than Fiction, The Other Me, Down to London, Sea of Secrets, Nocturne No. 2, The Man Who Wrote Danny Boy, Ever After, Only the Future, Another World, Chinatown, Breaking Us in Two, You Can't Get What You Want (Till You Know What You Want), Got the Time, What’s the Use of Getting Sober (When You’re Gonna Get Drunk Again)?, I'm the Man, Steppin' Out",20,https://www.setlist.fm/setlist/joe-jackson/1995/labatts-apollo-hammersmith-london-U.K.-7bd92294.html,"kk-joe-jackson-1995-01-21.jpg, kk-joe-jackson-1995-01-21-2.jpg",tickets
TICKET_0483,konzert-joe-jackson-1995.html,Tour 1995,23rd January 1995,"23rd January 1995 - Bristol, U.K. - Colston Hall","Gert Schaumlöffel, Germany",kk-joe-jackson-1995-01-23.jpg,není k dispozici,není k dispozici,není k dispozici,není k dispozici,není k dispozici,0,https://www.setlist.fm/setlist/joe-jackson/1995/colston-hall-bristol-U.K.-639a9a0b.html,kk-joe-jackson-1995-01-23.jpg,tickets
TICKET_0484,konzert-joe-jackson-1995.html,Tour 1995,25th January 1995,"25th January 1995 - Nottingham, U.K. - Royal Concert Hall","Gert Schaumlöffel, Germany",kk-gs-joe-jackson-1995-01-25.jpg,414.50,není k dispozici,není k dispozici,není k dispozici,"Home Town, Real Men, Nocturne No. 4, Is She Really Going Out With Him? / It's Different for Girls, Wild West, The Other Me, Down to London, Sea of Secrets, The Man Who Wrote Danny Boy, Ever After, Only the Future, Another World, Chinatown, Breaking Us in Two, You Can't Get What You Want (Till You Know What You Want), Got the Time, I'm the Man, Steppin' Out",18,https://www.setlist.fm/setlist/joe-jackson/1995/theatre-royal-and-royal-concert-hall-nottingham-U.K.-bc88d1e.html,kk-gs-joe-jackson-1995-01-25.jpg,tickets
TICKET_0485,konzert-joe-jackson-1995.html,Tour 1995,26th January 1995,"26th January 1995 - Newcastle, U.K. - City Hall","Ian Bowes, South Africa",kk-joe-jackson-1995-01-26.jpg,není k dispozici,není k dispozici,není k dispozici,není k dispozici,není k dispozici,0,https://www.setlist.fm/setlist/joe-jackson/1995/newcastle-city-hall-newcastle-upon-tyne-U.K.-2b8efcbe.html,kk-joe-jackson-1995-01-26.jpg,tickets
TICKET_0486,konzert-joe-jackson-1995.html,Tour 1995,28th January 1995,"28th January 1995 - Manchester, U.K. - Free Trade Hall","Mike Baggaley, U.K.",kk-joe-jackson-1995-01-28.jpg,14.50,není k dispozici,Seat: Location,není k dispozici,není k dispozici,0,https://www.setlist.fm/setlist/joe-jackson/1995/free-trade-hall-manchester-U.K.-2bdb48fe.html,kk-joe-jackson-1995-01-28.jpg,tickets
TICKET_0487,konzert-joe-jackson-1995.html,Tour 1995,29th January 1995,"29th January 1995 - Glasgow, Scottland - Royal Conert Hall","Ian Bowes, South Africa",kk-joe-jackson-1995-01-29.jpg,není k dispozici,není k dispozici,není k dispozici,není k dispozici,není k dispozici,0,https://www.setlist.fm/setlist/joe-jackson/1995/glasgow-royal-concert-hall-glasgow-scotland-338efcbd.html,kk-joe-jackson-1995-01-29.jpg,tickets
TICKET_0488,konzert-joe-jackson-1995.html,Tour 1995,3rd February 1995,"3rd February 1995 - Strasbourg, France - Palais de la musique et des congres","Gert Schaumlöffel, Germany",kk-joe-jackson-1995-02-03.jpg,není k dispozici,není k dispozici,není k dispozici,není k dispozici,není k dispozici,0,https://www.setlist.fm/setlist/joe-jackson/1995/salle-erasme-strasbourg-france-338efcb1.html,kk-joe-jackson-1995-02-03.jpg,tickets
TICKET_0489,konzert-joe-jackson-1995.html,Tour 1995,4th February 1995,"4th February 1995 - Lyon, France - Auditorium Maurice Ravel","Gert Schaumlöffel, Germany",kk-joe-jackson-1995-02-04.jpg,není k dispozici,není k dispozici,není k dispozici,není k dispozici,není k dispozici,0,https://www.setlist.fm/setlist/joe-jackson/1995/auditorium-maurice-ravel-lyon-france-238efcb7.html,kk-joe-jackson-1995-02-04.jpg,tickets
TICKET_0490,konzert-joe-jackson-1995.html,Tour 1995,12th February 1995,"12th February 1995 Madrid, Spain Teatro Monumental","Gert Schaumlöffel, Germany",kk-joe-jackson-1995-02-12.jpg,9.30,není k dispozici,Rada: El,není k dispozici,není k dispozici,0,https://www.setlist.fm/setlist/joe-jackson/1995/teatro-monumental-madrid-spain-63f37aab.html,kk-joe-jackson-1995-02-12.jpg,tickets
TICKET_0491,konzert-joe-jackson-1995.html,Tour 1995,27th February 1995,"27th February 1995 - Berlin, Germany - ICC","Björn Krüger, Germany",kk-bk-016.jpg,27.02,není k dispozici,není k dispozici,není k dispozici,"Lullaby, Home Town, Real Men, Nocturne No. 4, Is She Really Going Out With Him? / It's Different for Girls, Stranger Than Fiction, Not Here, Not Now, Nineteen Forever, Sea of Secrets, Nocturne No. 2, The Man Who Wrote Danny Boy, Ever After, Only the Future, Another World, Chinatown, Breaking Us in Two, You Can't Get What You Want (Till You Know What You Want), Got the Time, I'm the Man, Steppin' Out",20,https://www.setlist.fm/setlist/joe-jackson/1995/icc-1-berlin-germany-53e0733d.html,kk-bk-016.jpg,tickets
TICKET_0492,konzert-joe-jackson-1995.html,Tour 1995,28th February 1995,"28th February 1995 - Hannover, Germany - Congress Centrum - Kuppelsaal","Marcus Rossberg, Germany",kk-joe-jackson-1995-02-28.jpg,1995.20,není k dispozici,"Reihe: 8, Platz: 270",není k dispozici,"Lullaby, Home Town, Real Men, Nocturne No. 4, Is She Really Going Out With Him? / It's Different for Girls, Stranger Than Fiction, The Other Me, Sea of Secrets, Nocturne No. 2, The Man Who Wrote Danny Boy, Ever After, Only the Future, Another World, Chinatown, Breaking Us in Two, You Can't Get What You Want (Till You Know What You Want), Got the Time, I'm the Man, Steppin' Out",19,https://www.setlist.fm/setlist/joe-jackson/1995/kuppelsaal-hanover-germany-5bedf770.html,kk-joe-jackson-1995-02-28.jpg,tickets
TICKET_0493,konzert-joe-jackson-1995.html,Tour 1995,4th March 1995,"4th March 1995 - Stuttgart, Germany - Liederhalle, Beethovensaal","Björn Krüger, Germany",kk-joe-jackson-1995-03-04.jpg,20.00,není k dispozici,"Reihe: Plaız, Reihe: Platz",není k dispozici,"Home Town, Real Men, Nocturne No. 4, Is She Really Going Out With Him? / It's Different for Girls, Wild West, Stranger Than Fiction, Down to London, Sea of Secrets, Nocturne No. 2, The Man Who Wrote Danny Boy, Ever After, Only the Future, Another World, Chinatown, Breaking Us in Two, You Can't Get What You Want (Till You Know What You Want), Got the Time, I'm the Man, Steppin' Out",19,https://www.setlist.fm/setlist/joe-jackson/1995/kultur-und-kongresszentrum-liederhalle-stuttgart-germany-1bfb795c.html,kk-joe-jackson-1995-03-04.jpg,tickets
TICKET_0494,konzert-joe-jackson-1995.html,Tour 1995,6th March 1995,"6th March 1995 - Amsterdam, Netherlands -  RAI Congrescentrum","Lammert Veen, Netherlands",kk-joe-jackson-1995-03-06.jpg,není k dispozici,není k dispozici,není k dispozici,není k dispozici,"Lullaby, Home Town, Real Men, Nocturne No. 4, Is She Really Going Out With Him? / It's Different for Girls, Nineteen Forever, Stranger Than Fiction, Down to London, Sea of Secrets, Nocturne No. 2, The Man Who Wrote Danny Boy, Ever After, Only the Future, Another World, Chinatown, Breaking Us in Two, You Can't Get What You Want (Till You Know What You Want), Got the Time, I'm the Man, Steppin' Out",20,https://www.setlist.fm/setlist/joe-jackson/1995/rai-amsterdam-netherlands-3beff0b8.html,kk-joe-jackson-1995-03-06.jpg,tickets
TICKET_0495,konzert-joe-jackson-1995.html,Tour 1995,12th March 1995,"12th March 1995 - München (Munich), Germany - Philharmonie","Robert Keller, Germany",kk-joe-jackson-1995-03-12.jpg,3.95,není k dispozici,"Reihe: 9, Platz: 13",není k dispozici,"Lullaby, Home Town, Real Men, Nocturne No. 4, Is She Really Going Out With Him? / It's Different for Girls, Nineteen Forever, The Other Me, Stranger Than Fiction, Down to London, Sea of Secrets, Nocturne No. 2, The Man Who Wrote Danny Boy, Ever After, Only the Future, Another World, Chinatown, Breaking Us in Two, You Can't Get What You Want (Till You Know What You Want), Got the Time, I'm the Man, Steppin' Out",21,https://www.setlist.fm/setlist/joe-jackson/1995/philharmonie-munich-germany-43edf737.html,kk-joe-jackson-1995-03-12.jpg,tickets
TICKET_0496,konzert-joe-jackson-1995.html,Tour 1995,13th March 1995,"13th March 1995 Düsseldorf, Germany - Philipshalle","Gert Schaumlöffel, Germany",kk-jj-gs-1995-03-13.gif,19.00,není k dispozici,není k dispozici,není k dispozici,"Lullaby, Home Town, Real Men, Nocturne No. 4, Is She Really Going Out With Him? / It's Different for Girls, Wild West, Stranger Than Fiction, Down to London, Sea of Secrets, Nocturne No. 2, The Man Who Wrote Danny Boy, Ever After, Only the Future, Another World, Chinatown, Breaking Us in Two, You Can't Get What You Want (Till You Know What You Want), Got the Time, I'm the Man, Steppin' Out",20,https://www.setlist.fm/setlist/joe-jackson/1995/philipshalle-dusseldorf-germany-23f3b0db.html,kk-jj-gs-1995-03-13.gif,tickets
TICKET_0497,konzert-joe-jackson-1995.html,Tour 1995,16th March 1995,"16th March 1995 - Hamburg, Germany - Musikhalle","Björn Krüger, Germany",kk-bk-023.jpg,není k dispozici,není k dispozici,Reihe: Platz,není k dispozici,"Lullaby, Home Town, Real Men, Nocturne No. 4, Is She Really Going Out With Him? / It's Different for Girls, Nineteen Forever, Stranger Than Fiction, Down to London, Sea of Secrets, Nocturne No. 2, The Man Who Wrote Danny Boy, Ever After, Only the Future, Another World, Chinatown, Breaking Us in Two, You Can't Get What You Want (Till You Know What You Want), Got the Time, What’s the Use of Getting Sober (When You’re Gonna Get Drunk Again)?, I'm the Man, Steppin' Out",21,https://www.setlist.fm/setlist/joe-jackson/1995/musikhalle-hamburg-germany-4bedf712.html,kk-bk-023.jpg,tickets
TICKET_0498,konzert-joe-jackson-1995.html,Tour 1995,24th March 1995,"24th March 1995 - London, U.K. - Royal Festival Hall","Andreas Wiethoff, Germany",kk-aw-02.jpg,17.50,není k dispozici,není k dispozici,není k dispozici,"Lullaby, Home Town, Real Men, Nocturne No. 4, Is She Really Going Out With Him? / It's Different for Girls, Not Here, Not Now, Nineteen Forever, Tango Atlantico, Stranger Than Fiction, Sea of Secrets, Nocturne No. 2, The Man Who Wrote Danny Boy, Ever After, Only the Future, Another World, Chinatown, Breaking Us in Two, You Can't Get What You Want (Till You Know What You Want), Got the Time, I'm the Man, Steppin' Out",21,https://www.setlist.fm/setlist/joe-jackson/1995/royal-festival-hall-london-U.K.-338efc8d.html,kk-aw-02.jpg,tickets
TICKET_0499,konzert-joe-jackson-1995.html,Tour 1995,17th April 1995,"17th April 1995 Portland, ME, U.S.A. - The State Theatre - Not in JJ Archive","Jason Curry, U.S.A.",kk-joe-jackson-1995-04-17.jpg,není k dispozici,není k dispozici,"SEC: RoW, SEAT: LOwer",není k dispozici,není k dispozici,0,není k dispozici,kk-joe-jackson-1995-04-17.jpg,tickets
TICKET_0500,konzert-joe-jackson-1995.html,Tour 1995,30th April 1995,"30th April 1995 - San Francisco, CA, U.S.A. - The Warfield","Gert Schaumlöffel, Germany",kk-joe-jackson-1995-04-30.jpg,není k dispozici,není k dispozici,"SEAT: 5, SEC: ROW",není k dispozici,není k dispozici,0,https://www.setlist.fm/setlist/joe-jackson/1995/the-warfield-san-francisco-ca-23c484e3.html,kk-joe-jackson-1995-04-30.jpg,tickets
TICKET_0501,konzert-joe-jackson-1995.html,Tour 1995,3rd May 1995,"3rd May 1995 - Los Angeles, CA, U.S.A. - House of Blues","Gert Schaumlöffel, Germany",kk-joe-jackson-1995-05-03.jpg,není k dispozici,není k dispozici,"SeaT: Aoksgion, SeAT: 02l05z, SEAT: ING",není k dispozici,"Home Town, Real Men, Stranger Than Fiction, The Man Who Wrote Danny Boy, Ever After, Breaking Us in Two, You Can't Get What You Want (Till You Know What You Want)",7,https://www.setlist.fm/setlist/joe-jackson/1995/house-of-blues-west-hollywood-ca-2beb0c96.html,kk-joe-jackson-1995-05-03.jpg,tickets
TICKET_0502,konzert-joe-jackson-1995.html,Tour 1995,23th May 1995,"23th May 1995 - Melbourne, Australia - State Theatre","Gert Schaumlöffel, Germany",kk-joe-jackson-1995-05-23.jpg,46.00,není k dispozici,"Sec: VIS, row: Ad",není k dispozici,"Home Town, Nocturne No. 4, Real Men, Is She Really Going Out With Him? / It's Different for Girls, Sea of Secrets, Nocturne No. 2, Ever After, The Man Who Wrote Danny Boy, Nineteen Forever, Chinatown, Another World, Breaking Us in Two, You Can't Get What You Want (Till You Know What You Want), Stranger Than Fiction, Got the Time, I'm the Man, What’s the Use of Getting Sober (When You’re Gonna Get Drunk Again)?, Steppin' Out",18,https://www.setlist.fm/setlist/joe-jackson/1995/state-theatre-melbourne-australia-4bedeb32.html,kk-joe-jackson-1995-05-23.jpg,tickets
TICKET_0503_a,konzert-joe-jackson-1995.html,NIGHT MUSIC Tour,1995,1994 / 1995 - Tourpass,"Gert Schaumlöffel, Germany",kk-joe-jackson-1994-pass-4.jpg,není k dispozici,není k dispozici,není k dispozici,není k dispozici,není k dispozici,0,není k dispozici,kk-joe-jackson-1994-pass-4.jpg,passes
TICKET_0503_b,konzert-joe-jackson-1995.html,NIGHT MUSIC Tour,1995,1995 / 1995 - Tourpass,"Gert Schaumlöffel, Germany",kk-joe-jackson-1994-pass-5.jpg,není k dispozici,není k dispozici,není k dispozici,není k dispozici,není k dispozici,0,není k dispozici,kk-joe-jackson-1994-pass-5.jpg,passes
TICKET_0503_c,konzert-joe-jackson-1995.html,NIGHT MUSIC Tour,1995,1996 / 1995 - Tourpass,"John Nyman, U.S.A.",kk-jn-11.jpg,není k dispozici,není k dispozici,není k dispozici,není k dispozici,není k dispozici,0,není k dispozici,kk-jn-11.jpg,passes
TICKET_0503_d,konzert-joe-jackson-1995.html,NIGHT MUSIC Tour,1995,1997 / 1995 - Tourpass,"John Nyman, U.S.A.",kk-jn-10.jpg,není k dispozici,není k dispozici,není k dispozici,není k dispozici,není k dispozici,0,není k dispozici,kk-jn-10.jpg,passes
TICKET_0503_e,konzert-joe-jackson-1995.html,NIGHT MUSIC Tour,1995,1998 / 1995 - Tourpass,"Gert Schaumlöffel, Germany",kk-joe-jackson-1994-pass-1.jpg,není k dispozici,není k dispozici,není k dispozici,není k dispozici,není k dispozici,0,není k dispozici,kk-joe-jackson-1994-pass-1.jpg,passes
TICKET_0503_f,konzert-joe-jackson-1995.html,NIGHT MUSIC Tour,1995,1999 / 1995 - Tourpass,"Gert Schaumlöffel, Germany",kk-joe-jackson-1994-pass-3.jpg,není k dispozici,není k dispozici,není k dispozici,není k dispozici,není k dispozici,0,není k dispozici,kk-joe-jackson-1994-pass-3.jpg,passes
TICKET_0504,konzert-joe-jackson-2004.html,Tour WITH TODD RUNDGREN,24th August 2004,"24th August 2004 - New York, NY, U.S.A. Delacorte Theater (open air)","John Nyman, U.S.A.",kk-jn-21.jpg,není k dispozici,není k dispozici,SEC: NYHAN,není k dispozici,"Home Town, Steppin' Out, Take It Like a Man, Awkward Age, Be My Number Two, Obvious Song, Love at First Light, Girl, Citizen Sane, It's Different for Girls, Is She Really Going Out With Him?",11,https://www.setlist.fm/setlist/joe-jackson/2004/delacorte-theater-new-york-ny-7bd86acc.html,kk-jn-21.jpg,tickets
TICKET_0505,konzert-joe-jackson-2009.html,RAIN Tour 2009,15th June 2009,"15th June 2009 - Caen, France - Le Cargo - Hervé Lenoach, France","Gert Schaumlöffel, Germany","kk-joe-jackson-2009-06-15.jpg, kk-joe-jackson-2009-06-15-2.jpg",39.00,EUR,není k dispozici,není k dispozici,"You Can't Get What You Want (Till You Know What You Want), Too Tough, Citizen Sane, Fools in Love / For Your Love, Wasted Time, Chinatown, Scary Monsters (and Super Creeps), Steppin' Out, Solo (So Low), Be My Number Two, The Uptown Train, Sunday Papers, King Pleasure Time, Got the Time, A Place in the Rain, Don't Get Around Much Anymore, Is She Really Going Out With Him?, A Slow Song",18,https://www.setlist.fm/setlist/joe-jackson/2009/le-cargo-caen-france-53926f51.html,"kk-joe-jackson-2009-06-15.jpg, kk-joe-jackson-2009-06-15-2.jpg",tickets
TICKET_0506,konzert-joe-jackson-2009.html,RAIN Tour 2009,17th June 2009,"17th June 2009 - Nantes, France - Cité des Congrès","Gert Schaumlöffel, Germany",kk-joe-jackson-2009-06-17.jpg,není k dispozici,není k dispozici,není k dispozici,není k dispozici,není k dispozici,0,https://www.setlist.fm/setlist/joe-jackson/2009/cite-des-congres-de-nantes-nantes-france-5b8efbb8.html,kk-joe-jackson-2009-06-17.jpg,tickets
TICKET_0507,konzert-joe-jackson-2009.html,RAIN Tour 2009,18th June 2009,"18th June 2009 - Tours, France - Vinci","Gert Schaumlöffel, Germany",kk-joe-jackson-2009-06-18.jpg,324.24,není k dispozici,není k dispozici,není k dispozici,"Another World, Too Tough, Citizen Sane, Fools in Love / For Your Love, Sunday Papers, Cancer, King Pleasure Time, On Your Radio, I Feel Possessed, Be My Number Two, Home Town, The Uptown Train, Steppin' Out, You Can't Get What You Want (Till You Know What You Want), One More Time, A Place in the Rain, Is She Really Going Out With Him?, A Slow Song",18,https://www.setlist.fm/setlist/joe-jackson/2009/le-vinci-tours-france-438efbbf.html,kk-joe-jackson-2009-06-18.jpg,tickets
TICKET_0508,konzert-joe-jackson-2009.html,RAIN Tour 2009,20th June 2009,"20th June 2009 - Köln (Cologne), Germany - Gloria Theater","Rolf Thalmann, Germany",kk-joe-jackson-2009-06-20.jpg,40.00,EUR,platz: achsny,není k dispozici,"Another World, Too Tough, Citizen Sane, Fools in Love / For Your Love, Stranger Than Fiction, Goin' Downtown, Sunday Papers, King Pleasure Time, On Your Radio, Solo (So Low), Be My Number Two, The Uptown Train, Scary Monsters (and Super Creeps), Steppin' Out, Got the Time, A Place in the Rain, Satin Doll, Don't Get Around Much Anymore, Is She Really Going Out With Him?, A Slow Song",20,https://www.setlist.fm/setlist/joe-jackson/2009/gloria-theater-cologne-germany-53cebfe5.html,kk-joe-jackson-2009-06-20.jpg,tickets
TICKET_0509,konzert-joe-jackson-2009.html,RAIN Tour 2009,21th June 2009,"21th June 2009 - Utrecht, Netherlands - Vredenburg","Lammert Veen, Netherlands",kk-joe-jackson-2009-06-21.jpg,není k dispozici,není k dispozici,není k dispozici,není k dispozici,"Another World, Too Tough, Citizen Sane, Fools in Love / For Your Love, Stranger Than Fiction, Goin' Downtown, Sunday Papers, On Your Radio, Solo (So Low), Be My Number Two, The Uptown Train, Scary Monsters (and Super Creeps), Steppin' Out, Got the Time, Satin Doll, Don't Get Around Much Anymore, Is She Really Going Out With Him?, A Slow Song",18,https://www.setlist.fm/setlist/joe-jackson/2009/vredenburg-leidsche-rijn-utrecht-netherlands-5bd72f4c.html,kk-joe-jackson-2009-06-21.jpg,tickets
TICKET_0510,konzert-joe-jackson-2009.html,RAIN Tour 2009,25th June 2009,"25th June 2009 - Lille, France - Théâtre Sébastopol","Claude Chantemarque, France",kk-joe-jackson-2009-06-25.jpg,není k dispozici,není k dispozici,není k dispozici,není k dispozici,není k dispozici,0,https://www.setlist.fm/setlist/joe-jackson/2009/theatre-sebastopol-lille-france-538efbbd.html,kk-joe-jackson-2009-06-25.jpg,tickets
TICKET_0511,konzert-joe-jackson-2009.html,RAIN Tour 2009,7th July 2009,"7th July 2009 - Wien (Vienna),  Austria - WUK Saal","Thomas Wiesinger, Austria",kk-joe-jackson-2009-07-07.jpg,07.07,není k dispozici,není k dispozici,není k dispozici,"Another World, Too Tough, Citizen Sane, Fools in Love / For Your Love, Still Alive, Goin' Downtown, Reelin' In the Years, King Pleasure Time, On Your Radio, Solo (So Low), Be My Number Two, The Uptown Train, Steppin' Out, Scary Monsters (and Super Creeps), Sunday Papers, Got the Time, A Place in the Rain, Is She Really Going Out With Him?, A Slow Song",19,https://www.setlist.fm/setlist/joe-jackson/2009/wuk-vienna-austria-538efbb5.html,kk-joe-jackson-2009-07-07.jpg,tickets
TICKET_0512,konzert-joe-jackson-2009.html,RAIN Tour 2009,15th July 2009,"15th July 2009 - Prague,  Czechia - Lucerna Music Bar","Marek Kraus, Czechia",kk-joe-jackson-2009-07-15.jpg,2774.65,není k dispozici,není k dispozici,není k dispozici,"Home Town, Steppin' Out, Invisible Man, Fools in Love / For Your Love, The Uptown Train, Chinatown, King Pleasure Time, On Your Radio, Be My Number Two, Girl, Rush Across the Road, Sunday Papers, Good Bad Boy, You Can't Get What You Want (Till You Know What You Want), One More Time, Another World, Is She Really Going Out With Him?, A Slow Song",18,https://www.setlist.fm/setlist/joe-jackson/2009/lucerna-music-bar-prague-czechia-4bf8ef72.html,kk-joe-jackson-2009-07-15.jpg,tickets
TICKET_0513_a,konzert-joe-jackson-2009.html,RAIN Tour 2009,2009,2009 - Tourpass,"Gert Schaumlöffel, Germany",kk-joe-jackson-2009-pass-1.jpg,není k dispozici,není k dispozici,není k dispozici,není k dispozici,není k dispozici,0,není k dispozici,kk-joe-jackson-2009-pass-1.jpg,passes
TICKET_0513_b,konzert-joe-jackson-2009.html,RAIN Tour 2009,2009,2009 - Tourpass,"Gert Schaumlöffel, Germany",kk-joe-jackson-2009-pass-2.jpg,není k dispozici,není k dispozici,není k dispozici,není k dispozici,není k dispozici,0,není k dispozici,kk-joe-jackson-2009-pass-2.jpg,passes
TICKET_0513_c,konzert-joe-jackson-2009.html,RAIN Tour 2009,2009,2009 - Tourpass,"Gert Schaumlöffel, Germany",kk-joe-jackson-2009-pass-3.jpg,není k dispozici,není k dispozici,není k dispozici,není k dispozici,není k dispozici,0,není k dispozici,kk-joe-jackson-2009-pass-3.jpg,passes
TICKET_0514,konzert-joe-jackson-1999.html,,4th August 1999,"4th August 1999 - New York, NY, U.S.A. - Joe's Pub","John Nyman, U.S.A.",kk-jn-19.jpg,není k dispozici,není k dispozici,není k dispozici,není k dispozici,"Summer in the City, Fools in Love / For Your Love, Another World, Over the Rainbow, Obvious Song, Blue Flame, Junkie Girl, Sea of Secrets, We Can't Live Together, Life on Mars?, Be My Number Two, It's Different for Girls, Glamour and Pain, Dear Mom, Love Got Lost, Nineteen Forever, The In Crowd / Down to London, King of the World, You Can't Get What You Want (Till You Know What You Want), Don't Get Around Much Anymore, A Slow Song",21,https://www.setlist.fm/setlist/joe-jackson/1999/joes-pub-new-york-ny-3b8e944c.html,kk-jn-19.jpg,tickets
TICKET_0515,konzert-joe-jackson-1999.html,,7th August 1999,"7th August 1999 - New York, NY, U.S.A. - Joe's Pub","Martin Ayling, U.K.",kk-joe-jackson-1999-08-07.jpg,není k dispozici,není k dispozici,není k dispozici,není k dispozici,"Summer in the City, Goin' Downtown, Fools in Love / For Your Love, Obvious Song, The Other Me, Blue Flame, Another World, The Man Who Wrote Danny Boy, Life on Mars?, Eleanor Rigby, Be My Number Two, Home Town, It's Different for Girls, Glamour and Pain, Love Got Lost, The In Crowd / Down to London, King of the World, You Can't Get What You Want (Till You Know What You Want), Stay / Steppin' Out, Don't Get Around Much Anymore, Blaze of Glory, A Slow Song",22,https://www.setlist.fm/setlist/joe-jackson/1999/joes-pub-new-york-ny-2b93e8f6.html,kk-joe-jackson-1999-08-07.jpg,tickets
TICKET_0516,konzert-joe-jackson-1999.html,,11th August 1999,"11th August 1999 - New York, NY, U.S.A. - Joe's Pub","Gert Schaumlöffel, Germany",kk-gs-joe-jackson-1999-08-11.jpg,není k dispozici,není k dispozici,není k dispozici,není k dispozici,není k dispozici,0,https://www.setlist.fm/setlist/joe-jackson/1999/joes-pub-new-york-ny-73800e59.html,kk-gs-joe-jackson-1999-08-11.jpg,tickets
TICKET_0517,konzert-joe-jackson-2008.html,RAIN Tour 2008,29th February 2008,"29th February 2008 - Dublin, Ireland - The Olympia Theatre","Steve Whitbread, U.K.",kk-joe-jackson-2008-02-29.jpg,není k dispozici,není k dispozici,"SEAT: 5, Row: C, SeAT: 16",není k dispozici,"Home Town, Steppin' Out, Invisible Man, Too Tough, Real Men, Obvious Song, Stranger Than Fiction, On Your Radio, Solo (So Low), Rush Across the Road, King Pleasure Time, It's Different for Girls, Knowing Me, Knowing You, Dirty Martini, Good Bad Boy, Blaze of Glory, Dirty Love, Is She Really Going Out With Him?, A Slow Song",19,https://www.setlist.fm/setlist/joe-jackson/2008/olympia-theatre-dublin-ireland-53ff138d.html,kk-joe-jackson-2008-02-29.jpg,tickets
TICKET_0518,konzert-joe-jackson-2008.html,RAIN Tour 2008,2nd March 2008,"2nd March 2008 - London, U.K. - Shepherds Bush Empire","Steve Whitbread, U.K.",kk-joe-jackson-2008-03-02.jpg,není k dispozici,není k dispozici,"ROW: B, SEAT: 17",není k dispozici,"Steppin' Out, Invisible Man, Too Tough, Chinatown, Obvious Song, Knowing Me, Knowing You, Stranger Than Fiction, One More Time, Solo (So Low), Rush Across the Road, Scary Monsters (and Super Creeps), It's Different for Girls, King Pleasure Time, Dirty Martini, Take It Like a Man, A Place in the Rain, You Can't Get What You Want (Till You Know What You Want), Is She Really Going Out With Him?, A Slow Song",19,https://www.setlist.fm/setlist/joe-jackson/2008/shepherds-bush-empire-london-U.K.-63fd261b.html,kk-joe-jackson-2008-03-02.jpg,tickets
TICKET_0519,konzert-joe-jackson-2008.html,RAIN Tour 2008,4th March 2008,"4th March 2008 - Paris, France - La Cigale","Mathieu Chartier, France",kk-joe-jackson-2008-03-04.jpg,59.00,EUR,není k dispozici,není k dispozici,"Steppin' Out, Invisible Man, Citizen Sane, Breaking Us in Two, Wasted Time, Goin' Downtown, Stranger Than Fiction, On Your Radio, Solo (So Low), Rush Across the Road, Real Men, The Uptown Train, Scary Monsters (and Super Creeps), It's Different for Girls, Good Bad Boy, Blaze of Glory, You Can't Get What You Want (Till You Know What You Want), Is She Really Going Out With Him?, A Slow Song",19,https://www.setlist.fm/setlist/joe-jackson/2008/la-cigale-paris-france-bcd652a.html,kk-joe-jackson-2008-03-04.jpg,tickets
TICKET_0520,konzert-joe-jackson-2008.html,RAIN Tour 2008,5th March 2008,"5th March 2008 - Brussels, Belgium - Ancienne Belgique","Gert Schaumlöffel, Germany",kk-joe-jackson-2008-03-05.jpg,není k dispozici,není k dispozici,není k dispozici,není k dispozici,"Steppin' Out, Invisible Man, Too Tough, Not Here, Not Now, Cancer, Awkward Age, Rush Across the Road, On Your Radio, Solo (So Low), The Uptown Train, Chinatown, Reelin' In the Years, It's Different for Girls, Good Bad Boy, One More Time, A Place in the Rain, You Can't Get What You Want (Till You Know What You Want), Is She Really Going Out With Him?, A Slow Song",19,https://www.setlist.fm/setlist/joe-jackson/2008/ancienne-belgique-brussels-belgium-5bd4b34c.html,kk-joe-jackson-2008-03-05.jpg,tickets
TICKET_0521,konzert-joe-jackson-2008.html,RAIN Tour 2008,7th March 2008,"7th March 2008 - Amsterdam, Netherlands - Paradiso","Gert Schaumlöffel, Germany",kk-gs-joe-jackson-2008-03-07.jpg,19.30,není k dispozici,není k dispozici,není k dispozici,"Steppin' Out, Invisible Man, Too Tough, Real Men, Chinatown, Wasted Time, Cancer, On Your Radio, Solo (So Low), The Uptown Train, It's Different for Girls, Reelin' In the Years, Awkward Age, Good Bad Boy, One More Time, A Place in the Rain, Scary Monsters (and Super Creeps), Is She Really Going Out With Him?, A Slow Song",19,https://www.setlist.fm/setlist/joe-jackson/2008/grote-zaal-amsterdam-netherlands-3dd4d83.html,kk-gs-joe-jackson-2008-03-07.jpg,tickets
TICKET_0522,konzert-joe-jackson-2008.html,RAIN Tour 2008,8th March 2008,"8th March 2008 - Amsterdam, Netherlands - Paradiso","Gert Schaumlöffel, Germany",kk-gs-joe-jackson-2008-03-08.jpg,19.30,není k dispozici,není k dispozici,není k dispozici,"Steppin' Out, Too Tough, Citizen Sane, Breaking Us in Two, Rush Across the Road, Stranger Than Fiction, Dirty Martini, Take It Like a Man, Solo (So Low), The Uptown Train, Knowing Me, Knowing You, King Pleasure Time, It's Different for Girls, Obvious Song, One More Time, A Place in the Rain, You Can't Get What You Want (Till You Know What You Want), Is She Really Going Out With Him?, A Slow Song",19,https://www.setlist.fm/setlist/joe-jackson/2008/grote-zaal-amsterdam-netherlands-23d2407f.html,kk-gs-joe-jackson-2008-03-08.jpg,tickets
TICKET_0523,konzert-joe-jackson-2008.html,RAIN Tour 2008,10th March 2008,"10th March 2008 - Hamburg, Germany - Fabrik","Rolf Thalmann, Germany",kk-joe-jackson-2008-03-10.jpg,36.40,EUR,není k dispozici,není k dispozici,"Intro: Swirly   Steppin' Out, Invisible Man, Too Tough, Chinatown / Caravan, Cancer, Dirty Martini, King Pleasure Time, On Your Radio, Solo (So Low), Breaking Us in Two, The Uptown Train, Awkward Age, Reelin' In the Years, Good Bad Boy, One More Time, A Place in the Rain, You Can't Get What You Want (Till You Know What You Want), Is She Really Going Out With Him?, A Slow Song",19,https://www.setlist.fm/setlist/joe-jackson/2008/fabrik-hamburg-germany-7bfd2618.html,kk-joe-jackson-2008-03-10.jpg,tickets
TICKET_0524,konzert-joe-jackson-2008.html,RAIN Tour 2008,11th March 2008,"11th March 2008 - Berlin, Germany - Schiller Theater","Björn Krüger, Germany",kk-joe-jackson-2008-03-11.jpg,47.25,EUR,"Reihe: Platz, Rang: Uinks",není k dispozici,"Steppin' Out, Invisible Man, Wasted Time, Real Men, Obvious Song, Cancer, King Pleasure Time, Take It Like a Man, Solo (So Low), Rush Across the Road, Stranger Than Fiction, Scary Monsters (and Super Creeps), It's Different for Girls, Good Bad Boy, One More Time, A Place in the Rain, You Can't Get What You Want (Till You Know What You Want), Is She Really Going Out With Him?, A Slow Song",19,https://www.setlist.fm/setlist/joe-jackson/2008/schiller-theater-berlin-germany-6bfd261e.html,kk-joe-jackson-2008-03-11.jpg,tickets
TICKET_0525,konzert-joe-jackson-2008.html,RAIN Tour 2008,14th March 2008,"14th March 2008 - Zürich, Switzerland - Kaufleuten","Robert Keller, Germany",kk-joe-jackson-2008-03-14.jpg,60.00,CHF,není k dispozici,není k dispozici,"Home Town, Steppin' Out, Too Tough, Citizen Sane, Not Here, Not Now, Cancer, King Pleasure Time, On Your Radio, Solo (So Low), Rush Across the Road, Stranger Than Fiction, Scary Monsters (and Super Creeps), It's Different for Girls, Take It Like a Man, One More Time, A Place in the Rain, Don't Get Around Much Anymore, You Can't Get What You Want (Till You Know What You Want), Is She Really Going Out With Him?, A Slow Song",20,https://www.setlist.fm/setlist/joe-jackson/2008/kaufleuten-zurich-switzerland-63fd2613.html,kk-joe-jackson-2008-03-14.jpg,tickets
TICKET_0526,konzert-joe-jackson-2008.html,RAIN Tour 2008,19th March 2008,"19th March 2008 - Rome, Italy - Auditorium - Parco della musica","Bernardini, Italy",kk-joe-jackson-2008-03-19.jpg,21.00,není k dispozici,není k dispozici,není k dispozici,"Steppin' Out, Citizen Sane, Wasted Time, Real Men, Cancer, King Pleasure Time, Stranger Than Fiction, On Your Radio, Solo (So Low), The Uptown Train, Chinatown / Caravan, Dirty Martini, It's Different for Girls, You Can't Get What You Want (Till You Know What You Want), One More Time, Good Bad Boy, Don't Get Around Much Anymore, Is She Really Going Out With Him?, A Slow Song",19,https://www.setlist.fm/setlist/joe-jackson/2008/sala-sinopoli-auditorium-parco-della-musica-rome-italy-438efb73.html,kk-joe-jackson-2008-03-19.jpg,tickets
TICKET_0527,konzert-joe-jackson-2008.html,RAIN Tour 2008,21st March 2008,"21st March 2008 - Vienna, Austria - Joe Zawinul's Birdland","Thomas Wiesinger, Austria",kk-joe-jackson-2008-03-21.jpg,21.03,není k dispozici,není k dispozici,není k dispozici,"Home Town, Steppin' Out, Another World, Invisible Man, Wasted Time, It's Different for Girls, Cancer, King Pleasure Time, On Your Radio, Solo (So Low), The Uptown Train, Chinatown, Dirty Martini, Good Bad Boy, You Can't Get What You Want (Till You Know What You Want), One More Time, A Place in the Rain, Don't Get Around Much Anymore, Is She Really Going Out With Him?, A Slow Song",20,https://www.setlist.fm/setlist/joe-jackson/2008/birdland-vienna-austria-4b8efb76.html,kk-joe-jackson-2008-03-21.jpg,tickets
TICKET_0528,konzert-joe-jackson-2008.html,RAIN Tour 2008,26th March 2008,"26th March 2008 - Tel Aviv, Israel - Hangar 11 - Arnon Friedman, Israel","Gert Schaumlöffel, Germany","kk-joe-jackson-2008-03-26.jpg, kk-joe-jackson-2008-03-26-2.jpg",20.00,není k dispozici,není k dispozici,není k dispozici,"Invisible Man, Too Tough, It's Different for Girls, Sunday Papers, Citizen Sane, Breaking Us in Two, Wasted Time, Be My Number Two, Solo (So Low), Is She Really Going Out With Him?, You Can't Get What You Want (Till You Know What You Want), Good Bad Boy, Steppin' Out, Real Men, A Slow Song",15,https://www.setlist.fm/setlist/joe-jackson/2008/hangar-11-tel-aviv-israel-13cf018d.html,"kk-joe-jackson-2008-03-26.jpg, kk-joe-jackson-2008-03-26-2.jpg",tickets
TICKET_0529,konzert-joe-jackson-2008.html,RAIN Tour 2008,1st April 2008,"1st April 2008 - Toronto, Canada - The Music Hall","John Wild, Canada",kk-joe-jackson-2008-04-01.jpg,2.50,není k dispozici,seat: eiege,není k dispozici,"Home Town, Steppin' Out, Another World, Too Tough, Citizen Sane, Wasted Time, Cancer, On Your Radio, Solo (So Low), The Uptown Train, Chinatown, Scary Monsters (and Super Creeps), It's Different for Girls, Good Bad Boy, You Can't Get What You Want (Till You Know What You Want), One More Time, A Place in the Rain, Is She Really Going Out With Him?, A Slow Song",19,https://www.setlist.fm/setlist/joe-jackson/2008/danforth-music-hall-toronto-on-canada-53f40379.html,kk-joe-jackson-2008-04-01.jpg,tickets
TICKET_0530,konzert-joe-jackson-2008.html,RAIN Tour 2008,4th April 2008,"4th April 2008 - Glenside, PA, U.S.A. - Keswick Theatre - John Nyman, U.S.A.","Gert Schaumlöffel, Germany","kk-joe-jackson-2008-04-04.jpg, kk-joe-jackson-2008-04-04-2.jpg",82.50,není k dispozici,Sec: tion,není k dispozici,není k dispozici,0,https://www.setlist.fm/setlist/joe-jackson/2008/keswick-theatre-glenside-pa-1bdf75f8.html,"kk-joe-jackson-2008-04-04.jpg, kk-joe-jackson-2008-04-04-2.jpg",tickets
TICKET_0531,konzert-joe-jackson-2008.html,RAIN Tour 2008,5th April 2008,"5th April 2008 - Northampton, MA, U.S.A. - Calvin Theatre","Ken Van Tassell, U.S.A.",kk-joe-jackson-2008-04-05.jpg,49.50,$,"Sec: t, Row: BB, Seat: 109",není k dispozici,"Steppin' Out, Another World, Too Tough, Citizen Sane, Real Men, Goin' Downtown, King Pleasure Time, On Your Radio, Solo (So Low), The Uptown Train, Obvious Song, Reelin' In the Years, It's Different for Girls, Take It Like a Man, One More Time, A Place in the Rain, You Can't Get What You Want (Till You Know What You Want), Is She Really Going Out With Him?, A Slow Song",19,https://www.setlist.fm/setlist/joe-jackson/2008/calvin-theatre-northampton-ma-6be22ec6.html,kk-joe-jackson-2008-04-05.jpg,tickets
TICKET_0532,konzert-joe-jackson-2008.html,RAIN Tour 2008,9th April 2008,"9th April 2008 - Red Bank, NJ, U.S.A. - Count Basie Theatre","Gert Schaumlöffel, Germany",kk-joe-jackson-2008-04-09.jpg,525.00,není k dispozici,"ROW: hcadbie, SEAT: SALE",není k dispozici,"Steppin' Out, Invisible Man, Real Men, Wasted Time, The Uptown Train, Goin' Downtown, Stranger Than Fiction, On Your Radio, Be My Number Two, Solo (So Low), Rush Across the Road, Awkward Age, Dirty Martini, It's Different for Girls, Good Bad Boy, You Can't Get What You Want (Till You Know What You Want), One More Time, Don't Get Around Much Anymore, Is She Really Going Out With Him?, A Slow Song",20,https://www.setlist.fm/setlist/joe-jackson/2008/count-basie-theatre-red-bank-nj-1bcc796c.html,kk-joe-jackson-2008-04-09.jpg,tickets
TICKET_0533,konzert-joe-jackson-2008.html,RAIN Tour 2008,12th April 2008,"12th April 2008 - Kingston, NY, U.S.A. - Ulster Performing Arts Center","Gert Schaumlöffel, Germany",kk-joe-jackson-2008-04-12.jpg,není k dispozici,není k dispozici,"Sec: tion, Seat: Aadmission, sEc: tiorfai7, Row: SEAT",není k dispozici,"Steppin' Out, Invisible Man, Another World, Too Tough, Not Here, Not Now, Frank & Ava, Goin' Downtown, The Uptown Train, On Your Radio, Be My Number Two, Solo (So Low), Rush Across the Road, Reelin' In the Years, It's Different for Girls, Good Bad Boy, One More Time, Blaze of Glory, You Can't Get What You Want (Till You Know What You Want), Is She Really Going Out With Him?, A Slow Song",20,https://www.setlist.fm/setlist/joe-jackson/2008/ulster-performing-arts-centre-kingston-ny-5b8efb58.html,kk-joe-jackson-2008-04-12.jpg,tickets
TICKET_0534,konzert-joe-jackson-2008.html,RAIN Tour 2008,15th April 2008,"15th April 2008 - New York, NY, U.S.A. - Apollo Theater","John Nyman, U.S.A.",kk-joe-jackson-2008-04-15.jpg,není k dispozici,není k dispozici,Sec: ton,není k dispozici,"Steppin' Out, Invisible Man, Too Tough, Not Here, Not Now, Dirty Martini, Cancer, King Pleasure Time, On Your Radio, Solo (So Low), The Uptown Train, Knowing Me, Knowing You, Chinatown, It's Different for Girls, Good Bad Boy, One More Time, A Place in the Rain, You Can't Get What You Want (Till You Know What You Want), Is She Really Going Out With Him?, A Slow Song",19,https://www.setlist.fm/setlist/joe-jackson/2008/apollo-theater-new-york-ny-2bcc2cfe.html,kk-joe-jackson-2008-04-15.jpg,tickets
TICKET_0535,konzert-joe-jackson-2008.html,RAIN Tour 2008,16th April 2008,"16th April 2008 - New York, NY, U.S.A. - The Town Hall - John Nyman, U.S.A.","Gert Schaumlöffel, Germany","kk-joe-jackson-2008-04-16.jpg, kk-joe-jackson-2008-04-16-2.jpg",75.00,není k dispozici,"sec: tion, Seat: Admission",není k dispozici,"Steppin' Out, Invisible Man, Goin' Downtown, Wasted Time, Rush Across the Road, Frank & Ava, Stranger Than Fiction, On Your Radio, Solo (So Low), The Uptown Train, Chinatown / Caravan, Scary Monsters (and Super Creeps), It's Different for Girls, Good Bad Boy, One More Time, A Place in the Rain, You Can't Get What You Want (Till You Know What You Want), Is She Really Going Out With Him?, A Slow Song",19,https://www.setlist.fm/setlist/joe-jackson/2008/the-town-hall-new-york-ny-3bdf186c.html,"kk-joe-jackson-2008-04-16.jpg, kk-joe-jackson-2008-04-16-2.jpg",tickets
TICKET_0536,konzert-joe-jackson-2008.html,RAIN Tour 2008,20th April 2008,"20th April 2008 - Ann Arbor, MI, U.S.A. - Michigan Theater","Gert Schaumlöffel, Germany",kk-joe-jackson-2008-04-20.jpg,není k dispozici,není k dispozici,SEC: TION,není k dispozici,"Steppin' Out, Invisible Man, Goin' Downtown, Breaking Us in Two, Wasted Time, The Uptown Train, Chinatown, On Your Radio, Solo (So Low), Rush Across the Road, Inbetweenies, Awkward Age, It's Different for Girls, Good Bad Boy, You Can't Get What You Want (Till You Know What You Want), One More Time, Don't Get Around Much Anymore, Is She Really Going Out With Him?, A Slow Song",19,https://www.setlist.fm/setlist/joe-jackson/2008/michigan-theatre-ann-arbor-mi-bdbc51a.html,kk-joe-jackson-2008-04-20.jpg,tickets
TICKET_0537,konzert-joe-jackson-2008.html,RAIN Tour 2008,24th April 2008,"24th April 2008 - Chicago, IL, U.S.A. Vic Theatre","Erica Eisner Kosova, U.S.A.",kk-joe-jackson-2008-04-24.jpg,není k dispozici,není k dispozici,není k dispozici,není k dispozici,"Steppin' Out, Invisible Man, Real Men, Rush Across the Road, Awkward Age, Stranger Than Fiction, King Pleasure Time, On Your Radio, Solo (So Low), The Uptown Train, Chinatown, Knowing Me, Knowing You, It's Different for Girls, Good Bad Boy, You Can't Get What You Want (Till You Know What You Want), One More Time, Dirty Love, Is She Really Going Out With Him?, A Slow Song",19,https://www.setlist.fm/setlist/joe-jackson/2008/vic-theatre-chicago-il-53ca9f49.html,kk-joe-jackson-2008-04-24.jpg,tickets
TICKET_0538,konzert-joe-jackson-2008.html,RAIN Tour 2008,1st May 2008,"1st May 2008 - Boulder, CO, U.S.A. - Boulder Theater","Patrick Sullivan, U.S.A.",kk-joe-jackson-2008-05-01.jpg,není k dispozici,není k dispozici,není k dispozici,není k dispozici,"Steppin' Out, Invisible Man, Wasted Time, The Uptown Train, Good Bad Boy, Is She Really Going Out With Him?, You Can't Get What You Want (Till You Know What You Want), One More Time",8,https://www.setlist.fm/setlist/joe-jackson/2008/boulder-theater-boulder-co-be5154a.html,kk-joe-jackson-2008-05-01.jpg,tickets
TICKET_0539,konzert-joe-jackson-2008.html,RAIN Tour 2008,5th May 2008,"5th May 2008 - Vancouver, Canada - Chan Shun Concert Hall","Richard Sheehy, Canada",kk-joe-jackson-2008-05-05.jpg,7.30,není k dispozici,není k dispozici,není k dispozici,"Steppin' Out, Too Tough, Citizen Sane, Goin' Downtown, Wasted Time, Another World, Dirty Martini, On Your Radio, Solo (So Low), The Uptown Train, Scary Monsters (and Super Creeps), It's Different for Girls, Good Bad Boy, You Can't Get What You Want (Till You Know What You Want), One More Time, Don't Get Around Much Anymore, Is She Really Going Out With Him?, A Slow Song",18,https://www.setlist.fm/setlist/joe-jackson/2008/chan-centre-for-performing-arts-vancouver-bc-canada-5b8efb4c.html,kk-joe-jackson-2008-05-05.jpg,tickets
TICKET_0540,konzert-joe-jackson-2008.html,RAIN Tour 2008,11th May 2008,"11th May 2008 - San Diego, CA, U.S.A. - Humphreys","Jenniffer Woodson, U.S.A.",kk-joe-jackson-2008-05-11.jpg,7.30,není k dispozici,"SEC: A3, SEC: TION, SEC: TION, sEc: tio7, SEC: A3",není k dispozici,"Be My Number Two, Another World, Too Tough, Citizen Sane, Wasted Time, It's Different for Girls, Goin' Downtown, On Your Radio, Solo (So Low), Steppin' Out, Awkward Age, Reelin' In the Years, Good Bad Boy, You Can't Get What You Want (Till You Know What You Want), One More Time, Is She Really Going Out With Him?, A Slow Song",17,https://www.setlist.fm/setlist/joe-jackson/2008/humphreys-san-diego-ca-3ff21b7.html,kk-joe-jackson-2008-05-11.jpg,tickets
TICKET_0541,konzert-joe-jackson-2008.html,RAIN Tour 2008,13th May 2008,"13th May 2008 - Los Angeles, CA, U.S.A. - Orpheum Theatre","Jenniffer Woodson, U.S.A.",kk-joe-jackson-2008-05-13.jpg,není k dispozici,není k dispozici,"Sec: ton, Row: Eox, SeC: tion, ROw: MC, SEAT: Uc",není k dispozici,"Steppin' Out, Invisible Man, Not Here, Not Now, Rush Across the Road, Dirty Martini, Stranger Than Fiction, On Your Radio, Solo (So Low), The Uptown Train, Chinatown / Caravan, Scary Monsters (and Super Creeps), It's Different for Girls, Good Bad Boy, You Can't Get What You Want (Till You Know What You Want), One More Time, A Place in the Rain, Is She Really Going Out With Him?, A Slow Song",18,https://www.setlist.fm/setlist/joe-jackson/2008/orpheum-theatre-los-angeles-ca-bc2417e.html,kk-joe-jackson-2008-05-13.jpg,tickets
TICKET_0542,konzert-joe-jackson-2008.html,RAIN Tour 2008,20th May 2008,"20th May 2008 - Brisbane, Australia - Convention Centre","Anna (Nineteen forever), Australia",kk-joe-jackson-2008-05-20.jpg,8.00,není k dispozici,Sec: tio,není k dispozici,"Steppin' Out, Invisible Man, Wasted Time, Real Men, Goin' Downtown, King Pleasure Time, On Your Radio, Solo (So Low), The Uptown Train, Chinatown, Scary Monsters (and Super Creeps), It's Different for Girls, You Can't Get What You Want (Till You Know What You Want), One More Time, A Place in the Rain, Don't Get Around Much Anymore, Is She Really Going Out With Him?, A Slow Song",18,https://www.setlist.fm/setlist/joe-jackson/2008/brisbane-convention-centre-brisbane-australia-6bf4964e.html,kk-joe-jackson-2008-05-20.jpg,tickets
TICKET_0543,konzert-joe-jackson-2008.html,RAIN Tour 2008,3rd June 2008,"3rd June 2008 - Johannesburg, South Africa - Teatro Montecasino No concert this day ... sold in error !","Ian Bowes, South Africa",kk-joe-jackson-2008-06-03.jpg,není k dispozici,není k dispozici,není k dispozici,není k dispozici,není k dispozici,0,není k dispozici,kk-joe-jackson-2008-06-03.jpg,tickets
TICKET_0544,konzert-joe-jackson-2008.html,RAIN Tour 2008,4th June 2008,"4th June 2008 - Johannesburg, South Africa - Teatro Montecasino","Ian Bowes, South Africa",kk-joe-jackson-2008-06-04.jpg,19.00,není k dispozici,není k dispozici,není k dispozici,"Home Town, Steppin' Out, Invisible Man, Breaking Us in Two, Wasted Time, Stranger Than Fiction, King Pleasure Time, On Your Radio, Be My Number Two, Solo (So Low), The Uptown Train, Chinatown, Scary Monsters (and Super Creeps), It's Different for Girls, You Can't Get What You Want (Till You Know What You Want), One More Time, A Place in the Rain, Don't Get Around Much Anymore, Is She Really Going Out With Him?, A Slow Song",20,https://www.setlist.fm/setlist/joe-jackson/2008/teatro-montecasino-johannesburg-south-africa-be1b11e.html,kk-joe-jackson-2008-06-04.jpg,tickets
TICKET_0545,konzert-joe-jackson-2008.html,RAIN Tour 2008,5th June 2008,"5th June 2008 - Johannesburg, South Africa - Teatro Montecasino","Ian Bowes, South Africa",kk-joe-jackson-2008-06-05.jpg,19.00,není k dispozici,není k dispozici,není k dispozici,"Be My Number Two, Another World, Too Tough, Citizen Sane, Real Men, Rush Across the Road, Fools in Love / For Your Love, On Your Radio, Solo (So Low), Steppin' Out, The Uptown Train, Knowing Me, Knowing You, It's Different for Girls, Good Bad Boy, You Can't Get What You Want (Till You Know What You Want), One More Time, Is She Really Going Out With Him?, A Slow Song",18,https://www.setlist.fm/setlist/joe-jackson/2008/teatro-montecasino-johannesburg-south-africa-438efb0f.html,kk-joe-jackson-2008-06-05.jpg,tickets
TICKET_0546,konzert-joe-jackson-2008.html,RAIN Tour 2008,7th June 2008,"7th June 2008 - Cape Town, South Africa - Grand Arena, GrandWest","Ian Bowes, South Africa",kk-joe-jackson-2008-06-07.jpg,20.00,není k dispozici,není k dispozici,není k dispozici,"Steppin' Out, Invisible Man, Real Men, Wasted Time, Goin' Downtown, Fools in Love / For Your Love, King Pleasure Time, On Your Radio, Be My Number Two, Solo (So Low), The Uptown Train, Chinatown, Scary Monsters (and Super Creeps), It's Different for Girls, You Can't Get What You Want (Till You Know What You Want), One More Time, A Place in the Rain, Is She Really Going Out With Him?, A Slow Song",19,https://www.setlist.fm/setlist/joe-jackson/2008/grand-arena-cape-town-south-africa-538efb0d.html,kk-joe-jackson-2008-06-07.jpg,tickets
TICKET_0547,konzert-joe-jackson-2008.html,RAIN Tour 2008,16th June 2008,"16th June 2008 - Wolverhampton, U.K. - Civic Hall","Mike Baggaley, U.K.",kk-joe-jackson-2008-06-16.jpg,není k dispozici,není k dispozici,není k dispozici,SPECIAL GUESTS,není k dispozici,0,https://www.setlist.fm/setlist/joe-jackson/2008/civic-hall-wolverhampton-U.K.-53ea2b49.html,kk-joe-jackson-2008-06-16.jpg,tickets
TICKET_0548,konzert-joe-jackson-2008.html,RAIN Tour 2008,19th June 2008,"19th June 2008 - Manchester, U.K. - Bridgewater Hall - Mike Baggaley, U.K. - 19th June 2008 - Manchester, U.K. - Bridgewater Hall --- Ticket with special folder ---","Nick Gould, U.K.","kk-joe-jackson-2008-06-19.jpg, kk-joe-jackson-2008-06-19-folder.jpg",25.00,není k dispozici,Seat: D,SHELBY LYNNE,není k dispozici,0,https://www.setlist.fm/setlist/joe-jackson/2008/the-bridgewater-hall-manchester-U.K.-63cd2243.html,"kk-joe-jackson-2008-06-19.jpg, kk-joe-jackson-2008-06-19-folder.jpg",tickets
TICKET_0549,konzert-joe-jackson-2008.html,RAIN Tour 2008,21st June 2008,"21st June 2008 - Edinburgh, Scotland - The Queenshall","Gert Schaumlöffel, Germany","kk-joe-jackson-2008-06-21.jpg, kk-joe-jackson-2008-06-21-online.jpg",28.25,není k dispozici,SEAT: 34,není k dispozici,"Be My Number Two, Steppin' Out, Invisible Man, Goin' Downtown, Fools in Love / For Your Love, The Uptown Train, King Pleasure Time, On Your Radio, Solo (So Low), Wasted Time, Stranger Than Fiction, Scary Monsters (and Super Creeps), It's Different for Girls, You Can't Get What You Want (Till You Know What You Want), One More Time, A Place in the Rain, Don't Get Around Much Anymore, Is She Really Going Out With Him?, A Slow Song",19,https://www.setlist.fm/setlist/joe-jackson/2008/the-queens-hall-edinburgh-scotland-439dfb8b.html,"kk-joe-jackson-2008-06-21.jpg, kk-joe-jackson-2008-06-21-online.jpg",tickets
TICKET_0550,konzert-joe-jackson-2008.html,RAIN Tour 2008,22nd June 2008,"Gert Schaumlöffel, Germany - 22nd June 2008 - London, U.K. - Cadogan Hall - 22nd June 2008 - London, U.K. - Cadogan Hall - Julian Stanyer, U.K.","Steve Whitbread, U.K.","kk-joe-jackson-2008-06-22-3.jpg, kk-joe-jackson-2008-06-22.jpg, kk-joe-jackson-2008-06-22-2.jpg",28.50,není k dispozici,není k dispozici,Special Guests,"Be My Number Two, Steppin' Out, Invisible Man, Not Here, Not Now, Goin' Downtown, The Uptown Train, Fools in Love / For Your Love, On Your Radio, Solo (So Low), Wasted Time, Reelin' In the Years, Good Bad Boy, It's Different for Girls, You Can't Get What You Want (Till You Know What You Want), One More Time, A Place in the Rain, What’s the Use of Getting Sober (When You’re Gonna Get Drunk Again)?, Is She Really Going Out With Him?, A Slow Song",19,https://www.setlist.fm/setlist/joe-jackson/2008/cadogan-hall-london-U.K.-63f37a43.html,"kk-joe-jackson-2008-06-22-3.jpg, kk-joe-jackson-2008-06-22.jpg, kk-joe-jackson-2008-06-22-2.jpg",tickets
TICKET_0551,konzert-joe-jackson-2008.html,RAIN Tour 2008,2nd July 2008,"2nd July 2008 - Freiburg, Germany - Festivalgelände am Mundenhof","Jürgen Haberer, Germany",kk-joe-jackson-2008-07-02.jpg,0.00,EUR,Reihe: Platz,Graham Maby and Dave Houghton,"Not Here, Not Now, Fools in Love / For Your Love, The Uptown Train, Steppin' Out, Invisible Man, King Pleasure Time, Take It Like a Man, On Your Radio, Solo (So Low), Rush Across the Road, Goin' Downtown, Scary Monsters (and Super Creeps), It's Different for Girls, You Can't Get What You Want (Till You Know What You Want), One More Time, A Place in the Rain, Don't Get Around Much Anymore, Is She Really Going Out With Him?, A Slow Song",19,https://www.setlist.fm/setlist/joe-jackson/2008/mundenhof-gelande-freiburg-germany-73f29299.html,kk-joe-jackson-2008-07-02.jpg,tickets
TICKET_0552,konzert-joe-jackson-2008.html,RAIN Tour 2008,9th July 2008,"9th July 2008 - Kassel, Germany - Kulturzelt","Gert Schaumlöffel, Germany",kk-joe-jackson-2008-07-09.jpg,19.30,není k dispozici,není k dispozici,není k dispozici,"Home Town, Steppin' Out, Too Tough, Citizen Sane, Real Men, Goin' Downtown, King Pleasure Time, On Your Radio, Solo (So Low), The Uptown Train, Knowing Me, Knowing You, Obvious Song, It's Different for Girls, You Can't Get What You Want (Till You Know What You Want), One More Time, A Place in the Rain, Dirty Love, Is She Really Going Out With Him?, A Slow Song",19,https://www.setlist.fm/setlist/joe-jackson/2008/kulturzelt-kassel-germany-63d5963f.html,kk-joe-jackson-2008-07-09.jpg,tickets
TICKET_0553,konzert-joe-jackson-2008.html,RAIN Tour 2008,5th November 2008,"5th November 2008 - Tarrytown, NY, U.S.A. - Music Hall","Gert Schaumlöffel, Germany",kk-joe-jackson-2008-11-05.jpg,není k dispozici,není k dispozici,není k dispozici,není k dispozici,není k dispozici,0,https://www.setlist.fm/setlist/joe-jackson/2008/tarrytown-music-hall-tarrytown-ny-438efbdf.html,kk-joe-jackson-2008-11-05.jpg,tickets
TICKET_0554,konzert-joe-jackson-2008.html,RAIN Tour 2008,7th November 2008,"7th November 2008 - New York, NY, U.S.A. - Grand Ballroom at Manhattan Center - Computer printed ticket - Scanner code is destroyed","John Nyman, U.S.A.",kk-joe-jackson-2008-11-07.jpg,75.00,není k dispozici,"SEC: TION, ROW: SEAT",není k dispozici,"Not Here, Not Now, Fools in Love / For Your Love, Too Tough, Citizen Sane, Still Alive, Take It Like a Man, The Uptown Train, It's Different for Girls, On Your Radio, Solo (So Low), Steppin' Out, Inbetweenies, Good Bad Boy, You Can't Get What You Want (Till You Know What You Want), One More Time, A Place in the Rain, Yeh, Yeh, Is She Really Going Out With Him?, A Slow Song",19,https://www.setlist.fm/setlist/joe-jackson/2008/the-grand-ballroom-at-manhattan-center-new-york-ny-538efbd1.html,kk-joe-jackson-2008-11-07.jpg,tickets
TICKET_0555,konzert-joe-jackson-2008.html,RAIN Tour 2008,15th November 2008,"15th November 2008 - Miami Beach, FL, U.S.A. - The Fillmore at the Jackie Gleason Theater","David Gartner, U.S.A.",kk-joe-jackson-2008-11-15.jpg,3.37,není k dispozici,"SEC: TION, Row: SEAT",není k dispozici,"Steppin' Out, Too Tough, Citizen Sane, Fools in Love / For Your Love, Still Alive, Goin' Downtown, King Pleasure Time, On Your Radio, Solo (So Low), The Uptown Train, Chinatown, It's Different for Girls, You Can't Get What You Want (Till You Know What You Want), One More Time, A Place in the Rain, Don't Get Around Much Anymore, Is She Really Going Out With Him?, A Slow Song",18,https://www.setlist.fm/setlist/joe-jackson/2008/the-fillmore-miami-beach-at-jackie-gleason-theater-miami-beach-fl-43da2fd7.html,kk-joe-jackson-2008-11-15.jpg,tickets
TICKET_0556_a,konzert-joe-jackson-2008.html,RAIN Tour 2008,2008,2008 - Tourpass,"Gert Schaumlöffel, Germany",kk-joe-jackson-2008-pass-1.jpg,není k dispozici,není k dispozici,není k dispozici,není k dispozici,není k dispozici,0,není k dispozici,kk-joe-jackson-2008-pass-1.jpg,passes
TICKET_0556_b,konzert-joe-jackson-2008.html,RAIN Tour 2008,2008,2008 - Tourpass,"Gert Schaumlöffel, Germany",kk-joe-jackson-2008-pass-2.jpg,není k dispozici,není k dispozici,není k dispozici,není k dispozici,není k dispozici,0,není k dispozici,kk-joe-jackson-2008-pass-2.jpg,passes
TICKET_0556_c,konzert-joe-jackson-2008.html,RAIN Tour 2008,2008,2008 - Tourpass,"Gert Schaumlöffel, Germany",kk-joe-jackson-2008-pass-3.jpg,není k dispozici,není k dispozici,není k dispozici,není k dispozici,není k dispozici,0,není k dispozici,kk-joe-jackson-2008-pass-3.jpg,passes
TICKET_0557,konzert-joe-jackson-1998.html,Tour 1998,3rd February 1998,"3rd February 1998 - Seattle, WA, U.S.A. - Moore Theatre","Gert Schaumlöffel, Germany",kk-joe-jackson-1998-02-03.jpg,32.56,není k dispozici,"SEAT: J, SeAT: TLE",není k dispozici,není k dispozici,0,https://www.setlist.fm/setlist/joe-jackson/1998/the-moore-theatre-seattle-wa-6be142e6.html,kk-joe-jackson-1998-02-03.jpg,tickets
TICKET_0558,konzert-joe-jackson-1998.html,Tour 1998,15th February 1998,"15th February 1998 - Saint Paul, MN, U.S.A. - The O'Shaughnessy","Ian Bowes, South Africa",kk-joe-jackson-1998-02-15.jpg,není k dispozici,není k dispozici,"SEC: TIONARISLE, SEAT: TAXINCLUDED, ROW: BOX",není k dispozici,není k dispozici,0,https://www.setlist.fm/setlist/joe-jackson/1998/oshaughnessy-auditorium-st-paul-mn-5b8eff48.html,kk-joe-jackson-1998-02-15.jpg,tickets
TICKET_0559,konzert-joe-jackson-1998.html,Tour 1998,29th March 1998,"29th March 1998 - München (Munich), Germany - Prinzregententheater","Robert Keller, Germany",kk-joe-jackson-1998-03-29.jpg,9.98,není k dispozici,"Reihe: JOE, Platz: 645",není k dispozici,není k dispozici,0,https://www.setlist.fm/setlist/joe-jackson/1998/prinzregententheater-munich-germany-53edf7fd.html,kk-joe-jackson-1998-03-29.jpg,tickets
TICKET_0560,konzert-joe-jackson-1998.html,Tour 1998,30th March 1998,"30th March 1998 - Köln (Cologne), Germany - Grzenich","Gert Schaumlöffel, Germany",kk-joe-jackson-1998-03-30.jpg,76.80,není k dispozici,Reihe: Platz,není k dispozici,"Is She Really Going Out With Him? / It's Different for Girls, Real Men, Be My Number Two, You Can't Get What You Want / Eleanor Rigby, Home Town, The Human Touch, Stranger Than Fiction, Ever After, Prelude, Fugue 1/More Is More, Angel, Tuzla, Passacaglia/A Bud and a Slice, Right, The Bridge, Fugue 2/Song of Daedalus, Steppin' Out, A Slow Song",18,https://www.setlist.fm/setlist/joe-jackson/1998/gurzenich-cologne-germany-1bed89ac.html,kk-joe-jackson-1998-03-30.jpg,tickets
TICKET_0561,konzert-joe-jackson-1998.html,Tour 1998,1st April 1998,"1st April 1998 - Berlin, Germany - Hochschule der Künste","Björn Krüger, Germany",kk-bk-017.jpg,1.50,není k dispozici,Reihe: Platz,není k dispozici,"Is She Really Going Out With Him? / It's Different for Girls, Real Men, Nineteen Forever, Stranger Than Fiction, Be My Number Two, You Can't Get What You Want / Eleanor Rigby, Home Town, Ever After, Prelude, Fugue 1/More Is More, Angel, Tuzla, Passacaglia/A Bud and a Slice, Right, The Bridge, Fugue 2/Song of Daedalus, Steppin' Out, A Slow Song",18,https://www.setlist.fm/setlist/joe-jackson/1998/hochschule-der-kunste-berlin-germany-43edf7eb.html,kk-bk-017.jpg,tickets
TICKET_0562,konzert-joe-jackson-1998.html,Tour 1998,13th April 1998,"13th April 1998 - Groningen, Netherlands -  De Oosterpoort","Johan Gerlach, Netherlands",kk-joe-jackson-1998-04-13.jpg,51.75,není k dispozici,rang: stoel,není k dispozici,není k dispozici,0,https://www.setlist.fm/setlist/joe-jackson/1998/de-oosterpoort-groningen-netherlands-2beff0c6.html,kk-joe-jackson-1998-04-13.jpg,tickets
TICKET_0563,konzert-joe-jackson-2005.html,Todd Rundgren Forum - Mockpo,13th April 2005,"13th April 2005 - Melbourne, FL, U.S.A. - King Center",Todd Rundgren Forum - Mockpo,kk-trf-01.jpg,není k dispozici,není k dispozici,není k dispozici,není k dispozici,"Home Town, Steppin' Out, Awkward Age, Take It Like a Man, Be My Number Two, Obvious Song, Love at First Light, Girl, Citizen Sane, Is She Really Going Out With Him?, It's Different for Girls, Real Men",12,https://www.setlist.fm/setlist/joe-jackson/2005/maxwell-c-king-center-for-the-performing-arts-melbourne-fl-7b843e2c.html,kk-trf-01.jpg,tickets
TICKET_0564,konzert-joe-jackson-2005.html,Todd Rundgren Forum - Mockpo,15th April 2005,"15th April 2005 - Clearwater, FL, U.S.A. Ruth Eckerd Hall","Gert Schaumlöffel, Germany",kk-joe-jackson-2005-04-15.jpg,není k dispozici,není k dispozici,SEAT: 25,není k dispozici,není k dispozici,0,https://www.setlist.fm/setlist/joe-jackson/2005/ruth-eckerd-hall-clearwater-fl-238570fb.html,kk-joe-jackson-2005-04-15.jpg,tickets
TICKET_0565,konzert-joe-jackson-2005.html,Todd Rundgren Forum - Mockpo,16th April 2005,"16th April 2005 - Pompano Beach, FL, U.S.A. - Pompano Beach Amphitheatre","Lisa Caplan, U.S.A.",kk-joe-jackson-2005-04-16.jpg,není k dispozici,není k dispozici,"SEC: MoN, ROW: IBOY, SEC: nONIAIJLE",není k dispozici,"Home Town, Steppin' Out, Awkward Age, Take It Like a Man, It's Different for Girls, Obvious Song, Girl, Be My Number Two, Love at First Light, Citizen Sane, Is She Really Going Out With Him?",11,https://www.setlist.fm/setlist/joe-jackson/2005/pompano-beach-amphitheater-pompano-beach-fl-6bc0464a.html,kk-joe-jackson-2005-04-16.jpg,tickets
TICKET_0566,konzert-joe-jackson-2005.html,Todd Rundgren Forum - Mockpo,23th April 2005,"23th April 2005 - Baltimore, MD, U.S.A. -  Rams Head Live","Richard Roys, U.S.A.",kk-joe-jackson-2005-04-23.jpg,není k dispozici,není k dispozici,není k dispozici,není k dispozici,"Home Town, Steppin' Out, Awkward Age, Take It Like a Man, It's Different for Girls, Obvious Song, Be My Number Two, Love at First Light, Girl, Citizen Sane, Is She Really Going Out With Him?, Real Men",12,https://www.setlist.fm/setlist/joe-jackson/2005/rams-head-live-baltimore-md-13f7095d.html,kk-joe-jackson-2005-04-23.jpg,tickets
TICKET_0567,konzert-joe-jackson-2005.html,Todd Rundgren Forum - Mockpo,29th April 2005,"29th April 2005 - New Brunswick, NJ, U.S.A. - State Theatre","John Nyman, U.S.A.",kk-jn-22.jpg,58.00,$,Seat: 10,není k dispozici,"Home Town, Steppin' Out, Awkward Age, Take It Like a Man, It's Different for Girls, Obvious Song, Love at First Light, Girl, Be My Number Two, Citizen Sane, Is She Really Going Out With Him?, The Other Me",12,https://www.setlist.fm/setlist/joe-jackson/2005/state-theatre-new-brunswick-nj-4384d7ab.html,kk-jn-22.jpg,tickets
TICKET_0568,konzert-joe-jackson-2005.html,Todd Rundgren Forum - Mockpo,30th April 2005,"30th April 2005 Mashantucket, CT, U.S.A. - Foxwoods Casino",Todd Rundgren Forum - MikeB,kk-trf-03.jpg,není k dispozici,není k dispozici,není k dispozici,není k dispozici,"Home Town, Steppin' Out, Awkward Age, Take It Like a Man, It's Different for Girls, Obvious Song, Love at First Light, Life on Mars?, Be My Number Two, Citizen Sane, Is She Really Going Out With Him?",11,https://www.setlist.fm/setlist/joe-jackson/2005/fox-theater-mashantucket-ct-6bf70e82.html,kk-trf-03.jpg,tickets
TICKET_0569,konzert-joe-jackson-2005.html,Todd Rundgren Forum - Mockpo,3rd May 2005,"3rd May 2005 - Cleveland, OH, U.S.A. - Playhouse Square Center","Henri Dessauvagie, NL",kk-hd-01.jpg,42.00,není k dispozici,není k dispozici,Ethel,není k dispozici,0,https://www.setlist.fm/setlist/joe-jackson/2005/allen-theatre-cleveland-oh-63d532af.html,kk-hd-01.jpg,tickets
TICKET_0570,konzert-joe-jackson-2005.html,Todd Rundgren Forum - Mockpo,3rd May 2005,"3rd May 2005 - Cleveland, OH, U.S.A. - Playhouse Square Center","Steve Whitbread, U.K.",kk-joe-jackson-2005-05-03.jpg,42.00,není k dispozici,není k dispozici,Ethel,není k dispozici,0,https://www.setlist.fm/setlist/joe-jackson/2005/allen-theatre-cleveland-oh-63d532af.html,kk-joe-jackson-2005-05-03.jpg,tickets
TICKET_0571,konzert-joe-jackson-2005.html,Todd Rundgren Forum - Mockpo,13th May 2005,"13th May 2005 - Milwaukee, WI, U.S.A. - Pabst Theater","Gert Schaumlöffel, Germany",kk-joe-jackson-2005-05-13.jpg,46.58,není k dispozici,není k dispozici,Joe Jackson and Todd Rundgren,není k dispozici,0,https://www.setlist.fm/setlist/joe-jackson/2005/pabst-theater-milwaukee-wi-338ef8e1.html,kk-joe-jackson-2005-05-13.jpg,tickets
TICKET_0572,konzert-joe-jackson-2005.html,Todd Rundgren Forum - Mockpo,14th May 2005,"14th May 2005 - Chicago, IL, U.S.A. Cadillac Palace Theatre","Erica Eisner Kosova, U.S.A.",kk-joe-jackson-2005-05-14.jpg,50.00,není k dispozici,není k dispozici,není k dispozici,není k dispozici,0,https://www.setlist.fm/setlist/joe-jackson/2005/cadillac-palace-chicago-il-5bf2bb98.html,kk-joe-jackson-2005-05-14.jpg,tickets
TICKET_0573,konzert-joe-jackson-2005.html,Todd Rundgren Forum - Mockpo,17th May 2005,"17th May 2005 - Los Angeles, CA, U.S.A. - Wilshire Theatre","Jenniffer Woodson, U.S.A.",kk-jw-01.jpg,není k dispozici,není k dispozici,"Sec: wonlisle, Seat: oaaaso, sEC: TION8",není k dispozici,"Home Town, Steppin' Out, Awkward Age, Take It Like a Man, It's Different for Girls, Obvious Song, Love at First Light, Hello, Hello, Who's Your Lady Friend?, Citizen Sane, Is She Really Going Out With Him?, The Other Me",11,https://www.setlist.fm/setlist/joe-jackson/2005/wilshire-theatre-beverly-hills-beverly-hills-ca-6bc2460a.html,kk-jw-01.jpg,tickets
TICKET_0574,konzert-joe-jackson-2005.html,Todd Rundgren Forum - Mockpo,30th May 2005,"30th May 2005 - Portsmouth, U.K. - The Guildhall","Martin Ayling, U.K.",kk-joe-jackson-2005-05-30.jpg,není k dispozici,není k dispozici,není k dispozici,Ethel,není k dispozici,0,https://www.setlist.fm/setlist/joe-jackson/2005/portsmouth-guildhall-portsmouth-U.K.-2b8ef8da.html,kk-joe-jackson-2005-05-30.jpg,tickets
TICKET_0575,konzert-joe-jackson-2005.html,Todd Rundgren Forum - Mockpo,5th June 2005,"5th June 2005 - London, U.K. - Hammersmith Apollo","Steve Whitbread, U.K.",kk-joe-jackson-2005-06-05.jpg,25.00,není k dispozici,SEAT: 44,není k dispozici,"Home Town, Steppin' Out, Awkward Age, Take It Like a Man, It's Different for Girls, On Your Radio, Love at First Light, Hello, Hello, Who's Your Lady Friend?, Drowning, Citizen Sane, Is She Really Going Out With Him?",11,https://www.setlist.fm/setlist/joe-jackson/2005/carling-apollo-hammersmith-london-U.K.-7bdbc67c.html,kk-joe-jackson-2005-06-05.jpg,tickets
TICKET_0576,konzert-joe-jackson-2005.html,Todd Rundgren Forum - Mockpo,6th June 2005,"6th June 2005 - Gateshead, U.K. - The Sage","Gert Schaumlöffel, Germany",kk-joe-jackson-2005-06-06.jpg,není k dispozici,není k dispozici,není k dispozici,není k dispozici,není k dispozici,0,https://www.setlist.fm/setlist/joe-jackson/2005/sage-gateshead-gateshead-U.K.-3b8ef8dc.html,kk-joe-jackson-2005-06-06.jpg,tickets
TICKET_0577,konzert-joe-jackson-2005.html,Todd Rundgren Forum - Mockpo,9th June 2005,"9th June 2005 - Liverpool, U.K. - Philharmonic Hall","Mike Baggaley, U.K.",kk-joe-jackson-2005-06-09.jpg,není k dispozici,není k dispozici,Seat: 5,není k dispozici,"Home Town, Steppin' Out, Awkward Age, Take It Like a Man, It's Different for Girls, On Your Radio, Love at First Light, Hello, Hello, Who's Your Lady Friend?, Drowning, Citizen Sane, Is She Really Going Out With Him?",11,https://www.setlist.fm/setlist/joe-jackson/2005/liverpool-philharmonic-hall-liverpool-U.K.-63cd225f.html,kk-joe-jackson-2005-06-09.jpg,tickets
TICKET_0578,konzert-joe-jackson-2005.html,Todd Rundgren Forum - Mockpo,11th June 2005,"11th June 2005 - Amsterdam, Netherlands - Carré","Henri Dessauvagie, NL",kk-hd-02.jpg,není k dispozici,není k dispozici,není k dispozici,není k dispozici,"Home Town, Steppin' Out, Awkward Age, Take It Like a Man, It's Different for Girls, On Your Radio, Love at First Light, Real Men, Citizen Sane, Is She Really Going Out With Him?",10,https://www.setlist.fm/setlist/joe-jackson/2005/koninklijk-theater-carre-amsterdam-netherlands-53cd1b81.html,kk-hd-02.jpg,tickets
TICKET_0579,konzert-joe-jackson-2005.html,Todd Rundgren Forum - Mockpo,12th June 2005,"12th June 2005 - Amsterdam, Netherlands - Carré","Henri Dessauvagie, NL",kk-hd-03.jpg,20.00,není k dispozici,není k dispozici,není k dispozici,"Home Town, Steppin' Out, Awkward Age, Take It Like a Man, It's Different for Girls, On Your Radio, Love at First Light, Drowning, Citizen Sane, Is She Really Going Out With Him?",10,https://www.setlist.fm/setlist/joe-jackson/2005/koninklijk-theater-carre-amsterdam-netherlands-23d24077.html,kk-hd-03.jpg,tickets
TICKET_0580,konzert-joe-jackson-2005.html,Todd Rundgren Forum - Mockpo,14th June 2005,"14th June 2005 - Paris, France -  Bataclan","Hubert Duhautois, France",kk-hudu-03.jpg,40.50,EUR,není k dispozici,není k dispozici,není k dispozici,0,https://www.setlist.fm/setlist/joe-jackson/2005/le-bataclan-paris-france-3b8ef8d4.html,kk-hudu-03.jpg,tickets
TICKET_0581,konzert-joe-jackson-2005.html,Todd Rundgren Forum - Mockpo,15th June 2005,"15th June 2005 - Paris, France -  Bataclan - Hubert Duhautois, France",Todd Rundgren Forum - lapino,"kk-hudu-04.jpg, kk-trf-02.jpg",40.50,EUR,není k dispozici,není k dispozici,není k dispozici,0,https://www.setlist.fm/setlist/joe-jackson/2005/le-bataclan-paris-france-2b8ef8ca.html,"kk-hudu-04.jpg, kk-trf-02.jpg",tickets
TICKET_0582,konzert-joe-jackson-2005.html,Todd Rundgren Forum - Mockpo,16th June 2005,"16th June 2005 - Bochum, Germany - Jahrhunderthalle","Gert Schaumlöffel, Germany",kk-joe-jackson-2005-06-16.jpg,19.00,není k dispozici,Reihe: Platz,není k dispozici,není k dispozici,0,https://www.setlist.fm/setlist/joe-jackson/2005/jahrhunderthalle-bochum-germany-3edadef.html,kk-joe-jackson-2005-06-16.jpg,tickets
TICKET_0583,konzert-joe-jackson-2005.html,Todd Rundgren Forum - Mockpo,18th June 2005,"18th June 2005 - Brussels, Belgium - Palais des Beaux-Arts","Els Pannecoucque, Belgium",kk-ep-01.jpg,44.00,€,není k dispozici,není k dispozici,není k dispozici,0,https://www.setlist.fm/setlist/joe-jackson/2005/paleis-voor-schone-kunsten-palais-des-beaux-arts-brussels-belgium-33c8e4c9.html,kk-ep-01.jpg,tickets
TICKET_0584,konzert-joe-jackson-2005.html,Todd Rundgren Forum - Mockpo,23rd June 2005,"23rd June 2005 - München (Munich), Germany - Circus Krone","Robert Keller, Germany",kk-joe-jackson-2005-06-23.jpg,23.06,není k dispozici,"Reihe: news, Platz: Tourneeveranstalter",není k dispozici,není k dispozici,0,https://www.setlist.fm/setlist/joe-jackson/2005/circus-krone-munich-germany-13edade1.html,kk-joe-jackson-2005-06-23.jpg,tickets
TICKET_0585,konzert-joe-jackson-2005.html,Todd Rundgren Forum - Mockpo,25th June 2005,"25th June 2005 - Hamburg, Germany - Laeiszhalle (Musikhalle)","Rolf Thalmann, Germany",kk-rt-111.jpg,20.00,není k dispozici,"Platz: saa, Reihe: Platz",není k dispozici,není k dispozici,0,https://www.setlist.fm/setlist/joe-jackson/2005/laeiszhalle-hamburg-germany-bedade6.html,kk-rt-111.jpg,tickets
TICKET_0586,konzert-joe-jackson-2005.html,Todd Rundgren Forum - Mockpo,26th June 2005,"26th June 2005 - Berlin, Germany - Universität der Künste","Björn Krüger, Germany",kk-bk-020.jpg,není k dispozici,není k dispozici,Reihe: Plat,není k dispozici,"Home Town, Steppin' Out, Awkward Age, Take It Like a Man, It's Different for Girls, On Your Radio, Love at First Light, Be My Number Two, Citizen Sane, Is She Really Going Out With Him?",10,https://www.setlist.fm/setlist/joe-jackson/2005/universitat-der-kunste-konzertsaal-berlin-germany-bedadea.html,kk-bk-020.jpg,tickets
TICKET_0587,konzert-joe-jackson-2005.html,Todd Rundgren Forum - Mockpo,26th June 2005,"26th June 2005 - Berlin, Germany - Universität der Künste","Steve Whitbread, U.K.",kk-joe-jackson-2005-06-26.jpg,20.00,není k dispozici,Reihe: Platz,není k dispozici,"Home Town, Steppin' Out, Awkward Age, Take It Like a Man, It's Different for Girls, On Your Radio, Love at First Light, Be My Number Two, Citizen Sane, Is She Really Going Out With Him?",10,https://www.setlist.fm/setlist/joe-jackson/2005/universitat-der-kunste-konzertsaal-berlin-germany-bedadea.html,kk-joe-jackson-2005-06-26.jpg,tickets
TICKET_0588,konzert-joe-jackson-2005.html,Todd Rundgren Forum - Mockpo,4th July 2005,"4th July 2005 - Barcelona, Spain - Barcelona Teatre Musical","Joan Farran, Spain",kk-joe-jackson-barcelona-2005.jpg,24.00,není k dispozici,"RADA: 902, rada: com",není k dispozici,"Home Town, Steppin' Out, Awkward Age, Take It Like a Man, It's Different for Girls, On Your Radio, Love at First Light, Be My Number Two, Citizen Sane, Is She Really Going Out With Him?",10,https://www.setlist.fm/setlist/joe-jackson/2005/barcelona-teatre-musical-barcelona-spain-538e9be5.html,kk-joe-jackson-barcelona-2005.jpg,tickets
TICKET_0589_a,konzert-joe-jackson-2005.html,Todd Rundgren Forum - Mockpo,2005,2005 - Tourpass,"Gert Schaumlöffel, Germany",kk-joe-jackson-2005-pass-1.jpg,není k dispozici,není k dispozici,není k dispozici,není k dispozici,není k dispozici,0,není k dispozici,kk-joe-jackson-2005-pass-1.jpg,passes
TICKET_0589_b,konzert-joe-jackson-2005.html,Todd Rundgren Forum - Mockpo,2005,2005 - Tourpass,"Gert Schaumlöffel, Germany",kk-joe-jackson-2005-pass-2.jpg,není k dispozici,není k dispozici,není k dispozici,není k dispozici,není k dispozici,0,není k dispozici,kk-joe-jackson-2005-pass-2.jpg,passes
TICKET_0590,konzert-joe-jackson-1994.html,NIGHT MUSIC Tour,25th November 1994,"25th November 1994 - Red Bank, NJ, U.S.A. - Count Basie Theatre - Gert Schaumlöffel, Germany","Benjamin Davis, U.S.A.","kk-joe-jackson-1994-11-25.jpg, kk-joe-jackson-1994-11-25-2.jpg",není k dispozici,není k dispozici,Row: SEAT,není k dispozici,není k dispozici,0,https://www.setlist.fm/setlist/joe-jackson/1994/count-basie-theatre-red-bank-nj-5b848f64.html,"kk-joe-jackson-1994-11-25.jpg, kk-joe-jackson-1994-11-25-2.jpg",tickets
TICKET_0591,konzert-joe-jackson-1994.html,NIGHT MUSIC Tour,28th November 1994,"28th November 1994 - New York, NY, U.S.A. - Beacon Theater - 29th November 1994 - New York, NY, U.S.A. - Beacon Theater - Gert Schaumlöffel, Germany","John Nyman, U.S.A.","kk-joe-jackson-1994-11-28.jpg, kk-jn-13.jpg",32.50,není k dispozici,není k dispozici,není k dispozici,"Flying, Home Town, Real Men, Nocturne No. 4, Is She Really Going Out With Him? / It's Different for Girls, The Other Me, Stranger Than Fiction, The Man Who Wrote Danny Boy, Sea of Secrets, Nocturne No. 2, Down to London, Ever After, Lullaby, Only the Future, Another World, Chinatown, Breaking Us in Two, You Can't Get What You Want (Till You Know What You Want), Got the Time, I'm the Man, Steppin' Out",21,https://www.setlist.fm/setlist/joe-jackson/1994/beacon-theatre-new-york-ny-23cdbc9b.html,"kk-joe-jackson-1994-11-28.jpg, kk-jn-13.jpg",tickets
TICKET_0592,konzert-joe-jackson-1994.html,NIGHT MUSIC Tour,5th December 1994,"5th December 1994 - Minneapolis, MN, U.S.A. - Guthrie Theater","Shan Lines, U.S.A.",kk-joe-jackson-1994-12-05.jpg,5.19,není k dispozici,"ROW: 7, SEAT: 315",není k dispozici,není k dispozici,0,https://www.setlist.fm/setlist/joe-jackson/1994/guthrie-theater-minneapolis-mn-1bd52d64.html,kk-joe-jackson-1994-12-05.jpg,tickets
TICKET_0593,konzert-joe-jackson-1994.html,NIGHT MUSIC Tour,6th December 1994,"6th December 1994 - Chicago, IL, U.S.A. - Bismarck","Gert Schaumlöffel, Germany",kk-joe-jackson-1994-12-06.jpg,není k dispozici,není k dispozici,"SEC: 4, SEC: 4, SEC: TIONAISLE, ROW: ECX",není k dispozici,"Flying, Home Town, Real Men, Nocturne No. 4, Is She Really Going Out With Him? / It's Different for Girls, The Other Me, Stranger Than Fiction, The Man Who Wrote Danny Boy, Sea of Secrets, Nocturne No. 2, Down to London, Tango Atlantico, Ever After, Lullaby, Only the Future, Another World, Chinatown, Breaking Us in Two, You Can't Get What You Want (Till You Know What You Want), Got the Time, I'm the Man, Steppin' Out",22,https://www.setlist.fm/setlist/joe-jackson/1994/bismarck-theatre-chicago-il-bd52d5a.html,kk-joe-jackson-1994-12-06.jpg,tickets
TICKET_0594,konzert-joe-jackson-1994.html,NIGHT MUSIC Tour,12th December 1994,"12th December 1994 - San Francisco, CA, U.S.A. - The Warfield","Gert Schaumlöffel, Germany",kk-gs-joe-jackson-1994-12-12.jpg,není k dispozici,není k dispozici,"SEAT: s, SEC: ROW, SEAT: PRICE",není k dispozici,"Is She Really Going Out With Him? / It's Different for Girls, The Man Who Wrote Danny Boy, I'm the Man, Steppin' Out",4,https://www.setlist.fm/setlist/joe-jackson/1994/the-warfield-san-francisco-ca-53fce369.html,kk-gs-joe-jackson-1994-12-12.jpg,tickets
TICKET_0595,konzert-joe-jackson-1994.html,NIGHT MUSIC Tour,14th December 1994,"14th December 1994 - Los Angeles, CA, U.S.A. - The Wiltern Theatre",anonymous,kk-joe-jackson-1994-12-14.jpg,není k dispozici,není k dispozici,není k dispozici,není k dispozici,není k dispozici,0,https://www.setlist.fm/setlist/joe-jackson/1994/wiltern-theatre-los-angeles-ca-33eb0c9d.html,kk-joe-jackson-1994-12-14.jpg,tickets
TICKET_0597,konzert-joe-jackson-1982.html,NIGHT AND DAY Tour,29th June 1982,"29th June 1982 - London, U.K. - Dominion Theatre","Gert Schaumlöffel, Germany",kk-joe-jackson-1982-06-29.jpg,7.30,není k dispozici,není k dispozici,není k dispozici,"One to One, On Your Radio, Sunday Papers, Cancer, Is She Really Going Out With Him?, Real Men, Breaking Us in Two, It's Different for Girls, Tuxedo Junction, The Motown Medley",10,https://www.setlist.fm/setlist/joe-jackson/1982/dominion-theatre-london-U.K.-3cf515b.html,kk-joe-jackson-1982-06-29.jpg,tickets
TICKET_0598,konzert-joe-jackson-1982.html,NIGHT AND DAY Tour,17th July 1982,"17th July 1982 - Saint-Pabu, France - Elixir Festival","Hervé Lenoach, France",kk-jj-hl-1.jpg,není k dispozici,není k dispozici,není k dispozici,není k dispozici,"On Your Radio, Sunday Papers, Look Sharp!, Real Men, Is She Really Going Out With Him?, Breaking Us in Two, Target, T.V. Age, It's Different for Girls, Tuxedo Junction, Steppin' Out, Friday, One More Time, A Slow Song, I'm the Man, Uptight (Everything's Alright), The Tears of a Clown, I'm Gonna Make You Love Me, How Sweet It Is (To Be Loved by You), Heat Wave",20,https://www.setlist.fm/setlist/joe-jackson/1982/site-du-festival-saint-pabu-france-53fa134d.html,kk-jj-hl-1.jpg,tickets
TICKET_0599,konzert-joe-jackson-1982.html,NIGHT AND DAY Tour,25th July 1982,"25th July 1982 - Leeds, U.K. Roundhay Park Arena Support for the Rolling Stones","Gert Schaumlöffel, Germany",kk-joe-jackson-1982-07-25.jpg,není k dispozici,není k dispozici,"Sec: ROW, SEAT: GEN",SPECIAL GUEST,"Look Sharp!, Target, T.V. Age, It's Different for Girls, Is She Really Going Out With Him?, Another World, Breaking Us in Two, Steppin' Out",8,https://www.setlist.fm/setlist/joe-jackson/1982/roundhay-park-leeds-U.K.-33df0851.html,kk-joe-jackson-1982-07-25.jpg,tickets
TICKET_0600,konzert-joe-jackson-1982.html,NIGHT AND DAY Tour,8th August 1982,"8th August 1982 Glasgow, Scotland - Pavilion Theatre","Gert Schaumlöffel, Germany",kk-joe-jackson-1982-08-08.jpg,7.30,není k dispozici,není k dispozici,není k dispozici,"One to One, On Your Radio, Sunday Papers, Look Sharp!, Cancer, Real Men, Is She Really Going Out With Him?, Friday, Breaking Us in Two, Fools in Love, Another World, Target, T.V. Age, It's Different for Girls, Steppin' Out, Beat Crazy, One More Time, A Slow Song",18,https://www.setlist.fm/setlist/joe-jackson/1982/pavilion-theatre-glasgow-scotland-bcf514a.html,kk-joe-jackson-1982-08-08.jpg,tickets
TICKET_0601,konzert-joe-jackson-1982.html,NIGHT AND DAY Tour,12th August 1982,"Southampton, U.K. - Gaumont Theatre 12th August 1982","Martin Ayling, U.K.",kk-joe-jackson-1982-08-12.jpg,8.15,není k dispozici,není k dispozici,není k dispozici,není k dispozici,0,https://www.setlist.fm/setlist/joe-jackson/1982/gaumont-theatre-southampton-U.K.-bcf5142.html,kk-joe-jackson-1982-08-12.jpg,tickets
TICKET_0602,konzert-joe-jackson-1982.html,NIGHT AND DAY Tour,13th August 1982,"Brighton, U.K. - The Dome 13th August 1982","Gert Schaumlöffel, Germany",kk-joe-jackson-1982-08-13.jpg,7.30,není k dispozici,není k dispozici,není k dispozici,není k dispozici,0,https://www.setlist.fm/setlist/joe-jackson/1982/brighton-dome-brighton-U.K.-bcf5146.html,kk-joe-jackson-1982-08-13.jpg,tickets
TICKET_0603,konzert-joe-jackson-1982.html,NIGHT AND DAY Tour,15th August 1982,"15th August 1982 - London, U.K. - Hammersmith Odeon - Front - Back","Gert Schaumlöffel, Germany","kk-joe-jackson-1982-08-15-1.jpg, kk-joe-jackson-1982-08-15-2.jpg",není k dispozici,není k dispozici,seat: ing,není k dispozici,"Look Sharp!, Cancer, Real Men, Friday, Breaking Us in Two, Fools in Love, Chinatown, Target, T.V. Age, It's Different for Girls, Tuxedo Junction, Steppin' Out",12,https://www.setlist.fm/setlist/joe-jackson/1982/hammersmith-odeon-london-U.K.-1bcf5144.html,"kk-joe-jackson-1982-08-15-1.jpg, kk-joe-jackson-1982-08-15-2.jpg",tickets
TICKET_0604,konzert-joe-jackson-1982.html,NIGHT AND DAY Tour,28th August 1982,"28th August 1982 - New York, NY, U.S.A. - Pier 84","Gert Schaumlöffel, Germany",kk-joe-jackson-1982-08-28.jpg,322.00,není k dispozici,není k dispozici,není k dispozici,"On Your Radio, Another World, Sunday Papers, Look Sharp!, Cancer, Real Men, Is She Really Going Out With Him?, Target, T.V. Age, Tuxedo Junction, Steppin' Out, Beat Crazy, One More Time, A Slow Song, Friday, I'm the Man",16,https://www.setlist.fm/setlist/joe-jackson/1982/pier-84-new-york-ny-53f2f745.html,kk-joe-jackson-1982-08-28.jpg,tickets
TICKET_0605,konzert-joe-jackson-1982.html,NIGHT AND DAY Tour,31th August 1982,"31th August 1982 - Columbia, MD, U.S.A. - Merriweather Post Pavilion","Gert Schaumlöffel, Germany",kk-joe-jackson-1982-08-31.jpg,není k dispozici,není k dispozici,není k dispozici,není k dispozici,není k dispozici,0,https://www.setlist.fm/setlist/joe-jackson/1982/merriweather-post-pavilion-columbia-md-2b8ea0fe.html,kk-joe-jackson-1982-08-31.jpg,tickets
TICKET_0606,konzert-joe-jackson-1982.html,NIGHT AND DAY Tour,6th September 1982,"6th September 1982 - Berkeley, CA, U.S.A. - Greek Theatere","Gert Schaumlöffel, Germany",kk-joe-jackson-1982-09-06.jpg,není k dispozici,není k dispozici,není k dispozici,není k dispozici,"On Your Radio, Another World, Sunday Papers, Look Sharp!, Real Men, Is She Really Going Out With Him?, Breaking Us in Two, Target, T.V. Age, Tuxedo Junction, Steppin' Out, Beat Crazy, One More Time, Friday, A Slow Song, I'm the Man, Uptight (Everything's Alright) / The Tears of a Clown / I'm Gonna Make You Love Me / How Sweet It Is (To Be Loved by You) / Heat Wave",17,https://www.setlist.fm/setlist/joe-jackson/1982/greek-theatre-los-angeles-ca-238048ab.html,kk-joe-jackson-1982-09-06.jpg,tickets
TICKET_0607,konzert-joe-jackson-1982.html,NIGHT AND DAY Tour,9th September 1982,"9th September 1982 - Concord, CA, U.S.A. - Concord Pavilion","Gert Schaumlöffel, Germany",kk-joe-jackson-1982-09-09.jpg,není k dispozici,není k dispozici,ROW: SEAT,není k dispozici,není k dispozici,0,https://www.setlist.fm/setlist/joe-jackson/1982/concord-pavilion-concord-ca-7b8e9638.html,kk-joe-jackson-1982-09-09.jpg,tickets
TICKET_0608,konzert-joe-jackson-1982.html,NIGHT AND DAY Tour,11th September 1982,"11th September 1982 - Seattle WA, U.S.A. - The Paramount","Björn Krüger, Germany",kk-joe-jackson-1982-09-11.jpg,není k dispozici,není k dispozici,není k dispozici,není k dispozici,"On Your Radio, Another World, Sunday Papers, Look Sharp!, Cancer, Real Men, Is She Really Going Out With Him?, Friday, Breaking Us in Two, Fools in Love, Chinatown, Target, T.V. Age, It's Different for Girls, Tuxedo Junction, Steppin' Out, Beat Crazy, One More Time, A Slow Song, Uptight / Tears of a Clown / I'm Gonna Make You Love Me / How Sweet It Is (To Be Loved By You) / Heatwave, I'm the Man",21,https://www.setlist.fm/setlist/joe-jackson/1982/paramount-theatre-portland-or-1bd3c1e4.html,kk-joe-jackson-1982-09-11.jpg,tickets
TICKET_0609,konzert-joe-jackson-1982.html,NIGHT AND DAY Tour,13th September 1982,"13th September 1982 - Vancouver, Canada - Queen Elizabeth Theatre","Doug Collett, Canada",kk-joe-jackson-1982-09-13.jpg,12.00,není k dispozici,není k dispozici,není k dispozici,není k dispozici,0,https://www.setlist.fm/setlist/joe-jackson/1982/queen-elizabeth-theatre-vancouver-bc-canada-6b8e9632.html,kk-joe-jackson-1982-09-13.jpg,tickets
TICKET_0610,konzert-joe-jackson-1982.html,NIGHT AND DAY Tour,24th September 1982,"24th September 1982 - Chicago, IL, U.S.A. - Aragon Ballroom","Gert Schaumlöffel, Germany",kk-joe-jackson-1982-09-24.jpg,není k dispozici,není k dispozici,není k dispozici,není k dispozici,Another World,1,https://www.setlist.fm/setlist/joe-jackson/1982/aragon-ballroom-chicago-il-33c2507d.html,kk-joe-jackson-1982-09-24.jpg,tickets
TICKET_0611,konzert-joe-jackson-1982.html,NIGHT AND DAY Tour,1st October 1982,"1st October 1982 - Ann Arbor, MI, U.S.A. - Hill Auditorium","Gert Schaumlöffel, Germany",kk-joe-jackson-1982-10-01.jpg,není k dispozici,není k dispozici,Row: 896,není k dispozici,není k dispozici,0,https://www.setlist.fm/setlist/joe-jackson/1982/hill-auditorium-ann-arbor-mi-73d7ba91.html,kk-joe-jackson-1982-10-01.jpg,tickets
TICKET_0612_a,konzert-joe-jackson-1982.html,NIGHT AND DAY Tour,9th October 1982,"9th October 1982 - Toronto, Canada - Exhibition Stadium - Support for THE WHO","Gert Schaumlöffel, Germany",kk-joe-jackson-1982-10-09.jpg,20.00,není k dispozici,"sec: adm, row: A, seat: seclbox, seat: taxincluded",není k dispozici,"One More Time, Sunday Papers, Look Sharp!, Fools in Love, On Your Radio, Is She Really Going Out With Him?, Beat Crazy, Tuxedo Junction, Friday, I'm the Man, It's Different for Girls, Another World, T.V. Age, Target, Steppin' Out, Cancer, Breaking Us in Two, Real Men, A Slow Song, Uptight / Tears of a Clown / I'm Gonna Make You Love Me / How Sweet It Is (To Be Loved By You) / Heatwave",20,https://www.setlist.fm/setlist/joe-jackson/1982/theatre-st-denis-montreal-qc-canada-3b99347c.html,kk-joe-jackson-1982-10-09.jpg,tickets
TICKET_0612_b,konzert-joe-jackson-1982.html,NIGHT AND DAY Tour,9th October 1982,"9th October 1982 - Toronto, Canada - Exhibition Stadium - Support for THE WHO","Gert Schaumlöffel, Germany",kk-joe-jackson-1982-10-09-2.jpg,20.00,není k dispozici,"sec: adm, row: A, seat: seclbox, seat: taxincluded",není k dispozici,"One More Time, Sunday Papers, Look Sharp!, Fools in Love, On Your Radio, Is She Really Going Out With Him?, Beat Crazy, Tuxedo Junction, Friday, I'm the Man, It's Different for Girls, Another World, T.V. Age, Target, Steppin' Out, Cancer, Breaking Us in Two, Real Men, A Slow Song, Uptight / Tears of a Clown / I'm Gonna Make You Love Me / How Sweet It Is (To Be Loved By You) / Heatwave",20,https://www.setlist.fm/setlist/joe-jackson/1982/theatre-st-denis-montreal-qc-canada-3b99347c.html,kk-joe-jackson-1982-10-09-2.jpg,tickets
TICKET_0613,konzert-joe-jackson-1982.html,NIGHT AND DAY Tour,15th October 1982,"15th October 1982 - Syracuse, NY, U.S.A. - Landmark Theatre","Gert Schaumlöffel, Germany",kk-joe-jackson-1982-10-15.jpg,není k dispozici,není k dispozici,není k dispozici,není k dispozici,"On Your Radio, Another World, Sunday Papers, Look Sharp!, Fools in Love, Real Men, Is She Really Going Out With Him?, One More Time, Breaking Us in Two, It's Different for Girls, Cancer, Target, T.V. Age, Tuxedo Junction, Steppin' Out, Beat Crazy, Friday, A Slow Song, Uptight (Everything's Alright), The Tears of a Clown, I'm Gonna Make You Love Me, How Sweet It Is (To Be Loved by You), Heat Wave, Uptight (Everything's Alright), I'm the Man",25,https://www.setlist.fm/setlist/joe-jackson/1982/landmark-theatre-syracuse-ny-13fb3569.html,kk-joe-jackson-1982-10-15.jpg,tickets
TICKET_0614,konzert-joe-jackson-1982.html,NIGHT AND DAY Tour,23th October 1982,"23th October 1982 Millersville, PA, U.S.A. - Pucillo Gym","Gert Schaumlöffel, Germany",kk-joe-jackson-1982-10-23.jpg,není k dispozici,není k dispozici,"SEC: ROW, SEAT: 1091",není k dispozici,není k dispozici,0,https://www.setlist.fm/setlist/joe-jackson/1982/millersville-state-college-millersville-pa-638e962b.html,kk-joe-jackson-1982-10-23.jpg,tickets
TICKET_0615,konzert-joe-jackson-1982.html,NIGHT AND DAY Tour,1st November 1982,"1st November 1982, Boulder, CO, U.S.A. - Macky Auditorium","Gert Schaumlöffel, Germany",kk-joe-jackson-1982-11-01.jpg,není k dispozici,není k dispozici,"SEC: ADMISSIOV, ROW: PRICE, SEAT: SEC, ROW: SEAT",není k dispozici,není k dispozici,0,není k dispozici,kk-joe-jackson-1982-11-01.jpg,tickets
TICKET_0616,konzert-joe-jackson-1982.html,NIGHT AND DAY Tour,6th November 1982,"6th November 1982, Berkeley, CA, U.S.A. - Community Theatre","Gert Schaumlöffel, Germany",kk-joe-jackson-1982-11-06.jpg,10.50,není k dispozici,není k dispozici,není k dispozici,"Another World, Sunday Papers, Look Sharp!, Fools in Love, Real Men, Cha Cha Loco, Is She Really Going Out With Him?, On Your Radio, Night & Day, Breaking Us in Two, It's Different for Girls, Cancer, Target, T.V. Age, Tuxedo Junction, Steppin' Out, Beat Crazy, One More Time, A Slow Song, Uptight (Everything's Alright), The Tears of a Clown, I'm Gonna Make You Love Me, How Sweet It Is (To Be Loved by You), Heat Wave, I'm the Man",25,https://www.setlist.fm/setlist/joe-jackson/1982/berkeley-community-theatre-berkeley-ca-2bdf600a.html,kk-joe-jackson-1982-11-06.jpg,tickets
TICKET_0617,konzert-joe-jackson-1982.html,NIGHT AND DAY Tour,12th November 1982,"12th November 1982 - Tempe, AZ, U.S.A. - Gammage Center","Gert Schaumlöffel, Germany",kk-joe-jackson-1982-11-12.jpg,12.19,není k dispozici,"SEC: ROW, SEAT: TAX",není k dispozici,není k dispozici,0,https://www.setlist.fm/setlist/joe-jackson/1982/gammage-auditorium-tempe-az-b93115e.html,kk-joe-jackson-1982-11-12.jpg,tickets
TICKET_0618,konzert-joe-jackson-1982.html,NIGHT AND DAY Tour,16th November 1982,"16th November 1982 - Austin, TX, U.S.A. - Austin Coliseum","Gert Schaumlöffel, Germany",kk-joe-jackson-1982-11-16.jpg,8.00,není k dispozici,není k dispozici,není k dispozici,není k dispozici,0,https://www.setlist.fm/setlist/joe-jackson/1982/city-coliseum-austin-tx-1b991198.html,kk-joe-jackson-1982-11-16.jpg,tickets
TICKET_0619,konzert-joe-jackson-1982.html,NIGHT AND DAY Tour,3rd December 1982,"3rd December 1982 - Washington, DC, U.S.A. - Warner Theatre","Gert Schaumlöffel, Germany",kk-joe-jackson-1982-12-03.jpg,není k dispozici,není k dispozici,není k dispozici,není k dispozici,"On Your Radio, Another World, Sunday Papers, Look Sharp!, Fools in Love, Real Men, Is She Really Going Out With Him?, One More Time, Breaking Us in Two, It's Different for Girls, Cancer, Target, T.V. Age, Tuxedo Junction, Steppin' Out, Beat Crazy",16,https://www.setlist.fm/setlist/joe-jackson/1982/warner-theatre-washington-dc-5bb7e3ac.html,kk-joe-jackson-1982-12-03.jpg,tickets
TICKET_0620,konzert-joe-jackson-1982.html,NIGHT AND DAY Tour,9th December 1982,"9th December 1982 - Boston, MA, U.S.A. - Orpheum Theatre","cr8ed, U.S.A.",kk-joe-jackson-1982-12-09.jpg,není k dispozici,není k dispozici,není k dispozici,není k dispozici,"On Your Radio, Another World, Sunday Papers, Look Sharp!, Fools in Love, Real Men, Is She Really Going Out With Him?, One More Time, Breaking Us in Two, It's Different for Girls, Cancer, Target, T.V. Age, Tuxedo Junction, Steppin' Out, Beat Crazy, Got the Time, A Slow Song, Motown Medley:, I'm the Man",20,https://www.setlist.fm/setlist/joe-jackson/1982/orpheum-theatre-boston-ma-53e143b9.html,kk-joe-jackson-1982-12-09.jpg,tickets
TICKET_0621,konzert-joe-jackson-1982.html,NIGHT AND DAY Tour,12th December 1982,"12th December 1982 - East Rutherford, NJ, U.S.A. - Brendan Byrne Arena","Gert Schaumlöffel, Germany",kk-joe-jackson-1982-12-12.jpg,není k dispozici,není k dispozici,není k dispozici,není k dispozici,"On Your Radio, Another World, Sunday Papers, Look Sharp!, Fools in Love, Real Men, Is She Really Going Out With Him?, One More Time, Breaking Us in Two, It's Different for Girls, Cancer, Target, T.V. Age, Tuxedo Junction, Steppin' Out, Beat Crazy, Got the Time, A Slow Song, Uptight / Tears of a Clown / I'm Gonna Make You Love Me / How Sweet It Is (To Be Loved By You) / Heatwave, I'm the Man",20,https://www.setlist.fm/setlist/joe-jackson/1982/brendan-byrne-arena-east-rutherford-nj-73df0af5.html,kk-joe-jackson-1982-12-12.jpg,tickets
TICKET_0622_a,konzert-joe-jackson-1982.html,NIGHT AND DAY Tour,1982,1982 - Tourpass,"Gert Schaumlöffel, Germany",kk-joe-jackson-1982-10-16-pass.jpg,není k dispozici,není k dispozici,není k dispozici,není k dispozici,není k dispozici,0,není k dispozici,kk-joe-jackson-1982-10-16-pass.jpg,passes
TICKET_0622_b,konzert-joe-jackson-1982.html,NIGHT AND DAY Tour,1982,1982 - Tourpass,"Gert Schaumlöffel, Germany",kk-joe-jackson-1982-12-12-pass.jpg,není k dispozici,není k dispozici,není k dispozici,není k dispozici,není k dispozici,0,není k dispozici,kk-joe-jackson-1982-12-12-pass.jpg,passes
TSHIRT_0001,ebay,BIG WORLD Tour,1986,1986 - T-shirt,ebay,"JJ-T-BW-1986_a.webp, JJ-T-BW-1986_b.webp, JJ-T-BW-1986_c.webp",není k dispozici,není k dispozici,není k dispozici,není k dispozici,není k dispozici,0,není k dispozici,"JJ-T-BW-1986_a.webp, JJ-T-BW-1986_b.webp, JJ-T-BW-1986_c.webp",t-shirts